2026-08-21T05:34:31.225Z DEBUG RegistrationParameters: port=28196
2026-08-21T05:34:31.226Z DEBUG RegistrationParameters: pluginUUID=5f5777be0f32d56fc7917a7841b31e37
2026-08-21T05:34:31.226Z DEBUG RegistrationParameters: registerEvent=registerPlugin
2026-08-21T05:34:31.226Z DEBUG RegistrationParameters: info={"application":{"font":"Segoe UI","language":"en","platform":"windows","platformVersion":"10.0.26200","version":"7.5.1.22901"},"colors":{"buttonMouseOverBackgroundColor":"#464646FF","buttonPressedBackgroundColor":"#303030FF","buttonPressedBorderColor":"#646464FF","buttonPressedTextColor":"#969696FF","highlightColor":"#0078FFFF"},"devicePixelRatio":2,"devices":[{"id":"7ae7bef350ffc4822837a57722daeaf4","name":"Stream Deck 2","size":{"columns":5,"rows":3},"type":0},{"id":"812b91a5ea91c62276f6e5c7321a879e","name":"Stream Deck +","size":{"columns":4,"rows":2},"type":7},{"id":"8f6b710af0272c2a9f3bccf4004e44bc","name":"Stream Deck 64","size":{"columns":5,"rows":3},"type":0}],"plugin":{"uuid":"de.shells.totalmix","version":"4.0.7.0"}}
2026-08-21T05:34:32.219Z INFO  Listening for TotalMix on udp/9001, sending to 127.0.0.1:7001
2026-08-21T05:34:32.221Z DEBUG OSC out: /2/mute = 0
2026-08-21T05:34:32.221Z DEBUG OSC out: /1/globalMute = 0
2026-08-21T05:34:34.235Z DEBUG OSC out: /2/mute = 0
2026-08-21T05:34:34.235Z DEBUG OSC out: /1/globalMute = 0
2026-08-21T05:34:36.234Z DEBUG OSC out: /2/mute = 0
2026-08-21T05:34:36.235Z DEBUG OSC out: /1/globalMute = 0
2026-08-21T05:34:38.249Z DEBUG OSC out: /2/mute = 0
2026-08-21T05:34:38.250Z DEBUG OSC out: /1/globalMute = 0
2026-08-21T05:34:40.263Z DEBUG OSC out: /2/mute = 0
2026-08-21T05:34:40.263Z DEBUG OSC out: /1/globalMute = 0
2026-08-21T05:34:42.275Z DEBUG OSC out: /2/mute = 0
2026-08-21T05:34:42.275Z DEBUG OSC out: /1/globalMute = 0
2026-08-21T05:34:44.032Z INFO  PI -> plugin: {"event":"getStrips"}
2026-08-21T05:34:44.289Z DEBUG OSC out: /2/mute = 0
2026-08-21T05:34:44.289Z DEBUG OSC out: /1/globalMute = 0
2026-08-21T05:34:44.290Z INFO  Datasource reply: 24 strips, 0 with names
2026-08-21T05:34:46.292Z DEBUG OSC out: /2/mute = 0
2026-08-21T05:34:46.292Z DEBUG OSC out: /1/globalMute = 0
2026-08-21T05:34:47.130Z WARN  Ignoring dial move on /1/mastervolume: no data for its view yet
2026-08-21T05:34:47.130Z DEBUG OSC out: /2/mute = 0
2026-08-21T05:34:47.130Z DEBUG OSC out: /1/globalMute = 0
2026-08-21T05:34:47.314Z WARN  Ignoring dial move on /1/mastervolume: no data for its view yet
2026-08-21T05:34:47.314Z DEBUG OSC out: /2/mute = 0
2026-08-21T05:34:47.314Z DEBUG OSC out: /1/globalMute = 0
2026-08-21T05:34:47.570Z WARN  Ignoring dial move on /1/mastervolume: no data for its view yet
2026-08-21T05:34:47.570Z DEBUG OSC out: /2/mute = 0
2026-08-21T05:34:47.570Z DEBUG OSC out: /1/globalMute = 0
2026-08-21T05:34:47.633Z WARN  Ignoring dial move on /1/mastervolume: no data for its view yet
2026-08-21T05:34:47.633Z DEBUG OSC out: /2/mute = 0
2026-08-21T05:34:47.633Z DEBUG OSC out: /1/globalMute = 0
2026-08-21T05:34:47.824Z WARN  Ignoring dial move on /1/mastervolume: no data for its view yet
2026-08-21T05:34:47.825Z DEBUG OSC out: /2/mute = 0
2026-08-21T05:34:47.825Z DEBUG OSC out: /1/globalMute = 0
2026-08-21T05:34:47.888Z WARN  Ignoring dial move on /1/mastervolume: no data for its view yet
2026-08-21T05:34:47.888Z DEBUG OSC out: /2/mute = 0
2026-08-21T05:34:47.888Z DEBUG OSC out: /1/globalMute = 0
2026-08-21T05:34:48.017Z WARN  Ignoring dial move on /1/mastervolume: no data for its view yet
2026-08-21T05:34:48.017Z DEBUG OSC out: /2/mute = 0
2026-08-21T05:34:48.017Z DEBUG OSC out: /1/globalMute = 0
2026-08-21T05:34:48.302Z DEBUG OSC out: /2/mute = 0
2026-08-21T05:34:48.302Z DEBUG OSC out: /1/globalMute = 0
2026-08-21T05:34:48.588Z WARN  Ignoring dial move on /1/mastervolume: no data for its view yet
2026-08-21T05:34:48.588Z DEBUG OSC out: /2/mute = 0
2026-08-21T05:34:48.588Z DEBUG OSC out: /1/globalMute = 0
2026-08-21T05:34:50.312Z DEBUG OSC out: /2/mute = 0
2026-08-21T05:34:50.313Z DEBUG OSC out: /1/globalMute = 0
2026-08-21T05:34:52.324Z DEBUG OSC out: /2/mute = 0
2026-08-21T05:34:52.325Z DEBUG OSC out: /1/globalMute = 0
2026-08-21T05:34:54.338Z DEBUG OSC out: /2/mute = 0
2026-08-21T05:34:54.339Z DEBUG OSC out: /1/globalMute = 0
2026-08-21T05:34:55.165Z INFO  First inbound OSC: 19 message(s). Sample: /1, /1/labelS1, /1/labelS2, /1/labelS3, /1/labelS4, /1/labelS5, /1/labelS6, /1/labelS7
2026-08-21T05:34:55.289Z DEBUG OSC out: /1/busPlayback = 1
2026-08-21T05:34:55.702Z DEBUG OSC out: /1/busInput = 1
2026-08-21T05:35:06.407Z WARN  No OSC from TotalMix for 5s — re-requesting page 1.
2026-08-21T05:35:06.407Z DEBUG OSC out: /2/mute = 0
2026-08-21T05:35:06.407Z DEBUG OSC out: /1/globalMute = 0
2026-08-21T05:35:08.421Z DEBUG OSC out: /2/mute = 0
2026-08-21T05:35:08.422Z DEBUG OSC out: /1/globalMute = 0
2026-08-21T05:35:10.435Z DEBUG OSC out: /2/mute = 0
2026-08-21T05:35:10.435Z DEBUG OSC out: /1/globalMute = 0
2026-08-21T05:35:12.447Z DEBUG OSC out: /2/mute = 0
2026-08-21T05:35:12.447Z DEBUG OSC out: /1/globalMute = 0
2026-08-21T05:35:14.456Z DEBUG OSC out: /2/mute = 0
2026-08-21T05:35:14.457Z DEBUG OSC out: /1/globalMute = 0
2026-08-21T05:35:16.465Z DEBUG OSC out: /2/mute = 0
2026-08-21T05:35:16.465Z DEBUG OSC out: /1/globalMute = 0
2026-08-21T05:35:18.467Z DEBUG OSC out: /2/mute = 0
2026-08-21T05:35:18.468Z DEBUG OSC out: /1/globalMute = 0
2026-08-21T05:35:20.477Z DEBUG OSC out: /2/mute = 0
2026-08-21T05:35:20.478Z DEBUG OSC out: /1/globalMute = 0
2026-08-21T05:35:22.490Z DEBUG OSC out: /2/mute = 0
2026-08-21T05:35:22.490Z DEBUG OSC out: /1/globalMute = 0
2026-08-21T05:35:24.499Z DEBUG OSC out: /2/mute = 0
2026-08-21T05:35:24.500Z DEBUG OSC out: /1/globalMute = 0
2026-08-21T05:35:26.503Z DEBUG OSC out: /2/mute = 0
2026-08-21T05:35:26.504Z DEBUG OSC out: /1/globalMute = 0
2026-08-21T05:35:28.512Z DEBUG OSC out: /2/mute = 0
2026-08-21T05:35:28.512Z DEBUG OSC out: /1/globalMute = 0
2026-08-21T05:35:30.516Z DEBUG OSC out: /2/mute = 0
2026-08-21T05:35:30.516Z DEBUG OSC out: /1/globalMute = 0
2026-08-21T05:35:32.525Z DEBUG OSC out: /2/mute = 0
2026-08-21T05:35:32.525Z DEBUG OSC out: /1/globalMute = 0
2026-08-21T05:35:34.535Z DEBUG OSC out: /2/mute = 0
2026-08-21T05:35:34.535Z DEBUG OSC out: /1/globalMute = 0
2026-08-21T05:35:36.550Z DEBUG OSC out: /2/mute = 0
2026-08-21T05:35:36.550Z DEBUG OSC out: /1/globalMute = 0
2026-08-21T05:35:38.553Z DEBUG OSC out: /2/mute = 0
2026-08-21T05:35:38.553Z DEBUG OSC out: /1/globalMute = 0
2026-08-21T05:35:40.564Z DEBUG OSC out: /2/mute = 0
2026-08-21T05:35:40.564Z DEBUG OSC out: /1/globalMute = 0
2026-08-21T05:35:42.572Z DEBUG OSC out: /2/mute = 0
2026-08-21T05:35:42.572Z DEBUG OSC out: /1/globalMute = 0
2026-08-21T05:35:44.582Z DEBUG OSC out: /2/mute = 0
2026-08-21T05:35:44.583Z DEBUG OSC out: /1/globalMute = 0
2026-08-21T05:35:46.592Z DEBUG OSC out: /2/mute = 0
2026-08-21T05:35:46.592Z DEBUG OSC out: /1/globalMute = 0
2026-08-21T05:35:48.597Z DEBUG OSC out: /2/mute = 0
2026-08-21T05:35:48.598Z DEBUG OSC out: /1/globalMute = 0
2026-08-21T05:35:50.609Z DEBUG OSC out: /2/mute = 0
2026-08-21T05:35:50.609Z DEBUG OSC out: /1/globalMute = 0
2026-08-21T05:35:52.611Z DEBUG OSC out: /2/mute = 0
2026-08-21T05:35:52.612Z DEBUG OSC out: /1/globalMute = 0
2026-08-21T05:35:54.621Z DEBUG OSC out: /2/mute = 0
2026-08-21T05:35:54.622Z DEBUG OSC out: /1/globalMute = 0
2026-08-21T05:35:56.629Z DEBUG OSC out: /2/mute = 0
2026-08-21T05:35:56.629Z DEBUG OSC out: /1/globalMute = 0
2026-08-21T05:35:58.638Z DEBUG OSC out: /2/mute = 0
2026-08-21T05:35:58.638Z DEBUG OSC out: /1/globalMute = 0
2026-08-21T05:36:00.649Z DEBUG OSC out: /2/mute = 0
2026-08-21T05:36:00.649Z DEBUG OSC out: /1/globalMute = 0
2026-08-21T05:36:02.653Z DEBUG OSC out: /2/mute = 0
2026-08-21T05:36:02.654Z DEBUG OSC out: /1/globalMute = 0
2026-08-21T05:36:04.663Z DEBUG OSC out: /2/mute = 0
2026-08-21T05:36:04.663Z DEBUG OSC out: /1/globalMute = 0
2026-08-21T05:36:06.674Z DEBUG OSC out: /2/mute = 0
2026-08-21T05:36:06.675Z DEBUG OSC out: /1/globalMute = 0
2026-08-21T05:36:08.683Z DEBUG OSC out: /2/mute = 0
2026-08-21T05:36:08.684Z DEBUG OSC out: /1/globalMute = 0
2026-08-21T05:36:10.695Z DEBUG OSC out: /2/mute = 0
2026-08-21T05:36:10.695Z DEBUG OSC out: /1/globalMute = 0
2026-08-21T05:36:12.709Z DEBUG OSC out: /2/mute = 0
2026-08-21T05:36:12.710Z DEBUG OSC out: /1/globalMute = 0
2026-08-21T05:36:14.719Z DEBUG OSC out: /2/mute = 0
2026-08-21T05:36:14.719Z DEBUG OSC out: /1/globalMute = 0
2026-08-21T05:36:16.726Z DEBUG OSC out: /2/mute = 0
2026-08-21T05:36:16.727Z DEBUG OSC out: /1/globalMute = 0
2026-08-21T05:36:18.741Z DEBUG OSC out: /2/mute = 0
2026-08-21T05:36:18.742Z DEBUG OSC out: /1/globalMute = 0
2026-08-21T05:36:20.751Z DEBUG OSC out: /2/mute = 0
2026-08-21T05:36:20.751Z DEBUG OSC out: /1/globalMute = 0
2026-08-21T05:36:22.761Z DEBUG OSC out: /2/mute = 0
2026-08-21T05:36:22.761Z DEBUG OSC out: /1/globalMute = 0
2026-08-21T05:36:24.765Z DEBUG OSC out: /2/mute = 0
2026-08-21T05:36:24.766Z DEBUG OSC out: /1/globalMute = 0
2026-08-21T05:36:26.774Z DEBUG OSC out: /2/mute = 0
2026-08-21T05:36:26.774Z DEBUG OSC out: /1/globalMute = 0
2026-08-21T05:36:28.779Z DEBUG OSC out: /2/mute = 0
2026-08-21T05:36:28.779Z DEBUG OSC out: /1/globalMute = 0
2026-08-21T05:36:30.778Z DEBUG OSC out: /2/mute = 0
2026-08-21T05:36:30.779Z DEBUG OSC out: /1/globalMute = 0
2026-08-21T05:36:32.783Z DEBUG OSC out: /2/mute = 0
2026-08-21T05:36:32.784Z DEBUG OSC out: /1/globalMute = 0
2026-08-21T05:36:34.797Z DEBUG OSC out: /2/mute = 0
2026-08-21T05:36:34.798Z DEBUG OSC out: /1/globalMute = 0
2026-08-21T05:36:36.811Z DEBUG OSC out: /2/mute = 0
2026-08-21T05:36:36.812Z DEBUG OSC out: /1/globalMute = 0
2026-08-21T05:36:38.824Z DEBUG OSC out: /2/mute = 0
2026-08-21T05:36:38.825Z DEBUG OSC out: /1/globalMute = 0
2026-08-21T05:36:40.838Z DEBUG OSC out: /2/mute = 0
2026-08-21T05:36:40.838Z DEBUG OSC out: /1/globalMute = 0
2026-08-21T05:36:42.850Z DEBUG OSC out: /2/mute = 0
2026-08-21T05:36:42.851Z DEBUG OSC out: /1/globalMute = 0
2026-08-21T05:36:44.860Z DEBUG OSC out: /2/mute = 0
2026-08-21T05:36:44.861Z DEBUG OSC out: /1/globalMute = 0
2026-08-21T05:36:46.862Z DEBUG OSC out: /2/mute = 0
2026-08-21T05:36:46.862Z DEBUG OSC out: /1/globalMute = 0
2026-08-21T05:36:48.868Z DEBUG OSC out: /2/mute = 0
2026-08-21T05:36:48.869Z DEBUG OSC out: /1/globalMute = 0
2026-08-21T05:36:50.884Z DEBUG OSC out: /2/mute = 0
2026-08-21T05:36:50.884Z DEBUG OSC out: /1/globalMute = 0
2026-08-21T05:36:52.893Z DEBUG OSC out: /2/mute = 0
2026-08-21T05:36:52.894Z DEBUG OSC out: /1/globalMute = 0
2026-08-21T05:36:54.904Z DEBUG OSC out: /2/mute = 0
2026-08-21T05:36:54.905Z DEBUG OSC out: /1/globalMute = 0
2026-08-21T05:36:56.916Z DEBUG OSC out: /2/mute = 0
2026-08-21T05:36:56.916Z DEBUG OSC out: /1/globalMute = 0
2026-08-21T05:36:58.920Z DEBUG OSC out: /2/mute = 0
2026-08-21T05:36:58.920Z DEBUG OSC out: /1/globalMute = 0
2026-08-21T05:37:00.929Z DEBUG OSC out: /2/mute = 0
2026-08-21T05:37:00.929Z DEBUG OSC out: /1/globalMute = 0
2026-08-21T05:37:02.932Z DEBUG OSC out: /2/mute = 0
2026-08-21T05:37:02.932Z DEBUG OSC out: /1/globalMute = 0
2026-08-21T05:37:04.938Z DEBUG OSC out: /2/mute = 0
2026-08-21T05:37:04.938Z DEBUG OSC out: /1/globalMute = 0
2026-08-21T05:37:06.949Z DEBUG OSC out: /2/mute = 0
2026-08-21T05:37:06.950Z DEBUG OSC out: /1/globalMute = 0
2026-08-21T05:37:08.950Z DEBUG OSC out: /2/mute = 0
2026-08-21T05:37:08.951Z DEBUG OSC out: /1/globalMute = 0
2026-08-21T05:37:10.957Z DEBUG OSC out: /2/mute = 0
2026-08-21T05:37:10.957Z DEBUG OSC out: /1/globalMute = 0
2026-08-21T05:37:12.959Z DEBUG OSC out: /2/mute = 0
2026-08-21T05:37:12.959Z DEBUG OSC out: /1/globalMute = 0
2026-08-21T05:37:14.965Z DEBUG OSC out: /2/mute = 0
2026-08-21T05:37:14.966Z DEBUG OSC out: /1/globalMute = 0
2026-08-21T05:37:16.979Z DEBUG OSC out: /2/mute = 0
2026-08-21T05:37:16.979Z DEBUG OSC out: /1/globalMute = 0
2026-08-21T05:37:18.989Z DEBUG OSC out: /2/mute = 0
2026-08-21T05:37:18.990Z DEBUG OSC out: /1/globalMute = 0
2026-08-21T05:37:21.004Z DEBUG OSC out: /2/mute = 0
2026-08-21T05:37:21.004Z DEBUG OSC out: /1/globalMute = 0
2026-08-21T05:37:23.004Z DEBUG OSC out: /2/mute = 0
2026-08-21T05:37:23.004Z DEBUG OSC out: /1/globalMute = 0
2026-08-21T05:37:25.008Z DEBUG OSC out: /2/mute = 0
2026-08-21T05:37:25.008Z DEBUG OSC out: /1/globalMute = 0
2026-08-21T05:37:27.022Z DEBUG OSC out: /2/mute = 0
2026-08-21T05:37:27.022Z DEBUG OSC out: /1/globalMute = 0
2026-08-21T05:37:29.029Z DEBUG OSC out: /2/mute = 0
2026-08-21T05:37:29.029Z DEBUG OSC out: /1/globalMute = 0
2026-08-21T05:37:31.037Z DEBUG OSC out: /2/mute = 0
2026-08-21T05:37:31.038Z DEBUG OSC out: /1/globalMute = 0
2026-08-21T05:37:33.037Z DEBUG OSC out: /2/mute = 0
2026-08-21T05:37:33.037Z DEBUG OSC out: /1/globalMute = 0
2026-08-21T05:37:35.045Z DEBUG OSC out: /2/mute = 0
2026-08-21T05:37:35.046Z DEBUG OSC out: /1/globalMute = 0
2026-08-21T05:37:37.054Z DEBUG OSC out: /2/mute = 0
2026-08-21T05:37:37.054Z DEBUG OSC out: /1/globalMute = 0
2026-08-21T05:37:39.068Z DEBUG OSC out: /2/mute = 0
2026-08-21T05:37:39.068Z DEBUG OSC out: /1/globalMute = 0
2026-08-21T05:37:41.069Z DEBUG OSC out: /2/mute = 0
2026-08-21T05:37:41.069Z DEBUG OSC out: /1/globalMute = 0
2026-08-21T05:37:43.082Z DEBUG OSC out: /2/mute = 0
2026-08-21T05:37:43.082Z DEBUG OSC out: /1/globalMute = 0
2026-08-21T05:37:45.082Z DEBUG OSC out: /2/mute = 0
2026-08-21T05:37:45.083Z DEBUG OSC out: /1/globalMute = 0
2026-08-21T05:37:47.097Z DEBUG OSC out: /2/mute = 0
2026-08-21T05:37:47.097Z DEBUG OSC out: /1/globalMute = 0
2026-08-21T05:37:49.101Z DEBUG OSC out: /2/mute = 0
2026-08-21T05:37:49.102Z DEBUG OSC out: /1/globalMute = 0
2026-08-21T05:37:51.116Z DEBUG OSC out: /2/mute = 0
2026-08-21T05:37:51.117Z DEBUG OSC out: /1/globalMute = 0
2026-08-21T05:37:53.117Z DEBUG OSC out: /2/mute = 0
2026-08-21T05:37:53.117Z DEBUG OSC out: /1/globalMute = 0
2026-08-21T05:37:55.126Z DEBUG OSC out: /2/mute = 0
2026-08-21T05:37:55.126Z DEBUG OSC out: /1/globalMute = 0
2026-08-21T05:37:57.131Z DEBUG OSC out: /2/mute = 0
2026-08-21T05:37:57.131Z DEBUG OSC out: /1/globalMute = 0
2026-08-21T05:37:59.138Z DEBUG OSC out: /2/mute = 0
2026-08-21T05:37:59.138Z DEBUG OSC out: /1/globalMute = 0
2026-08-21T05:38:01.148Z DEBUG OSC out: /2/mute = 0
2026-08-21T05:38:01.149Z DEBUG OSC out: /1/globalMute = 0
2026-08-21T05:38:03.160Z DEBUG OSC out: /2/mute = 0
2026-08-21T05:38:03.160Z DEBUG OSC out: /1/globalMute = 0
2026-08-21T05:38:05.167Z DEBUG OSC out: /2/mute = 0
2026-08-21T05:38:05.168Z DEBUG OSC out: /1/globalMute = 0
2026-08-21T05:38:07.170Z DEBUG OSC out: /2/mute = 0
2026-08-21T05:38:07.170Z DEBUG OSC out: /1/globalMute = 0
2026-08-21T05:38:09.174Z DEBUG OSC out: /2/mute = 0
2026-08-21T05:38:09.175Z DEBUG OSC out: /1/globalMute = 0
2026-08-21T05:38:11.178Z DEBUG OSC out: /2/mute = 0
2026-08-21T05:38:11.179Z DEBUG OSC out: /1/globalMute = 0
2026-08-21T05:38:13.193Z DEBUG OSC out: /2/mute = 0
2026-08-21T05:38:13.193Z DEBUG OSC out: /1/globalMute = 0
2026-08-21T05:38:15.205Z DEBUG OSC out: /2/mute = 0
2026-08-21T05:38:15.205Z DEBUG OSC out: /1/globalMute = 0
2026-08-21T05:38:17.217Z DEBUG OSC out: /2/mute = 0
2026-08-21T05:38:17.217Z DEBUG OSC out: /1/globalMute = 0
2026-08-21T05:38:19.230Z DEBUG OSC out: /2/mute = 0
2026-08-21T05:38:19.230Z DEBUG OSC out: /1/globalMute = 0
2026-08-21T05:38:21.238Z DEBUG OSC out: /2/mute = 0
2026-08-21T05:38:21.238Z DEBUG OSC out: /1/globalMute = 0
2026-08-21T05:38:23.242Z DEBUG OSC out: /2/mute = 0
2026-08-21T05:38:23.243Z DEBUG OSC out: /1/globalMute = 0
2026-08-21T05:38:25.253Z DEBUG OSC out: /2/mute = 0
2026-08-21T05:38:25.254Z DEBUG OSC out: /1/globalMute = 0
2026-08-21T05:38:27.266Z DEBUG OSC out: /2/mute = 0
2026-08-21T05:38:27.266Z DEBUG OSC out: /1/globalMute = 0
2026-08-21T05:38:29.270Z DEBUG OSC out: /2/mute = 0
2026-08-21T05:38:29.270Z DEBUG OSC out: /1/globalMute = 0
2026-08-21T05:38:31.280Z DEBUG OSC out: /2/mute = 0
2026-08-21T05:38:31.280Z DEBUG OSC out: /1/globalMute = 0
2026-08-21T05:38:33.286Z DEBUG OSC out: /2/mute = 0
2026-08-21T05:38:33.286Z DEBUG OSC out: /1/globalMute = 0
2026-08-21T05:38:35.292Z DEBUG OSC out: /2/mute = 0
2026-08-21T05:38:35.293Z DEBUG OSC out: /1/globalMute = 0
2026-08-21T05:38:37.296Z DEBUG OSC out: /2/mute = 0
2026-08-21T05:38:37.296Z DEBUG OSC out: /1/globalMute = 0
2026-08-21T05:38:39.302Z DEBUG OSC out: /2/mute = 0
2026-08-21T05:38:39.303Z DEBUG OSC out: /1/globalMute = 0
2026-08-21T05:38:41.307Z DEBUG OSC out: /2/mute = 0
2026-08-21T05:38:41.307Z DEBUG OSC out: /1/globalMute = 0
2026-08-21T05:38:43.322Z DEBUG OSC out: /2/mute = 0
2026-08-21T05:38:43.322Z DEBUG OSC out: /1/globalMute = 0
2026-08-21T05:38:45.335Z DEBUG OSC out: /2/mute = 0
2026-08-21T05:38:45.335Z DEBUG OSC out: /1/globalMute = 0
2026-08-21T05:38:47.338Z DEBUG OSC out: /2/mute = 0
2026-08-21T05:38:47.338Z DEBUG OSC out: /1/globalMute = 0
2026-08-21T05:38:49.345Z DEBUG OSC out: /2/mute = 0
2026-08-21T05:38:49.345Z DEBUG OSC out: /1/globalMute = 0
2026-08-21T05:38:51.354Z DEBUG OSC out: /2/mute = 0
2026-08-21T05:38:51.354Z DEBUG OSC out: /1/globalMute = 0
2026-08-21T05:38:53.362Z DEBUG OSC out: /2/mute = 0
2026-08-21T05:38:53.362Z DEBUG OSC out: /1/globalMute = 0
2026-08-21T05:38:55.366Z DEBUG OSC out: /2/mute = 0
2026-08-21T05:38:55.367Z DEBUG OSC out: /1/globalMute = 0
2026-08-21T05:38:57.381Z DEBUG OSC out: /2/mute = 0
2026-08-21T05:38:57.381Z DEBUG OSC out: /1/globalMute = 0
2026-08-21T05:38:59.383Z DEBUG OSC out: /2/mute = 0
2026-08-21T05:38:59.384Z DEBUG OSC out: /1/globalMute = 0
2026-08-21T05:39:01.390Z DEBUG OSC out: /2/mute = 0
2026-08-21T05:39:01.390Z DEBUG OSC out: /1/globalMute = 0
2026-08-21T05:39:03.399Z DEBUG OSC out: /2/mute = 0
2026-08-21T05:39:03.400Z DEBUG OSC out: /1/globalMute = 0
2026-08-21T05:39:05.406Z DEBUG OSC out: /2/mute = 0
2026-08-21T05:39:05.406Z DEBUG OSC out: /1/globalMute = 0
2026-08-21T05:39:07.407Z DEBUG OSC out: /2/mute = 0
2026-08-21T05:39:07.407Z DEBUG OSC out: /1/globalMute = 0
2026-08-21T05:39:09.413Z DEBUG OSC out: /2/mute = 0
2026-08-21T05:39:09.413Z DEBUG OSC out: /1/globalMute = 0
2026-08-21T05:39:11.414Z DEBUG OSC out: /2/mute = 0
2026-08-21T05:39:11.414Z DEBUG OSC out: /1/globalMute = 0
2026-08-21T05:39:13.419Z DEBUG OSC out: /2/mute = 0
2026-08-21T05:39:13.419Z DEBUG OSC out: /1/globalMute = 0
2026-08-21T05:39:15.434Z DEBUG OSC out: /2/mute = 0
2026-08-21T05:39:15.434Z DEBUG OSC out: /1/globalMute = 0
2026-08-21T05:39:17.449Z DEBUG OSC out: /2/mute = 0
2026-08-21T05:39:17.450Z DEBUG OSC out: /1/globalMute = 0
2026-08-21T05:39:19.463Z DEBUG OSC out: /2/mute = 0
2026-08-21T05:39:19.464Z DEBUG OSC out: /1/globalMute = 0
2026-08-21T05:39:21.475Z DEBUG OSC out: /2/mute = 0
2026-08-21T05:39:21.476Z DEBUG OSC out: /1/globalMute = 0
2026-08-21T05:39:23.476Z DEBUG OSC out: /2/mute = 0
2026-08-21T05:39:23.476Z DEBUG OSC out: /1/globalMute = 0
2026-08-21T05:39:25.482Z DEBUG OSC out: /2/mute = 0
2026-08-21T05:39:25.482Z DEBUG OSC out: /1/globalMute = 0
2026-08-21T05:39:27.482Z DEBUG OSC out: /2/mute = 0
2026-08-21T05:39:27.482Z DEBUG OSC out: /1/globalMute = 0
2026-08-21T05:39:29.489Z DEBUG OSC out: /2/mute = 0
2026-08-21T05:39:29.489Z DEBUG OSC out: /1/globalMute = 0
2026-08-21T05:39:31.501Z DEBUG OSC out: /2/mute = 0
2026-08-21T05:39:31.501Z DEBUG OSC out: /1/globalMute = 0
2026-08-21T05:39:33.511Z DEBUG OSC out: /2/mute = 0
2026-08-21T05:39:33.512Z DEBUG OSC out: /1/globalMute = 0
2026-08-21T05:39:35.516Z DEBUG OSC out: /2/mute = 0
2026-08-21T05:39:35.516Z DEBUG OSC out: /1/globalMute = 0
2026-08-21T05:39:37.519Z DEBUG OSC out: /2/mute = 0
2026-08-21T05:39:37.519Z DEBUG OSC out: /1/globalMute = 0
2026-08-21T05:39:39.531Z DEBUG OSC out: /2/mute = 0
2026-08-21T05:39:39.532Z DEBUG OSC out: /1/globalMute = 0
2026-08-21T05:39:41.539Z DEBUG OSC out: /2/mute = 0
2026-08-21T05:39:41.539Z DEBUG OSC out: /1/globalMute = 0
2026-08-21T05:39:43.546Z DEBUG OSC out: /2/mute = 0
2026-08-21T05:39:43.546Z DEBUG OSC out: /1/globalMute = 0
2026-08-21T05:39:45.552Z DEBUG OSC out: /2/mute = 0
2026-08-21T05:39:45.552Z DEBUG OSC out: /1/globalMute = 0
2026-08-21T05:39:47.561Z DEBUG OSC out: /2/mute = 0
2026-08-21T05:39:47.562Z DEBUG OSC out: /1/globalMute = 0
2026-08-21T05:39:49.563Z DEBUG OSC out: /2/mute = 0
2026-08-21T05:39:49.564Z DEBUG OSC out: /1/globalMute = 0
2026-08-21T05:39:51.576Z DEBUG OSC out: /2/mute = 0
2026-08-21T05:39:51.577Z DEBUG OSC out: /1/globalMute = 0
2026-08-21T05:39:53.590Z DEBUG OSC out: /2/mute = 0
2026-08-21T05:39:53.591Z DEBUG OSC out: /1/globalMute = 0
2026-08-21T05:39:55.603Z DEBUG OSC out: /2/mute = 0
2026-08-21T05:39:55.604Z DEBUG OSC out: /1/globalMute = 0
2026-08-21T05:39:57.606Z DEBUG OSC out: /2/mute = 0
2026-08-21T05:39:57.606Z DEBUG OSC out: /1/globalMute = 0
2026-08-21T05:39:59.616Z DEBUG OSC out: /2/mute = 0
2026-08-21T05:39:59.616Z DEBUG OSC out: /1/globalMute = 0
2026-08-21T05:40:01.624Z DEBUG OSC out: /2/mute = 0
2026-08-21T05:40:01.625Z DEBUG OSC out: /1/globalMute = 0
2026-08-21T05:40:03.627Z DEBUG OSC out: /2/mute = 0
2026-08-21T05:40:03.627Z DEBUG OSC out: /1/globalMute = 0
2026-08-21T05:40:05.635Z DEBUG OSC out: /2/mute = 0
2026-08-21T05:40:05.636Z DEBUG OSC out: /1/globalMute = 0
2026-08-21T05:40:07.648Z DEBUG OSC out: /2/mute = 0
2026-08-21T05:40:07.649Z DEBUG OSC out: /1/globalMute = 0
2026-08-21T05:40:09.655Z DEBUG OSC out: /2/mute = 0
2026-08-21T05:40:09.656Z DEBUG OSC out: /1/globalMute = 0
2026-08-21T05:40:11.658Z DEBUG OSC out: /2/mute = 0
2026-08-21T05:40:11.659Z DEBUG OSC out: /1/globalMute = 0
2026-08-21T05:40:13.662Z DEBUG OSC out: /2/mute = 0
2026-08-21T05:40:13.662Z DEBUG OSC out: /1/globalMute = 0
2026-08-21T05:40:15.676Z DEBUG OSC out: /2/mute = 0
2026-08-21T05:40:15.676Z DEBUG OSC out: /1/globalMute = 0
2026-08-21T05:40:17.686Z DEBUG OSC out: /2/mute = 0
2026-08-21T05:40:17.686Z DEBUG OSC out: /1/globalMute = 0
2026-08-21T05:40:19.694Z DEBUG OSC out: /2/mute = 0
2026-08-21T05:40:19.694Z DEBUG OSC out: /1/globalMute = 0
2026-08-21T05:40:21.696Z DEBUG OSC out: /2/mute = 0
2026-08-21T05:40:21.696Z DEBUG OSC out: /1/globalMute = 0
2026-08-21T05:40:23.705Z DEBUG OSC out: /2/mute = 0
2026-08-21T05:40:23.706Z DEBUG OSC out: /1/globalMute = 0
2026-08-21T05:40:25.713Z DEBUG OSC out: /2/mute = 0
2026-08-21T05:40:25.714Z DEBUG OSC out: /1/globalMute = 0
2026-08-21T05:40:27.727Z DEBUG OSC out: /2/mute = 0
2026-08-21T05:40:27.728Z DEBUG OSC out: /1/globalMute = 0
2026-08-21T05:40:29.741Z DEBUG OSC out: /2/mute = 0
2026-08-21T05:40:29.741Z DEBUG OSC out: /1/globalMute = 0
2026-08-21T05:40:31.749Z DEBUG OSC out: /2/mute = 0
2026-08-21T05:40:31.749Z DEBUG OSC out: /1/globalMute = 0
2026-08-21T05:40:33.764Z DEBUG OSC out: /2/mute = 0
2026-08-21T05:40:33.765Z DEBUG OSC out: /1/globalMute = 0
2026-08-21T05:40:35.773Z DEBUG OSC out: /2/mute = 0
2026-08-21T05:40:35.774Z DEBUG OSC out: /1/globalMute = 0
2026-08-21T05:40:37.775Z DEBUG OSC out: /2/mute = 0
2026-08-21T05:40:37.776Z DEBUG OSC out: /1/globalMute = 0
2026-08-21T05:40:39.784Z DEBUG OSC out: /2/mute = 0
2026-08-21T05:40:39.784Z DEBUG OSC out: /1/globalMute = 0
2026-08-21T05:40:41.795Z DEBUG OSC out: /2/mute = 0
2026-08-21T05:40:41.795Z DEBUG OSC out: /1/globalMute = 0
2026-08-21T05:40:43.808Z DEBUG OSC out: /2/mute = 0
2026-08-21T05:40:43.809Z DEBUG OSC out: /1/globalMute = 0
2026-08-21T05:40:45.815Z DEBUG OSC out: /2/mute = 0
2026-08-21T05:40:45.816Z DEBUG OSC out: /1/globalMute = 0
2026-08-21T05:40:47.822Z DEBUG OSC out: /2/mute = 0
2026-08-21T05:40:47.822Z DEBUG OSC out: /1/globalMute = 0
2026-08-21T05:40:49.835Z DEBUG OSC out: /2/mute = 0
2026-08-21T05:40:49.836Z DEBUG OSC out: /1/globalMute = 0
2026-08-21T05:40:51.848Z DEBUG OSC out: /2/mute = 0
2026-08-21T05:40:51.849Z DEBUG OSC out: /1/globalMute = 0
2026-08-21T05:40:53.854Z DEBUG OSC out: /2/mute = 0
2026-08-21T05:40:53.855Z DEBUG OSC out: /1/globalMute = 0
2026-08-21T05:40:55.862Z DEBUG OSC out: /2/mute = 0
2026-08-21T05:40:55.862Z DEBUG OSC out: /1/globalMute = 0
2026-08-21T05:40:57.877Z DEBUG OSC out: /2/mute = 0
2026-08-21T05:40:57.877Z DEBUG OSC out: /1/globalMute = 0
2026-08-21T05:40:59.889Z DEBUG OSC out: /2/mute = 0
2026-08-21T05:40:59.890Z DEBUG OSC out: /1/globalMute = 0
2026-08-21T05:41:01.895Z DEBUG OSC out: /2/mute = 0
2026-08-21T05:41:01.896Z DEBUG OSC out: /1/globalMute = 0
2026-08-21T05:41:03.895Z DEBUG OSC out: /2/mute = 0
2026-08-21T05:41:03.896Z DEBUG OSC out: /1/globalMute = 0
2026-08-21T05:41:05.908Z DEBUG OSC out: /2/mute = 0
2026-08-21T05:41:05.909Z DEBUG OSC out: /1/globalMute = 0
2026-08-21T05:41:07.914Z DEBUG OSC out: /2/mute = 0
2026-08-21T05:41:07.914Z DEBUG OSC out: /1/globalMute = 0
2026-08-21T05:41:09.373Z INFO  Listening for TotalMix on udp/9001, sending to 127.0.0.1:700
2026-08-21T05:41:09.373Z DEBUG OSC out: /2/mute = 0
2026-08-21T05:41:09.374Z DEBUG OSC out: /1/globalMute = 0
2026-08-21T05:41:09.652Z INFO  Listening for TotalMix on udp/9001, sending to 127.0.0.1:7002
2026-08-21T05:41:09.653Z DEBUG OSC out: /2/mute = 0
2026-08-21T05:41:09.653Z DEBUG OSC out: /1/globalMute = 0
2026-08-21T05:41:09.917Z DEBUG OSC out: /2/mute = 0
2026-08-21T05:41:09.917Z DEBUG OSC out: /1/globalMute = 0
2026-08-21T05:41:11.383Z DEBUG OSC out: /2/mute = 0
2026-08-21T05:41:11.383Z DEBUG OSC out: /1/globalMute = 0
2026-08-21T05:41:11.668Z DEBUG OSC out: /2/mute = 0
2026-08-21T05:41:11.668Z DEBUG OSC out: /1/globalMute = 0
2026-08-21T05:41:11.922Z DEBUG OSC out: /2/mute = 0
2026-08-21T05:41:11.923Z DEBUG OSC out: /1/globalMute = 0
2026-08-21T05:41:13.036Z INFO  Listening for TotalMix on udp/9, sending to 127.0.0.1:7002
2026-08-21T05:41:13.037Z DEBUG OSC out: /2/mute = 0
2026-08-21T05:41:13.037Z DEBUG OSC out: /1/globalMute = 0
2026-08-21T05:41:13.391Z DEBUG OSC out: /2/mute = 0
2026-08-21T05:41:13.391Z DEBUG OSC out: /1/globalMute = 0
2026-08-21T05:41:13.583Z INFO  Listening for TotalMix on udp/9002, sending to 127.0.0.1:7002
2026-08-21T05:41:13.583Z DEBUG OSC out: /2/mute = 0
2026-08-21T05:41:13.584Z DEBUG OSC out: /1/globalMute = 0
2026-08-21T05:41:13.673Z DEBUG OSC out: /2/mute = 0
2026-08-21T05:41:13.673Z DEBUG OSC out: /1/globalMute = 0
2026-08-21T05:41:13.923Z DEBUG OSC out: /2/mute = 0
2026-08-21T05:41:13.923Z DEBUG OSC out: /1/globalMute = 0
2026-08-21T05:41:15.052Z DEBUG OSC out: /2/mute = 0
2026-08-21T05:41:15.052Z DEBUG OSC out: /1/globalMute = 0
2026-08-21T05:41:15.398Z DEBUG OSC out: /2/mute = 0
2026-08-21T05:41:15.398Z DEBUG OSC out: /1/globalMute = 0
2026-08-21T05:41:15.587Z DEBUG OSC out: /2/mute = 0
2026-08-21T05:41:15.587Z DEBUG OSC out: /1/globalMute = 0
2026-08-21T05:41:15.682Z DEBUG OSC out: /2/mute = 0
2026-08-21T05:41:15.682Z DEBUG OSC out: /1/globalMute = 0
2026-08-21T05:41:15.935Z DEBUG OSC out: /2/mute = 0
2026-08-21T05:41:15.935Z DEBUG OSC out: /1/globalMute = 0
2026-08-21T05:41:17.064Z DEBUG OSC out: /2/mute = 0
2026-08-21T05:41:17.064Z DEBUG OSC out: /1/globalMute = 0
2026-08-21T05:41:17.411Z DEBUG OSC out: /2/mute = 0
2026-08-21T05:41:17.412Z DEBUG OSC out: /1/globalMute = 0
2026-08-21T05:41:17.599Z DEBUG OSC out: /2/mute = 0
2026-08-21T05:41:17.599Z DEBUG OSC out: /1/globalMute = 0
2026-08-21T05:41:17.692Z DEBUG OSC out: /2/mute = 0
2026-08-21T05:41:17.693Z DEBUG OSC out: /1/globalMute = 0
2026-08-21T05:41:17.941Z DEBUG OSC out: /2/mute = 0
2026-08-21T05:41:17.941Z DEBUG OSC out: /1/globalMute = 0
2026-08-21T05:41:18.233Z INFO  Listening for TotalMix on udp/9002, sending to 12:7002
2026-08-21T05:41:18.233Z DEBUG OSC out: /2/mute = 0
2026-08-21T05:41:18.236Z DEBUG OSC out: /1/globalMute = 0
2026-08-21T05:41:18.469Z INFO  Listening for TotalMix on udp/9002, sending to 127:7002
2026-08-21T05:41:18.469Z DEBUG OSC out: /2/mute = 0
2026-08-21T05:41:18.470Z DEBUG OSC out: /1/globalMute = 0
2026-08-21T05:41:19.074Z DEBUG OSC out: /2/mute = 0
2026-08-21T05:41:19.075Z DEBUG OSC out: /1/globalMute = 0
2026-08-21T05:41:19.422Z DEBUG OSC out: /2/mute = 0
2026-08-21T05:41:19.422Z DEBUG OSC out: /1/globalMute = 0
2026-08-21T05:41:19.610Z DEBUG OSC out: /2/mute = 0
2026-08-21T05:41:19.610Z DEBUG OSC out: /1/globalMute = 0
2026-08-21T05:41:19.705Z DEBUG OSC out: /2/mute = 0
2026-08-21T05:41:19.705Z DEBUG OSC out: /1/globalMute = 0
2026-08-21T05:41:19.944Z DEBUG OSC out: /2/mute = 0
2026-08-21T05:41:19.944Z DEBUG OSC out: /1/globalMute = 0
2026-08-21T05:41:20.243Z DEBUG OSC out: /2/mute = 0
2026-08-21T05:41:20.243Z DEBUG OSC out: /1/globalMute = 0
2026-08-21T05:41:20.478Z DEBUG OSC out: /2/mute = 0
2026-08-21T05:41:20.478Z DEBUG OSC out: /1/globalMute = 0
2026-08-21T05:41:20.935Z ERROR OSC send failed: getaddrinfo ENOTFOUND 12
2026-08-21T05:41:20.935Z ERROR OSC send failed: getaddrinfo ENOTFOUND 12
2026-08-21T05:41:21.077Z DEBUG OSC out: /2/mute = 0
2026-08-21T05:41:21.077Z DEBUG OSC out: /1/globalMute = 0
2026-08-21T05:41:21.436Z DEBUG OSC out: /2/mute = 0
2026-08-21T05:41:21.436Z DEBUG OSC out: /1/globalMute = 0
2026-08-21T05:41:21.623Z DEBUG OSC out: /2/mute = 0
2026-08-21T05:41:21.623Z DEBUG OSC out: /1/globalMute = 0
2026-08-21T05:41:21.718Z DEBUG OSC out: /2/mute = 0
2026-08-21T05:41:21.718Z DEBUG OSC out: /1/globalMute = 0
2026-08-21T05:41:21.958Z DEBUG OSC out: /2/mute = 0
2026-08-21T05:41:21.958Z DEBUG OSC out: /1/globalMute = 0
2026-08-21T05:41:22.258Z DEBUG OSC out: /2/mute = 0
2026-08-21T05:41:22.258Z DEBUG OSC out: /1/globalMute = 0
2026-08-21T05:41:22.478Z DEBUG OSC out: /2/mute = 0
2026-08-21T05:41:22.479Z DEBUG OSC out: /1/globalMute = 0
2026-08-21T05:41:23.085Z DEBUG OSC out: /2/mute = 0
2026-08-21T05:41:23.085Z DEBUG OSC out: /1/globalMute = 0
2026-08-21T05:41:23.442Z DEBUG OSC out: /2/mute = 0
2026-08-21T05:41:23.442Z DEBUG OSC out: /1/globalMute = 0
2026-08-21T05:41:23.629Z DEBUG OSC out: /2/mute = 0
2026-08-21T05:41:23.630Z DEBUG OSC out: /1/globalMute = 0
2026-08-21T05:41:23.630Z ERROR OSC send failed: getaddrinfo ENOTFOUND 127
2026-08-21T05:41:23.630Z ERROR OSC send failed: getaddrinfo ENOTFOUND 127
2026-08-21T05:41:23.724Z DEBUG OSC out: /2/mute = 0
2026-08-21T05:41:23.725Z DEBUG OSC out: /1/globalMute = 0
2026-08-21T05:41:23.960Z DEBUG OSC out: /2/mute = 0
2026-08-21T05:41:23.960Z DEBUG OSC out: /1/globalMute = 0
2026-08-21T05:41:24.258Z DEBUG OSC out: /2/mute = 0
2026-08-21T05:41:24.258Z DEBUG OSC out: /1/globalMute = 0
2026-08-21T05:41:24.479Z DEBUG OSC out: /2/mute = 0
2026-08-21T05:41:24.480Z DEBUG OSC out: /1/globalMute = 0
2026-08-21T05:41:25.096Z DEBUG OSC out: /2/mute = 0
2026-08-21T05:41:25.096Z DEBUG OSC out: /1/globalMute = 0
2026-08-21T05:41:25.442Z DEBUG OSC out: /2/mute = 0
2026-08-21T05:41:25.442Z DEBUG OSC out: /1/globalMute = 0
2026-08-21T05:41:25.630Z DEBUG OSC out: /2/mute = 0
2026-08-21T05:41:25.631Z DEBUG OSC out: /1/globalMute = 0
2026-08-21T05:41:25.725Z DEBUG OSC out: /2/mute = 0
2026-08-21T05:41:25.726Z DEBUG OSC out: /1/globalMute = 0
2026-08-21T05:41:25.900Z ERROR OSC send failed: getaddrinfo ENOTFOUND 12
2026-08-21T05:41:25.901Z ERROR OSC send failed: getaddrinfo ENOTFOUND 12
2026-08-21T05:41:25.965Z DEBUG OSC out: /2/mute = 0
2026-08-21T05:41:25.965Z DEBUG OSC out: /1/globalMute = 0
2026-08-21T05:41:26.266Z DEBUG OSC out: /2/mute = 0
2026-08-21T05:41:26.266Z DEBUG OSC out: /1/globalMute = 0
2026-08-21T05:41:26.487Z DEBUG OSC out: /2/mute = 0
2026-08-21T05:41:26.487Z DEBUG OSC out: /1/globalMute = 0
2026-08-21T05:41:27.101Z DEBUG OSC out: /2/mute = 0
2026-08-21T05:41:27.101Z DEBUG OSC out: /1/globalMute = 0
2026-08-21T05:41:27.449Z DEBUG OSC out: /2/mute = 0
2026-08-21T05:41:27.449Z DEBUG OSC out: /1/globalMute = 0
2026-08-21T05:41:27.638Z DEBUG OSC out: /2/mute = 0
2026-08-21T05:41:27.638Z DEBUG OSC out: /1/globalMute = 0
2026-08-21T05:41:27.732Z DEBUG OSC out: /2/mute = 0
2026-08-21T05:41:27.732Z DEBUG OSC out: /1/globalMute = 0
2026-08-21T05:41:27.970Z DEBUG OSC out: /2/mute = 0
2026-08-21T05:41:27.970Z DEBUG OSC out: /1/globalMute = 0
2026-08-21T05:41:28.174Z ERROR OSC send failed: getaddrinfo ENOTFOUND 127
2026-08-21T05:41:28.174Z ERROR OSC send failed: getaddrinfo ENOTFOUND 127
2026-08-21T05:41:28.268Z DEBUG OSC out: /2/mute = 0
2026-08-21T05:41:28.268Z DEBUG OSC out: /1/globalMute = 0
2026-08-21T05:41:28.490Z DEBUG OSC out: /2/mute = 0
2026-08-21T05:41:28.490Z DEBUG OSC out: /1/globalMute = 0
2026-08-21T05:41:29.109Z DEBUG OSC out: /2/mute = 0
2026-08-21T05:41:29.109Z DEBUG OSC out: /1/globalMute = 0
2026-08-21T05:41:29.457Z DEBUG OSC out: /2/mute = 0
2026-08-21T05:41:29.457Z DEBUG OSC out: /1/globalMute = 0
2026-08-21T05:41:29.647Z DEBUG OSC out: /2/mute = 0
2026-08-21T05:41:29.647Z DEBUG OSC out: /1/globalMute = 0
2026-08-21T05:41:29.741Z DEBUG OSC out: /2/mute = 0
2026-08-21T05:41:29.741Z DEBUG OSC out: /1/globalMute = 0
2026-08-21T05:41:29.978Z DEBUG OSC out: /2/mute = 0
2026-08-21T05:41:29.978Z DEBUG OSC out: /1/globalMute = 0
2026-08-21T05:41:30.278Z DEBUG OSC out: /2/mute = 0
2026-08-21T05:41:30.279Z DEBUG OSC out: /1/globalMute = 0
2026-08-21T05:41:30.500Z DEBUG OSC out: /2/mute = 0
2026-08-21T05:41:30.500Z DEBUG OSC out: /1/globalMute = 0
2026-08-21T05:41:30.880Z ERROR OSC send failed: getaddrinfo ENOTFOUND 12
2026-08-21T05:41:30.880Z ERROR OSC send failed: getaddrinfo ENOTFOUND 12
2026-08-21T05:41:31.115Z DEBUG OSC out: /2/mute = 0
2026-08-21T05:41:31.116Z DEBUG OSC out: /1/globalMute = 0
2026-08-21T05:41:31.463Z DEBUG OSC out: /2/mute = 0
2026-08-21T05:41:31.463Z DEBUG OSC out: /1/globalMute = 0
2026-08-21T05:41:31.650Z DEBUG OSC out: /2/mute = 0
2026-08-21T05:41:31.650Z DEBUG OSC out: /1/globalMute = 0
2026-08-21T05:41:31.744Z DEBUG OSC out: /2/mute = 0
2026-08-21T05:41:31.745Z DEBUG OSC out: /1/globalMute = 0
2026-08-21T05:41:31.984Z DEBUG OSC out: /2/mute = 0
2026-08-21T05:41:31.984Z DEBUG OSC out: /1/globalMute = 0
2026-08-21T05:41:32.284Z DEBUG OSC out: /2/mute = 0
2026-08-21T05:41:32.285Z DEBUG OSC out: /1/globalMute = 0
2026-08-21T05:41:32.507Z DEBUG OSC out: /2/mute = 0
2026-08-21T05:41:32.507Z DEBUG OSC out: /1/globalMute = 0
2026-08-21T05:41:33.125Z DEBUG OSC out: /2/mute = 0
2026-08-21T05:41:33.125Z DEBUG OSC out: /1/globalMute = 0
2026-08-21T05:41:33.474Z DEBUG OSC out: /2/mute = 0
2026-08-21T05:41:33.474Z DEBUG OSC out: /1/globalMute = 0
2026-08-21T05:41:33.583Z ERROR OSC send failed: getaddrinfo ENOTFOUND 127
2026-08-21T05:41:33.583Z ERROR OSC send failed: getaddrinfo ENOTFOUND 127
2026-08-21T05:41:33.664Z DEBUG OSC out: /2/mute = 0
2026-08-21T05:41:33.664Z DEBUG OSC out: /1/globalMute = 0
2026-08-21T05:41:33.757Z DEBUG OSC out: /2/mute = 0
2026-08-21T05:41:33.758Z DEBUG OSC out: /1/globalMute = 0
2026-08-21T05:41:33.997Z DEBUG OSC out: /2/mute = 0
2026-08-21T05:41:33.998Z DEBUG OSC out: /1/globalMute = 0
2026-08-21T05:41:34.294Z DEBUG OSC out: /2/mute = 0
2026-08-21T05:41:34.294Z DEBUG OSC out: /1/globalMute = 0
2026-08-21T05:41:34.516Z DEBUG OSC out: /2/mute = 0
2026-08-21T05:41:34.516Z DEBUG OSC out: /1/globalMute = 0
2026-08-21T05:41:35.133Z DEBUG OSC out: /2/mute = 0
2026-08-21T05:41:35.133Z DEBUG OSC out: /1/globalMute = 0
2026-08-21T05:41:35.483Z DEBUG OSC out: /2/mute = 0
2026-08-21T05:41:35.483Z DEBUG OSC out: /1/globalMute = 0
2026-08-21T05:41:35.671Z DEBUG OSC out: /2/mute = 0
2026-08-21T05:41:35.671Z DEBUG OSC out: /1/globalMute = 0
2026-08-21T05:41:35.765Z DEBUG OSC out: /2/mute = 0
2026-08-21T05:41:35.765Z DEBUG OSC out: /1/globalMute = 0
2026-08-21T05:41:35.859Z ERROR OSC send failed: getaddrinfo ENOTFOUND 12
2026-08-21T05:41:35.859Z ERROR OSC send failed: getaddrinfo ENOTFOUND 12
2026-08-21T05:41:36.002Z DEBUG OSC out: /2/mute = 0
2026-08-21T05:41:36.003Z DEBUG OSC out: /1/globalMute = 0
2026-08-21T05:41:36.303Z DEBUG OSC out: /2/mute = 0
2026-08-21T05:41:36.303Z DEBUG OSC out: /1/globalMute = 0
2026-08-21T05:41:36.524Z DEBUG OSC out: /2/mute = 0
2026-08-21T05:41:36.524Z DEBUG OSC out: /1/globalMute = 0
2026-08-21T05:41:37.143Z DEBUG OSC out: /2/mute = 0
2026-08-21T05:41:37.144Z DEBUG OSC out: /1/globalMute = 0
2026-08-21T05:41:37.493Z DEBUG OSC out: /2/mute = 0
2026-08-21T05:41:37.493Z DEBUG OSC out: /1/globalMute = 0
2026-08-21T05:41:37.681Z DEBUG OSC out: /2/mute = 0
2026-08-21T05:41:37.682Z DEBUG OSC out: /1/globalMute = 0
2026-08-21T05:41:37.776Z DEBUG OSC out: /2/mute = 0
2026-08-21T05:41:37.776Z DEBUG OSC out: /1/globalMute = 0
2026-08-21T05:41:38.014Z DEBUG OSC out: /2/mute = 0
2026-08-21T05:41:38.014Z DEBUG OSC out: /1/globalMute = 0
2026-08-21T05:41:38.138Z ERROR OSC send failed: getaddrinfo ENOTFOUND 127
2026-08-21T05:41:38.138Z ERROR OSC send failed: getaddrinfo ENOTFOUND 127
2026-08-21T05:41:38.311Z DEBUG OSC out: /2/mute = 0
2026-08-21T05:41:38.311Z DEBUG OSC out: /1/globalMute = 0
2026-08-21T05:41:38.530Z DEBUG OSC out: /2/mute = 0
2026-08-21T05:41:38.530Z DEBUG OSC out: /1/globalMute = 0
2026-08-21T05:41:39.157Z DEBUG OSC out: /2/mute = 0
2026-08-21T05:41:39.158Z DEBUG OSC out: /1/globalMute = 0
2026-08-21T05:41:39.506Z DEBUG OSC out: /2/mute = 0
2026-08-21T05:41:39.506Z DEBUG OSC out: /1/globalMute = 0
2026-08-21T05:41:39.682Z DEBUG OSC out: /2/mute = 0
2026-08-21T05:41:39.682Z DEBUG OSC out: /1/globalMute = 0
2026-08-21T05:41:39.791Z DEBUG OSC out: /2/mute = 0
2026-08-21T05:41:39.791Z DEBUG OSC out: /1/globalMute = 0
2026-08-21T05:41:40.015Z DEBUG OSC out: /2/mute = 0
2026-08-21T05:41:40.015Z DEBUG OSC out: /1/globalMute = 0
2026-08-21T05:41:40.315Z DEBUG OSC out: /2/mute = 0
2026-08-21T05:41:40.315Z DEBUG OSC out: /1/globalMute = 0
2026-08-21T05:41:40.426Z ERROR OSC send failed: getaddrinfo ENOTFOUND 12
2026-08-21T05:41:40.426Z ERROR OSC send failed: getaddrinfo ENOTFOUND 12
2026-08-21T05:41:40.538Z DEBUG OSC out: /2/mute = 0
2026-08-21T05:41:40.538Z DEBUG OSC out: /1/globalMute = 0
2026-08-21T05:41:41.169Z DEBUG OSC out: /2/mute = 0
2026-08-21T05:41:41.169Z DEBUG OSC out: /1/globalMute = 0
2026-08-21T05:41:41.520Z DEBUG OSC out: /2/mute = 0
2026-08-21T05:41:41.520Z DEBUG OSC out: /1/globalMute = 0
2026-08-21T05:41:41.695Z DEBUG OSC out: /2/mute = 0
2026-08-21T05:41:41.695Z DEBUG OSC out: /1/globalMute = 0
2026-08-21T05:41:41.806Z DEBUG OSC out: /2/mute = 0
2026-08-21T05:41:41.807Z DEBUG OSC out: /1/globalMute = 0
2026-08-21T05:41:42.026Z DEBUG OSC out: /2/mute = 0
2026-08-21T05:41:42.027Z DEBUG OSC out: /1/globalMute = 0
2026-08-21T05:41:42.328Z DEBUG OSC out: /2/mute = 0
2026-08-21T05:41:42.328Z DEBUG OSC out: /1/globalMute = 0
2026-08-21T05:41:42.547Z DEBUG OSC out: /2/mute = 0
2026-08-21T05:41:42.548Z DEBUG OSC out: /1/globalMute = 0
2026-08-21T05:41:43.137Z ERROR OSC send failed: getaddrinfo ENOTFOUND 127
2026-08-21T05:41:43.137Z ERROR OSC send failed: getaddrinfo ENOTFOUND 127
2026-08-21T05:41:43.184Z DEBUG OSC out: /2/mute = 0
2026-08-21T05:41:43.185Z DEBUG OSC out: /1/globalMute = 0
2026-08-21T05:41:43.533Z DEBUG OSC out: /2/mute = 0
2026-08-21T05:41:43.534Z DEBUG OSC out: /1/globalMute = 0
2026-08-21T05:41:43.703Z DEBUG OSC out: /2/mute = 0
2026-08-21T05:41:43.704Z DEBUG OSC out: /1/globalMute = 0
2026-08-21T05:41:43.813Z DEBUG OSC out: /2/mute = 0
2026-08-21T05:41:43.817Z DEBUG OSC out: /1/globalMute = 0
2026-08-21T05:41:44.035Z DEBUG OSC out: /2/mute = 0
2026-08-21T05:41:44.035Z DEBUG OSC out: /1/globalMute = 0
2026-08-21T05:41:44.337Z DEBUG OSC out: /2/mute = 0
2026-08-21T05:41:44.337Z DEBUG OSC out: /1/globalMute = 0
2026-08-21T05:41:44.559Z DEBUG OSC out: /2/mute = 0
2026-08-21T05:41:44.560Z DEBUG OSC out: /1/globalMute = 0
2026-08-21T05:41:45.190Z DEBUG OSC out: /2/mute = 0
2026-08-21T05:41:45.191Z DEBUG OSC out: /1/globalMute = 0
2026-08-21T05:41:45.538Z DEBUG OSC out: /2/mute = 0
2026-08-21T05:41:45.539Z DEBUG OSC out: /1/globalMute = 0
2026-08-21T05:41:45.714Z DEBUG OSC out: /2/mute = 0
2026-08-21T05:41:45.715Z DEBUG OSC out: /1/globalMute = 0
2026-08-21T05:41:45.826Z DEBUG OSC out: /2/mute = 0
2026-08-21T05:41:45.827Z DEBUG OSC out: /1/globalMute = 0
2026-08-21T05:41:45.843Z ERROR OSC send failed: getaddrinfo ENOTFOUND 12
2026-08-21T05:41:45.843Z ERROR OSC send failed: getaddrinfo ENOTFOUND 12
2026-08-21T05:41:46.050Z DEBUG OSC out: /2/mute = 0
2026-08-21T05:41:46.050Z DEBUG OSC out: /1/globalMute = 0
2026-08-21T05:41:46.351Z DEBUG OSC out: /2/mute = 0
2026-08-21T05:41:46.351Z DEBUG OSC out: /1/globalMute = 0
2026-08-21T05:41:46.574Z DEBUG OSC out: /2/mute = 0
2026-08-21T05:41:46.574Z DEBUG OSC out: /1/globalMute = 0
2026-08-21T05:41:47.195Z DEBUG OSC out: /2/mute = 0
2026-08-21T05:41:47.196Z DEBUG OSC out: /1/globalMute = 0
2026-08-21T05:41:47.543Z DEBUG OSC out: /2/mute = 0
2026-08-21T05:41:47.543Z DEBUG OSC out: /1/globalMute = 0
2026-08-21T05:41:47.719Z DEBUG OSC out: /2/mute = 0
2026-08-21T05:41:47.719Z DEBUG OSC out: /1/globalMute = 0
2026-08-21T05:41:47.828Z DEBUG OSC out: /2/mute = 0
2026-08-21T05:41:47.828Z DEBUG OSC out: /1/globalMute = 0
2026-08-21T05:41:48.050Z DEBUG OSC out: /2/mute = 0
2026-08-21T05:41:48.050Z DEBUG OSC out: /1/globalMute = 0
2026-08-21T05:41:48.128Z ERROR OSC send failed: getaddrinfo ENOTFOUND 127
2026-08-21T05:41:48.128Z ERROR OSC send failed: getaddrinfo ENOTFOUND 127
2026-08-21T05:41:48.365Z DEBUG OSC out: /2/mute = 0
2026-08-21T05:41:48.365Z DEBUG OSC out: /1/globalMute = 0
2026-08-21T05:41:48.583Z DEBUG OSC out: /2/mute = 0
2026-08-21T05:41:48.584Z DEBUG OSC out: /1/globalMute = 0
2026-08-21T05:41:49.200Z DEBUG OSC out: /2/mute = 0
2026-08-21T05:41:49.200Z DEBUG OSC out: /1/globalMute = 0
2026-08-21T05:41:49.550Z DEBUG OSC out: /2/mute = 0
2026-08-21T05:41:49.550Z DEBUG OSC out: /1/globalMute = 0
2026-08-21T05:41:49.725Z DEBUG OSC out: /2/mute = 0
2026-08-21T05:41:49.725Z DEBUG OSC out: /1/globalMute = 0
2026-08-21T05:41:49.835Z DEBUG OSC out: /2/mute = 0
2026-08-21T05:41:49.836Z DEBUG OSC out: /1/globalMute = 0
2026-08-21T05:41:50.056Z DEBUG OSC out: /2/mute = 0
2026-08-21T05:41:50.056Z DEBUG OSC out: /1/globalMute = 0
2026-08-21T05:41:50.373Z DEBUG OSC out: /2/mute = 0
2026-08-21T05:41:50.373Z DEBUG OSC out: /1/globalMute = 0
2026-08-21T05:41:50.405Z ERROR OSC send failed: getaddrinfo ENOTFOUND 12
2026-08-21T05:41:50.405Z ERROR OSC send failed: getaddrinfo ENOTFOUND 12
2026-08-21T05:41:50.593Z DEBUG OSC out: /2/mute = 0
2026-08-21T05:41:50.594Z DEBUG OSC out: /1/globalMute = 0
2026-08-21T05:41:51.210Z DEBUG OSC out: /2/mute = 0
2026-08-21T05:41:51.210Z DEBUG OSC out: /1/globalMute = 0
2026-08-21T05:41:51.556Z DEBUG OSC out: /2/mute = 0
2026-08-21T05:41:51.557Z DEBUG OSC out: /1/globalMute = 0
2026-08-21T05:41:51.727Z DEBUG OSC out: /2/mute = 0
2026-08-21T05:41:51.728Z DEBUG OSC out: /1/globalMute = 0
2026-08-21T05:41:51.837Z DEBUG OSC out: /2/mute = 0
2026-08-21T05:41:51.837Z DEBUG OSC out: /1/globalMute = 0
2026-08-21T05:41:52.056Z DEBUG OSC out: /2/mute = 0
2026-08-21T05:41:52.056Z DEBUG OSC out: /1/globalMute = 0
2026-08-21T05:41:52.387Z DEBUG OSC out: /2/mute = 0
2026-08-21T05:41:52.388Z DEBUG OSC out: /1/globalMute = 0
2026-08-21T05:41:52.595Z DEBUG OSC out: /2/mute = 0
2026-08-21T05:41:52.595Z DEBUG OSC out: /1/globalMute = 0
2026-08-21T05:41:53.104Z ERROR OSC send failed: getaddrinfo ENOTFOUND 127
2026-08-21T05:41:53.104Z ERROR OSC send failed: getaddrinfo ENOTFOUND 127
2026-08-21T05:41:53.216Z DEBUG OSC out: /2/mute = 0
2026-08-21T05:41:53.216Z DEBUG OSC out: /1/globalMute = 0
2026-08-21T05:41:53.562Z DEBUG OSC out: /2/mute = 0
2026-08-21T05:41:53.562Z DEBUG OSC out: /1/globalMute = 0
2026-08-21T05:41:53.734Z DEBUG OSC out: /2/mute = 0
2026-08-21T05:41:53.734Z DEBUG OSC out: /1/globalMute = 0
2026-08-21T05:41:53.845Z DEBUG OSC out: /2/mute = 0
2026-08-21T05:41:53.845Z DEBUG OSC out: /1/globalMute = 0
2026-08-21T05:41:54.066Z DEBUG OSC out: /2/mute = 0
2026-08-21T05:41:54.067Z DEBUG OSC out: /1/globalMute = 0
2026-08-21T05:41:54.399Z DEBUG OSC out: /2/mute = 0
2026-08-21T05:41:54.400Z DEBUG OSC out: /1/globalMute = 0
2026-08-21T05:41:54.606Z DEBUG OSC out: /2/mute = 0
2026-08-21T05:41:54.607Z DEBUG OSC out: /1/globalMute = 0
2026-08-21T05:41:55.227Z DEBUG OSC out: /2/mute = 0
2026-08-21T05:41:55.228Z DEBUG OSC out: /1/globalMute = 0
2026-08-21T05:41:55.573Z DEBUG OSC out: /2/mute = 0
2026-08-21T05:41:55.573Z DEBUG OSC out: /1/globalMute = 0
2026-08-21T05:41:55.746Z DEBUG OSC out: /2/mute = 0
2026-08-21T05:41:55.747Z DEBUG OSC out: /1/globalMute = 0
2026-08-21T05:41:55.793Z ERROR OSC send failed: getaddrinfo ENOTFOUND 12
2026-08-21T05:41:55.793Z ERROR OSC send failed: getaddrinfo ENOTFOUND 12
2026-08-21T05:41:55.856Z DEBUG OSC out: /2/mute = 0
2026-08-21T05:41:55.856Z DEBUG OSC out: /1/globalMute = 0
2026-08-21T05:41:56.077Z DEBUG OSC out: /2/mute = 0
2026-08-21T05:41:56.077Z DEBUG OSC out: /1/globalMute = 0
2026-08-21T05:41:56.408Z DEBUG OSC out: /2/mute = 0
2026-08-21T05:41:56.408Z DEBUG OSC out: /1/globalMute = 0
2026-08-21T05:41:56.616Z DEBUG OSC out: /2/mute = 0
2026-08-21T05:41:56.616Z DEBUG OSC out: /1/globalMute = 0
2026-08-21T05:41:56.884Z DEBUG OSC out: /1/busPlayback = 1
2026-08-21T05:41:57.230Z DEBUG OSC out: /2/mute = 0
2026-08-21T05:41:57.230Z DEBUG OSC out: /1/globalMute = 0
2026-08-21T05:41:57.389Z DEBUG OSC out: /1/busPlayback = 1
2026-08-21T05:41:57.578Z DEBUG OSC out: /2/mute = 0
2026-08-21T05:41:57.578Z DEBUG OSC out: /1/globalMute = 0
2026-08-21T05:41:57.751Z DEBUG OSC out: /2/mute = 0
2026-08-21T05:41:57.752Z DEBUG OSC out: /1/globalMute = 0
2026-08-21T05:41:57.861Z DEBUG OSC out: /2/mute = 0
2026-08-21T05:41:57.862Z DEBUG OSC out: /1/globalMute = 0
2026-08-21T05:41:57.894Z DEBUG OSC out: /1/busPlayback = 1
2026-08-21T05:41:58.067Z ERROR OSC send failed: getaddrinfo ENOTFOUND 127
2026-08-21T05:41:58.067Z ERROR OSC send failed: getaddrinfo ENOTFOUND 127
2026-08-21T05:41:58.082Z DEBUG OSC out: /2/mute = 0
2026-08-21T05:41:58.083Z DEBUG OSC out: /1/globalMute = 0
2026-08-21T05:41:58.414Z DEBUG OSC out: /2/mute = 0
2026-08-21T05:41:58.414Z DEBUG OSC out: /1/globalMute = 0
2026-08-21T05:41:58.617Z DEBUG OSC out: /2/mute = 0
2026-08-21T05:41:58.618Z DEBUG OSC out: /1/globalMute = 0
2026-08-21T05:41:59.232Z DEBUG OSC out: /2/mute = 0
2026-08-21T05:41:59.232Z DEBUG OSC out: /1/globalMute = 0
2026-08-21T05:41:59.580Z DEBUG OSC out: /2/mute = 0
2026-08-21T05:41:59.580Z DEBUG OSC out: /1/globalMute = 0
2026-08-21T05:41:59.711Z DEBUG OSC out: /1/busInput = 1
2026-08-21T05:41:59.711Z INFO  Key press: set /1/mute/1/1 = 1
2026-08-21T05:41:59.711Z DEBUG OSC out: /1/mute/1/1 = 1
2026-08-21T05:41:59.754Z DEBUG OSC out: /2/mute = 0
2026-08-21T05:41:59.754Z DEBUG OSC out: /1/globalMute = 0
2026-08-21T05:41:59.865Z DEBUG OSC out: /2/mute = 0
2026-08-21T05:41:59.865Z DEBUG OSC out: /1/globalMute = 0
2026-08-21T05:42:00.084Z DEBUG OSC out: /2/mute = 0
2026-08-21T05:42:00.085Z DEBUG OSC out: /1/globalMute = 0
2026-08-21T05:42:00.134Z DEBUG OSC out: /1/busInput = 1
2026-08-21T05:42:00.134Z INFO  Key press: set /1/mute/1/1 = 1
2026-08-21T05:42:00.134Z DEBUG OSC out: /1/mute/1/1 = 1
2026-08-21T05:42:00.338Z ERROR OSC send failed: getaddrinfo ENOTFOUND 12
2026-08-21T05:42:00.338Z ERROR OSC send failed: getaddrinfo ENOTFOUND 12
2026-08-21T05:42:00.415Z DEBUG OSC out: /2/mute = 0
2026-08-21T05:42:00.416Z DEBUG OSC out: /1/globalMute = 0
2026-08-21T05:42:00.620Z DEBUG OSC out: /2/mute = 0
2026-08-21T05:42:00.621Z DEBUG OSC out: /1/globalMute = 0
2026-08-21T05:42:01.232Z DEBUG OSC out: /2/mute = 0
2026-08-21T05:42:01.232Z DEBUG OSC out: /1/globalMute = 0
2026-08-21T05:42:01.580Z DEBUG OSC out: /2/mute = 0
2026-08-21T05:42:01.581Z DEBUG OSC out: /1/globalMute = 0
2026-08-21T05:42:01.754Z DEBUG OSC out: /2/mute = 0
2026-08-21T05:42:01.755Z DEBUG OSC out: /1/globalMute = 0
2026-08-21T05:42:01.880Z DEBUG OSC out: /2/mute = 0
2026-08-21T05:42:01.881Z DEBUG OSC out: /1/globalMute = 0
2026-08-21T05:42:02.085Z DEBUG OSC out: /2/mute = 0
2026-08-21T05:42:02.086Z DEBUG OSC out: /1/globalMute = 0
2026-08-21T05:42:02.418Z DEBUG OSC out: /2/mute = 0
2026-08-21T05:42:02.418Z DEBUG OSC out: /1/globalMute = 0
2026-08-21T05:42:02.623Z DEBUG OSC out: /2/mute = 0
2026-08-21T05:42:02.628Z DEBUG OSC out: /1/globalMute = 0
2026-08-21T05:42:03.035Z ERROR OSC send failed: getaddrinfo ENOTFOUND 127
2026-08-21T05:42:03.036Z ERROR OSC send failed: getaddrinfo ENOTFOUND 127
2026-08-21T05:42:03.240Z DEBUG OSC out: /2/mute = 0
2026-08-21T05:42:03.240Z DEBUG OSC out: /1/globalMute = 0
2026-08-21T05:42:03.586Z DEBUG OSC out: /2/mute = 0
2026-08-21T05:42:03.586Z DEBUG OSC out: /1/globalMute = 0
2026-08-21T05:42:03.756Z DEBUG OSC out: /2/mute = 0
2026-08-21T05:42:03.757Z DEBUG OSC out: /1/globalMute = 0
2026-08-21T05:42:03.880Z DEBUG OSC out: /2/mute = 0
2026-08-21T05:42:03.881Z DEBUG OSC out: /1/globalMute = 0
2026-08-21T05:42:04.099Z DEBUG OSC out: /2/mute = 0
2026-08-21T05:42:04.100Z DEBUG OSC out: /1/globalMute = 0
2026-08-21T05:42:04.431Z DEBUG OSC out: /2/mute = 0
2026-08-21T05:42:04.431Z DEBUG OSC out: /1/globalMute = 0
2026-08-21T05:42:04.635Z DEBUG OSC out: /2/mute = 0
2026-08-21T05:42:04.635Z DEBUG OSC out: /1/globalMute = 0
2026-08-21T05:42:05.253Z DEBUG OSC out: /2/mute = 0
2026-08-21T05:42:05.254Z DEBUG OSC out: /1/globalMute = 0
2026-08-21T05:42:05.600Z DEBUG OSC out: /2/mute = 0
2026-08-21T05:42:05.600Z DEBUG OSC out: /1/globalMute = 0
2026-08-21T05:42:05.725Z ERROR OSC send failed: getaddrinfo ENOTFOUND 12
2026-08-21T05:42:05.726Z ERROR OSC send failed: getaddrinfo ENOTFOUND 12
2026-08-21T05:42:05.772Z DEBUG OSC out: /2/mute = 0
2026-08-21T05:42:05.772Z DEBUG OSC out: /1/globalMute = 0
2026-08-21T05:42:05.881Z DEBUG OSC out: /2/mute = 0
2026-08-21T05:42:05.881Z DEBUG OSC out: /1/globalMute = 0
2026-08-21T05:42:06.102Z DEBUG OSC out: /2/mute = 0
2026-08-21T05:42:06.103Z DEBUG OSC out: /1/globalMute = 0
2026-08-21T05:42:06.445Z DEBUG OSC out: /2/mute = 0
2026-08-21T05:42:06.445Z DEBUG OSC out: /1/globalMute = 0
2026-08-21T05:42:06.649Z DEBUG OSC out: /2/mute = 0
2026-08-21T05:42:06.650Z DEBUG OSC out: /1/globalMute = 0
2026-08-21T05:42:07.259Z DEBUG OSC out: /2/mute = 0
2026-08-21T05:42:07.259Z DEBUG OSC out: /1/globalMute = 0
2026-08-21T05:42:07.603Z DEBUG OSC out: /2/mute = 0
2026-08-21T05:42:07.603Z DEBUG OSC out: /1/globalMute = 0
2026-08-21T05:42:07.774Z DEBUG OSC out: /2/mute = 0
2026-08-21T05:42:07.774Z DEBUG OSC out: /1/globalMute = 0
2026-08-21T05:42:07.883Z DEBUG OSC out: /2/mute = 0
2026-08-21T05:42:07.883Z DEBUG OSC out: /1/globalMute = 0
2026-08-21T05:42:07.993Z ERROR OSC send failed: getaddrinfo ENOTFOUND 127
2026-08-21T05:42:07.994Z ERROR OSC send failed: getaddrinfo ENOTFOUND 127
2026-08-21T05:42:08.104Z DEBUG OSC out: /2/mute = 0
2026-08-21T05:42:08.104Z DEBUG OSC out: /1/globalMute = 0
2026-08-21T05:42:08.448Z DEBUG OSC out: /2/mute = 0
2026-08-21T05:42:08.449Z DEBUG OSC out: /1/globalMute = 0
2026-08-21T05:42:08.650Z DEBUG OSC out: /2/mute = 0
2026-08-21T05:42:08.650Z DEBUG OSC out: /1/globalMute = 0
2026-08-21T05:42:09.262Z DEBUG OSC out: /2/mute = 0
2026-08-21T05:42:09.263Z DEBUG OSC out: /1/globalMute = 0
2026-08-21T05:42:09.604Z DEBUG OSC out: /2/mute = 0
2026-08-21T05:42:09.604Z DEBUG OSC out: /1/globalMute = 0
2026-08-21T05:42:09.775Z DEBUG OSC out: /2/mute = 0
2026-08-21T05:42:09.775Z DEBUG OSC out: /1/globalMute = 0
2026-08-21T05:42:09.885Z DEBUG OSC out: /2/mute = 0
2026-08-21T05:42:09.885Z DEBUG OSC out: /1/globalMute = 0
2026-08-21T05:42:10.106Z DEBUG OSC out: /2/mute = 0
2026-08-21T05:42:10.115Z DEBUG OSC out: /1/globalMute = 0
2026-08-21T05:42:10.279Z ERROR OSC send failed: getaddrinfo ENOTFOUND 12
2026-08-21T05:42:10.279Z ERROR OSC send failed: getaddrinfo ENOTFOUND 12
2026-08-21T05:42:10.451Z DEBUG OSC out: /2/mute = 0
2026-08-21T05:42:10.452Z DEBUG OSC out: /1/globalMute = 0
2026-08-21T05:42:10.653Z DEBUG OSC out: /2/mute = 0
2026-08-21T05:42:10.653Z DEBUG OSC out: /1/globalMute = 0
2026-08-21T05:42:11.276Z DEBUG OSC out: /2/mute = 0
2026-08-21T05:42:11.277Z DEBUG OSC out: /1/globalMute = 0
2026-08-21T05:42:11.605Z DEBUG OSC out: /2/mute = 0
2026-08-21T05:42:11.605Z DEBUG OSC out: /1/globalMute = 0
2026-08-21T05:42:11.776Z DEBUG OSC out: /2/mute = 0
2026-08-21T05:42:11.777Z DEBUG OSC out: /1/globalMute = 0
2026-08-21T05:42:11.886Z DEBUG OSC out: /2/mute = 0
2026-08-21T05:42:11.887Z DEBUG OSC out: /1/globalMute = 0
2026-08-21T05:42:12.118Z DEBUG OSC out: /2/mute = 0
2026-08-21T05:42:12.119Z DEBUG OSC out: /1/globalMute = 0
2026-08-21T05:42:12.465Z DEBUG OSC out: /2/mute = 0
2026-08-21T05:42:12.465Z DEBUG OSC out: /1/globalMute = 0
2026-08-21T05:42:12.667Z DEBUG OSC out: /2/mute = 0
2026-08-21T05:42:12.667Z DEBUG OSC out: /1/globalMute = 0
2026-08-21T05:42:12.977Z ERROR OSC send failed: getaddrinfo ENOTFOUND 127
2026-08-21T05:42:12.978Z ERROR OSC send failed: getaddrinfo ENOTFOUND 127
2026-08-21T05:42:13.291Z DEBUG OSC out: /2/mute = 0
2026-08-21T05:42:13.292Z DEBUG OSC out: /1/globalMute = 0
2026-08-21T05:42:13.606Z DEBUG OSC out: /2/mute = 0
2026-08-21T05:42:13.606Z DEBUG OSC out: /1/globalMute = 0
2026-08-21T05:42:13.782Z DEBUG OSC out: /2/mute = 0
2026-08-21T05:42:13.782Z DEBUG OSC out: /1/globalMute = 0
2026-08-21T05:42:13.892Z DEBUG OSC out: /2/mute = 0
2026-08-21T05:42:13.893Z DEBUG OSC out: /1/globalMute = 0
2026-08-21T05:42:14.131Z DEBUG OSC out: /2/mute = 0
2026-08-21T05:42:14.131Z DEBUG OSC out: /1/globalMute = 0
2026-08-21T05:42:14.479Z DEBUG OSC out: /2/mute = 0
2026-08-21T05:42:14.479Z DEBUG OSC out: /1/globalMute = 0
2026-08-21T05:42:14.668Z DEBUG OSC out: /2/mute = 0
2026-08-21T05:42:14.668Z DEBUG OSC out: /1/globalMute = 0
2026-08-21T05:42:15.298Z DEBUG OSC out: /2/mute = 0
2026-08-21T05:42:15.298Z DEBUG OSC out: /1/globalMute = 0
2026-08-21T05:42:15.614Z DEBUG OSC out: /2/mute = 0
2026-08-21T05:42:15.615Z DEBUG OSC out: /1/globalMute = 0
2026-08-21T05:42:15.678Z ERROR OSC send failed: getaddrinfo ENOTFOUND 12
2026-08-21T05:42:15.678Z ERROR OSC send failed: getaddrinfo ENOTFOUND 12
2026-08-21T05:42:15.788Z DEBUG OSC out: /2/mute = 0
2026-08-21T05:42:15.789Z DEBUG OSC out: /1/globalMute = 0
2026-08-21T05:42:15.899Z DEBUG OSC out: /2/mute = 0
2026-08-21T05:42:15.899Z DEBUG OSC out: /1/globalMute = 0
2026-08-21T05:42:16.137Z DEBUG OSC out: /2/mute = 0
2026-08-21T05:42:16.138Z DEBUG OSC out: /1/globalMute = 0
2026-08-21T05:42:16.485Z DEBUG OSC out: /2/mute = 0
2026-08-21T05:42:16.486Z DEBUG OSC out: /1/globalMute = 0
2026-08-21T05:42:16.675Z DEBUG OSC out: /2/mute = 0
2026-08-21T05:42:16.676Z DEBUG OSC out: /1/globalMute = 0
2026-08-21T05:42:17.304Z DEBUG OSC out: /2/mute = 0
2026-08-21T05:42:17.304Z DEBUG OSC out: /1/globalMute = 0
2026-08-21T05:42:17.622Z DEBUG OSC out: /2/mute = 0
2026-08-21T05:42:17.623Z DEBUG OSC out: /1/globalMute = 0
2026-08-21T05:42:17.793Z DEBUG OSC out: /2/mute = 0
2026-08-21T05:42:17.794Z DEBUG OSC out: /1/globalMute = 0
2026-08-21T05:42:17.903Z DEBUG OSC out: /2/mute = 0
2026-08-21T05:42:17.903Z DEBUG OSC out: /1/globalMute = 0
2026-08-21T05:42:17.951Z ERROR OSC send failed: getaddrinfo ENOTFOUND 127
2026-08-21T05:42:17.951Z ERROR OSC send failed: getaddrinfo ENOTFOUND 127
2026-08-21T05:42:18.142Z DEBUG OSC out: /2/mute = 0
2026-08-21T05:42:18.142Z DEBUG OSC out: /1/globalMute = 0
2026-08-21T05:42:18.489Z DEBUG OSC out: /2/mute = 0
2026-08-21T05:42:18.490Z DEBUG OSC out: /1/globalMute = 0
2026-08-21T05:42:18.679Z DEBUG OSC out: /2/mute = 0
2026-08-21T05:42:18.680Z DEBUG OSC out: /1/globalMute = 0
2026-08-21T05:42:19.309Z DEBUG OSC out: /2/mute = 0
2026-08-21T05:42:19.309Z DEBUG OSC out: /1/globalMute = 0
2026-08-21T05:42:19.624Z DEBUG OSC out: /2/mute = 0
2026-08-21T05:42:19.624Z DEBUG OSC out: /1/globalMute = 0
2026-08-21T05:42:19.799Z DEBUG OSC out: /2/mute = 0
2026-08-21T05:42:19.799Z DEBUG OSC out: /1/globalMute = 0
2026-08-21T05:42:19.909Z DEBUG OSC out: /2/mute = 0
2026-08-21T05:42:19.909Z DEBUG OSC out: /1/globalMute = 0
2026-08-21T05:42:20.145Z DEBUG OSC out: /2/mute = 0
2026-08-21T05:42:20.145Z DEBUG OSC out: /1/globalMute = 0
2026-08-21T05:42:20.222Z ERROR OSC send failed: getaddrinfo ENOTFOUND 12
2026-08-21T05:42:20.223Z ERROR OSC send failed: getaddrinfo ENOTFOUND 12
2026-08-21T05:42:20.490Z DEBUG OSC out: /2/mute = 0
2026-08-21T05:42:20.490Z DEBUG OSC out: /1/globalMute = 0
2026-08-21T05:42:20.680Z DEBUG OSC out: /2/mute = 0
2026-08-21T05:42:20.681Z DEBUG OSC out: /1/globalMute = 0
2026-08-21T05:42:21.309Z DEBUG OSC out: /2/mute = 0
2026-08-21T05:42:21.309Z DEBUG OSC out: /1/globalMute = 0
2026-08-21T05:42:21.638Z DEBUG OSC out: /2/mute = 0
2026-08-21T05:42:21.638Z DEBUG OSC out: /1/globalMute = 0
2026-08-21T05:42:21.809Z DEBUG OSC out: /2/mute = 0
2026-08-21T05:42:21.809Z DEBUG OSC out: /1/globalMute = 0
2026-08-21T05:42:21.917Z DEBUG OSC out: /2/mute = 0
2026-08-21T05:42:21.917Z DEBUG OSC out: /1/globalMute = 0
2026-08-21T05:42:22.151Z DEBUG OSC out: /2/mute = 0
2026-08-21T05:42:22.151Z DEBUG OSC out: /1/globalMute = 0
2026-08-21T05:42:22.497Z DEBUG OSC out: /2/mute = 0
2026-08-21T05:42:22.497Z DEBUG OSC out: /1/globalMute = 0
2026-08-21T05:42:22.685Z DEBUG OSC out: /2/mute = 0
2026-08-21T05:42:22.686Z DEBUG OSC out: /1/globalMute = 0
2026-08-21T05:42:22.922Z ERROR OSC send failed: getaddrinfo ENOTFOUND 127
2026-08-21T05:42:22.922Z ERROR OSC send failed: getaddrinfo ENOTFOUND 127
2026-08-21T05:42:23.316Z DEBUG OSC out: /2/mute = 0
2026-08-21T05:42:23.316Z DEBUG OSC out: /1/globalMute = 0
2026-08-21T05:42:23.647Z DEBUG OSC out: /2/mute = 0
2026-08-21T05:42:23.648Z DEBUG OSC out: /1/globalMute = 0
2026-08-21T05:42:23.820Z DEBUG OSC out: /2/mute = 0
2026-08-21T05:42:23.821Z DEBUG OSC out: /1/globalMute = 0
2026-08-21T05:42:23.930Z DEBUG OSC out: /2/mute = 0
2026-08-21T05:42:23.930Z DEBUG OSC out: /1/globalMute = 0
2026-08-21T05:42:24.166Z DEBUG OSC out: /2/mute = 0
2026-08-21T05:42:24.166Z DEBUG OSC out: /1/globalMute = 0
2026-08-21T05:42:24.497Z DEBUG OSC out: /2/mute = 0
2026-08-21T05:42:24.498Z DEBUG OSC out: /1/globalMute = 0
2026-08-21T05:42:24.689Z DEBUG OSC out: /2/mute = 0
2026-08-21T05:42:24.689Z DEBUG OSC out: /1/globalMute = 0
2026-08-21T05:42:25.321Z DEBUG OSC out: /2/mute = 0
2026-08-21T05:42:25.321Z DEBUG OSC out: /1/globalMute = 0
2026-08-21T05:42:25.622Z ERROR OSC send failed: getaddrinfo ENOTFOUND 12
2026-08-21T05:42:25.622Z ERROR OSC send failed: getaddrinfo ENOTFOUND 12
2026-08-21T05:42:25.652Z DEBUG OSC out: /2/mute = 0
2026-08-21T05:42:25.653Z DEBUG OSC out: /1/globalMute = 0
2026-08-21T05:42:25.827Z DEBUG OSC out: /2/mute = 0
2026-08-21T05:42:25.828Z DEBUG OSC out: /1/globalMute = 0
2026-08-21T05:42:25.937Z DEBUG OSC out: /2/mute = 0
2026-08-21T05:42:25.938Z DEBUG OSC out: /1/globalMute = 0
2026-08-21T05:42:26.175Z DEBUG OSC out: /2/mute = 0
2026-08-21T05:42:26.176Z DEBUG OSC out: /1/globalMute = 0
2026-08-21T05:42:26.506Z DEBUG OSC out: /2/mute = 0
2026-08-21T05:42:26.506Z DEBUG OSC out: /1/globalMute = 0
2026-08-21T05:42:26.695Z DEBUG OSC out: /2/mute = 0
2026-08-21T05:42:26.696Z DEBUG OSC out: /1/globalMute = 0
2026-08-21T05:42:27.324Z DEBUG OSC out: /2/mute = 0
2026-08-21T05:42:27.324Z DEBUG OSC out: /1/globalMute = 0
2026-08-21T05:42:27.668Z DEBUG OSC out: /2/mute = 0
2026-08-21T05:42:27.668Z DEBUG OSC out: /1/globalMute = 0
2026-08-21T05:42:27.841Z DEBUG OSC out: /2/mute = 0
2026-08-21T05:42:27.841Z DEBUG OSC out: /1/globalMute = 0
2026-08-21T05:42:27.888Z ERROR OSC send failed: getaddrinfo ENOTFOUND 127
2026-08-21T05:42:27.888Z ERROR OSC send failed: getaddrinfo ENOTFOUND 127
2026-08-21T05:42:27.951Z DEBUG OSC out: /2/mute = 0
2026-08-21T05:42:27.951Z DEBUG OSC out: /1/globalMute = 0
2026-08-21T05:42:28.185Z DEBUG OSC out: /2/mute = 0
2026-08-21T05:42:28.186Z DEBUG OSC out: /1/globalMute = 0
2026-08-21T05:42:28.515Z DEBUG OSC out: /2/mute = 0
2026-08-21T05:42:28.515Z DEBUG OSC out: /1/globalMute = 0
2026-08-21T05:42:28.703Z DEBUG OSC out: /2/mute = 0
2026-08-21T05:42:28.703Z DEBUG OSC out: /1/globalMute = 0
2026-08-21T05:42:29.334Z DEBUG OSC out: /2/mute = 0
2026-08-21T05:42:29.334Z DEBUG OSC out: /1/globalMute = 0
2026-08-21T05:42:29.682Z DEBUG OSC out: /2/mute = 0
2026-08-21T05:42:29.682Z DEBUG OSC out: /1/globalMute = 0
2026-08-21T05:42:29.841Z DEBUG OSC out: /2/mute = 0
2026-08-21T05:42:29.842Z DEBUG OSC out: /1/globalMute = 0
2026-08-21T05:42:29.952Z DEBUG OSC out: /2/mute = 0
2026-08-21T05:42:29.952Z DEBUG OSC out: /1/globalMute = 0
2026-08-21T05:42:30.174Z ERROR OSC send failed: getaddrinfo ENOTFOUND 12
2026-08-21T05:42:30.174Z ERROR OSC send failed: getaddrinfo ENOTFOUND 12
2026-08-21T05:42:30.189Z DEBUG OSC out: /2/mute = 0
2026-08-21T05:42:30.190Z DEBUG OSC out: /1/globalMute = 0
2026-08-21T05:42:30.524Z DEBUG OSC out: /2/mute = 0
2026-08-21T05:42:30.525Z DEBUG OSC out: /1/globalMute = 0
2026-08-21T05:42:30.716Z DEBUG OSC out: /2/mute = 0
2026-08-21T05:42:30.716Z DEBUG OSC out: /1/globalMute = 0
2026-08-21T05:42:31.334Z DEBUG OSC out: /2/mute = 0
2026-08-21T05:42:31.334Z DEBUG OSC out: /1/globalMute = 0
2026-08-21T05:42:31.696Z DEBUG OSC out: /2/mute = 0
2026-08-21T05:42:31.697Z DEBUG OSC out: /1/globalMute = 0
2026-08-21T05:42:31.856Z DEBUG OSC out: /2/mute = 0
2026-08-21T05:42:31.856Z DEBUG OSC out: /1/globalMute = 0
2026-08-21T05:42:31.952Z DEBUG OSC out: /2/mute = 0
2026-08-21T05:42:31.952Z DEBUG OSC out: /1/globalMute = 0
2026-08-21T05:42:32.189Z DEBUG OSC out: /2/mute = 0
2026-08-21T05:42:32.190Z DEBUG OSC out: /1/globalMute = 0
2026-08-21T05:42:32.536Z DEBUG OSC out: /2/mute = 0
2026-08-21T05:42:32.537Z DEBUG OSC out: /1/globalMute = 0
2026-08-21T05:42:32.726Z DEBUG OSC out: /2/mute = 0
2026-08-21T05:42:32.726Z DEBUG OSC out: /1/globalMute = 0
2026-08-21T05:42:32.885Z ERROR OSC send failed: getaddrinfo ENOTFOUND 127
2026-08-21T05:42:32.886Z ERROR OSC send failed: getaddrinfo ENOTFOUND 127
2026-08-21T05:42:33.345Z DEBUG OSC out: /2/mute = 0
2026-08-21T05:42:33.345Z DEBUG OSC out: /1/globalMute = 0
2026-08-21T05:42:33.709Z DEBUG OSC out: /2/mute = 0
2026-08-21T05:42:33.709Z DEBUG OSC out: /1/globalMute = 0
2026-08-21T05:42:33.867Z DEBUG OSC out: /2/mute = 0
2026-08-21T05:42:33.867Z DEBUG OSC out: /1/globalMute = 0
2026-08-21T05:42:33.961Z DEBUG OSC out: /2/mute = 0
2026-08-21T05:42:33.961Z DEBUG OSC out: /1/globalMute = 0
2026-08-21T05:42:34.199Z DEBUG OSC out: /2/mute = 0
2026-08-21T05:42:34.200Z DEBUG OSC out: /1/globalMute = 0
2026-08-21T05:42:34.547Z DEBUG OSC out: /2/mute = 0
2026-08-21T05:42:34.547Z DEBUG OSC out: /1/globalMute = 0
2026-08-21T05:42:34.738Z DEBUG OSC out: /2/mute = 0
2026-08-21T05:42:34.738Z DEBUG OSC out: /1/globalMute = 0
2026-08-21T05:42:35.357Z DEBUG OSC out: /2/mute = 0
2026-08-21T05:42:35.358Z DEBUG OSC out: /1/globalMute = 0
2026-08-21T05:42:35.582Z ERROR OSC send failed: getaddrinfo ENOTFOUND 12
2026-08-21T05:42:35.582Z ERROR OSC send failed: getaddrinfo ENOTFOUND 12
2026-08-21T05:42:35.724Z DEBUG OSC out: /2/mute = 0
2026-08-21T05:42:35.724Z DEBUG OSC out: /1/globalMute = 0
2026-08-21T05:42:35.868Z DEBUG OSC out: /2/mute = 0
2026-08-21T05:42:35.868Z DEBUG OSC out: /1/globalMute = 0
2026-08-21T05:42:35.963Z DEBUG OSC out: /2/mute = 0
2026-08-21T05:42:35.963Z DEBUG OSC out: /1/globalMute = 0
2026-08-21T05:42:36.200Z DEBUG OSC out: /2/mute = 0
2026-08-21T05:42:36.201Z DEBUG OSC out: /1/globalMute = 0
2026-08-21T05:42:36.561Z DEBUG OSC out: /2/mute = 0
2026-08-21T05:42:36.561Z DEBUG OSC out: /1/globalMute = 0
2026-08-21T05:42:36.752Z DEBUG OSC out: /2/mute = 0
2026-08-21T05:42:36.752Z DEBUG OSC out: /1/globalMute = 0
2026-08-21T05:42:37.372Z DEBUG OSC out: /2/mute = 0
2026-08-21T05:42:37.372Z DEBUG OSC out: /1/globalMute = 0
2026-08-21T05:42:37.737Z DEBUG OSC out: /2/mute = 0
2026-08-21T05:42:37.737Z DEBUG OSC out: /1/globalMute = 0
2026-08-21T05:42:37.864Z ERROR OSC send failed: getaddrinfo ENOTFOUND 127
2026-08-21T05:42:37.864Z ERROR OSC send failed: getaddrinfo ENOTFOUND 127
2026-08-21T05:42:37.880Z DEBUG OSC out: /2/mute = 0
2026-08-21T05:42:37.880Z DEBUG OSC out: /1/globalMute = 0
2026-08-21T05:42:37.975Z DEBUG OSC out: /2/mute = 0
2026-08-21T05:42:37.975Z DEBUG OSC out: /1/globalMute = 0
2026-08-21T05:42:38.214Z DEBUG OSC out: /2/mute = 0
2026-08-21T05:42:38.214Z DEBUG OSC out: /1/globalMute = 0
2026-08-21T05:42:38.561Z DEBUG OSC out: /2/mute = 0
2026-08-21T05:42:38.561Z DEBUG OSC out: /1/globalMute = 0
2026-08-21T05:42:38.766Z DEBUG OSC out: /2/mute = 0
2026-08-21T05:42:38.767Z DEBUG OSC out: /1/globalMute = 0
2026-08-21T05:42:39.383Z DEBUG OSC out: /2/mute = 0
2026-08-21T05:42:39.383Z DEBUG OSC out: /1/globalMute = 0
2026-08-21T05:42:39.745Z DEBUG OSC out: /2/mute = 0
2026-08-21T05:42:39.746Z DEBUG OSC out: /1/globalMute = 0
2026-08-21T05:42:39.887Z DEBUG OSC out: /2/mute = 0
2026-08-21T05:42:39.888Z DEBUG OSC out: /1/globalMute = 0
2026-08-21T05:42:39.984Z DEBUG OSC out: /2/mute = 0
2026-08-21T05:42:39.984Z DEBUG OSC out: /1/globalMute = 0
2026-08-21T05:42:40.143Z ERROR OSC send failed: getaddrinfo ENOTFOUND 12
2026-08-21T05:42:40.143Z ERROR OSC send failed: getaddrinfo ENOTFOUND 12
2026-08-21T05:42:40.223Z DEBUG OSC out: /2/mute = 0
2026-08-21T05:42:40.223Z DEBUG OSC out: /1/globalMute = 0
2026-08-21T05:42:40.571Z DEBUG OSC out: /2/mute = 0
2026-08-21T05:42:40.572Z DEBUG OSC out: /1/globalMute = 0
2026-08-21T05:42:40.779Z DEBUG OSC out: /2/mute = 0
2026-08-21T05:42:40.779Z DEBUG OSC out: /1/globalMute = 0
2026-08-21T05:42:41.385Z DEBUG OSC out: /2/mute = 0
2026-08-21T05:42:41.385Z DEBUG OSC out: /1/globalMute = 0
2026-08-21T05:42:41.751Z DEBUG OSC out: /2/mute = 0
2026-08-21T05:42:41.751Z DEBUG OSC out: /1/globalMute = 0
2026-08-21T05:42:41.894Z DEBUG OSC out: /2/mute = 0
2026-08-21T05:42:41.894Z DEBUG OSC out: /1/globalMute = 0
2026-08-21T05:42:41.989Z DEBUG OSC out: /2/mute = 0
2026-08-21T05:42:41.989Z DEBUG OSC out: /1/globalMute = 0
2026-08-21T05:42:42.228Z DEBUG OSC out: /2/mute = 0
2026-08-21T05:42:42.228Z DEBUG OSC out: /1/globalMute = 0
2026-08-21T05:42:42.433Z ERROR OSC send failed: getaddrinfo ENOTFOUND 127
2026-08-21T05:42:42.433Z ERROR OSC send failed: getaddrinfo ENOTFOUND 127
2026-08-21T05:42:42.574Z DEBUG OSC out: /2/mute = 0
2026-08-21T05:42:42.574Z DEBUG OSC out: /1/globalMute = 0
2026-08-21T05:42:42.783Z DEBUG OSC out: /2/mute = 0
2026-08-21T05:42:42.783Z DEBUG OSC out: /1/globalMute = 0
2026-08-21T05:42:43.389Z DEBUG OSC out: /2/mute = 0
2026-08-21T05:42:43.389Z DEBUG OSC out: /1/globalMute = 0
2026-08-21T05:42:43.755Z DEBUG OSC out: /2/mute = 0
2026-08-21T05:42:43.755Z DEBUG OSC out: /1/globalMute = 0
2026-08-21T05:42:43.899Z DEBUG OSC out: /2/mute = 0
2026-08-21T05:42:43.899Z DEBUG OSC out: /1/globalMute = 0
2026-08-21T05:42:43.994Z DEBUG OSC out: /2/mute = 0
2026-08-21T05:42:43.995Z DEBUG OSC out: /1/globalMute = 0
2026-08-21T05:42:44.230Z DEBUG OSC out: /2/mute = 0
2026-08-21T05:42:44.230Z DEBUG OSC out: /1/globalMute = 0
2026-08-21T05:42:44.577Z DEBUG OSC out: /2/mute = 0
2026-08-21T05:42:44.577Z DEBUG OSC out: /1/globalMute = 0
2026-08-21T05:42:44.784Z DEBUG OSC out: /2/mute = 0
2026-08-21T05:42:44.785Z DEBUG OSC out: /1/globalMute = 0
2026-08-21T05:42:45.135Z ERROR OSC send failed: getaddrinfo ENOTFOUND 12
2026-08-21T05:42:45.135Z ERROR OSC send failed: getaddrinfo ENOTFOUND 12
2026-08-21T05:42:45.388Z DEBUG OSC out: /2/mute = 0
2026-08-21T05:42:45.389Z DEBUG OSC out: /1/globalMute = 0
2026-08-21T05:42:45.754Z DEBUG OSC out: /2/mute = 0
2026-08-21T05:42:45.755Z DEBUG OSC out: /1/globalMute = 0
2026-08-21T05:42:45.898Z DEBUG OSC out: /2/mute = 0
2026-08-21T05:42:45.899Z DEBUG OSC out: /1/globalMute = 0
2026-08-21T05:42:46.010Z DEBUG OSC out: /2/mute = 0
2026-08-21T05:42:46.010Z DEBUG OSC out: /1/globalMute = 0
2026-08-21T05:42:46.235Z DEBUG OSC out: /2/mute = 0
2026-08-21T05:42:46.235Z DEBUG OSC out: /1/globalMute = 0
2026-08-21T05:42:46.581Z DEBUG OSC out: /2/mute = 0
2026-08-21T05:42:46.582Z DEBUG OSC out: /1/globalMute = 0
2026-08-21T05:42:46.788Z DEBUG OSC out: /2/mute = 0
2026-08-21T05:42:46.789Z DEBUG OSC out: /1/globalMute = 0
2026-08-21T05:42:47.389Z DEBUG OSC out: /2/mute = 0
2026-08-21T05:42:47.389Z DEBUG OSC out: /1/globalMute = 0
2026-08-21T05:42:47.754Z DEBUG OSC out: /2/mute = 0
2026-08-21T05:42:47.755Z DEBUG OSC out: /1/globalMute = 0
2026-08-21T05:42:47.834Z ERROR OSC send failed: getaddrinfo ENOTFOUND 127
2026-08-21T05:42:47.834Z ERROR OSC send failed: getaddrinfo ENOTFOUND 127
2026-08-21T05:42:47.913Z DEBUG OSC out: /2/mute = 0
2026-08-21T05:42:47.914Z DEBUG OSC out: /1/globalMute = 0
2026-08-21T05:42:48.024Z DEBUG OSC out: /2/mute = 0
2026-08-21T05:42:48.024Z DEBUG OSC out: /1/globalMute = 0
2026-08-21T05:42:48.242Z DEBUG OSC out: /2/mute = 0
2026-08-21T05:42:48.242Z DEBUG OSC out: /1/globalMute = 0
2026-08-21T05:42:48.591Z DEBUG OSC out: /2/mute = 0
2026-08-21T05:42:48.591Z DEBUG OSC out: /1/globalMute = 0
2026-08-21T05:42:48.797Z DEBUG OSC out: /2/mute = 0
2026-08-21T05:42:48.797Z DEBUG OSC out: /1/globalMute = 0
2026-08-21T05:42:49.397Z DEBUG OSC out: /2/mute = 0
2026-08-21T05:42:49.398Z DEBUG OSC out: /1/globalMute = 0
2026-08-21T05:42:49.760Z DEBUG OSC out: /2/mute = 0
2026-08-21T05:42:49.760Z DEBUG OSC out: /1/globalMute = 0
2026-08-21T05:42:49.920Z DEBUG OSC out: /2/mute = 0
2026-08-21T05:42:49.920Z DEBUG OSC out: /1/globalMute = 0
2026-08-21T05:42:50.031Z DEBUG OSC out: /2/mute = 0
2026-08-21T05:42:50.031Z DEBUG OSC out: /1/globalMute = 0
2026-08-21T05:42:50.110Z ERROR OSC send failed: getaddrinfo ENOTFOUND 12
2026-08-21T05:42:50.110Z ERROR OSC send failed: getaddrinfo ENOTFOUND 12
2026-08-21T05:42:50.252Z DEBUG OSC out: /2/mute = 0
2026-08-21T05:42:50.253Z DEBUG OSC out: /1/globalMute = 0
2026-08-21T05:42:50.602Z DEBUG OSC out: /2/mute = 0
2026-08-21T05:42:50.602Z DEBUG OSC out: /1/globalMute = 0
2026-08-21T05:42:50.810Z DEBUG OSC out: /2/mute = 0
2026-08-21T05:42:50.810Z DEBUG OSC out: /1/globalMute = 0
2026-08-21T05:42:51.413Z DEBUG OSC out: /2/mute = 0
2026-08-21T05:42:51.413Z DEBUG OSC out: /1/globalMute = 0
2026-08-21T05:42:51.774Z DEBUG OSC out: /2/mute = 0
2026-08-21T05:42:51.774Z DEBUG OSC out: /1/globalMute = 0
2026-08-21T05:42:51.933Z DEBUG OSC out: /2/mute = 0
2026-08-21T05:42:51.934Z DEBUG OSC out: /1/globalMute = 0
2026-08-21T05:42:52.043Z DEBUG OSC out: /2/mute = 0
2026-08-21T05:42:52.044Z DEBUG OSC out: /1/globalMute = 0
2026-08-21T05:42:52.266Z DEBUG OSC out: /2/mute = 0
2026-08-21T05:42:52.267Z DEBUG OSC out: /1/globalMute = 0
2026-08-21T05:42:52.393Z ERROR OSC send failed: getaddrinfo ENOTFOUND 127
2026-08-21T05:42:52.394Z ERROR OSC send failed: getaddrinfo ENOTFOUND 127
2026-08-21T05:42:52.613Z DEBUG OSC out: /2/mute = 0
2026-08-21T05:42:52.614Z DEBUG OSC out: /1/globalMute = 0
2026-08-21T05:42:52.818Z DEBUG OSC out: /2/mute = 0
2026-08-21T05:42:52.818Z DEBUG OSC out: /1/globalMute = 0
2026-08-21T05:42:53.416Z DEBUG OSC out: /2/mute = 0
2026-08-21T05:42:53.417Z DEBUG OSC out: /1/globalMute = 0
2026-08-21T05:42:53.778Z DEBUG OSC out: /2/mute = 0
2026-08-21T05:42:53.778Z DEBUG OSC out: /1/globalMute = 0
2026-08-21T05:42:53.936Z DEBUG OSC out: /2/mute = 0
2026-08-21T05:42:53.937Z DEBUG OSC out: /1/globalMute = 0
2026-08-21T05:42:54.046Z DEBUG OSC out: /2/mute = 0
2026-08-21T05:42:54.046Z DEBUG OSC out: /1/globalMute = 0
2026-08-21T05:42:54.282Z DEBUG OSC out: /2/mute = 0
2026-08-21T05:42:54.282Z DEBUG OSC out: /1/globalMute = 0
2026-08-21T05:42:54.614Z DEBUG OSC out: /2/mute = 0
2026-08-21T05:42:54.614Z DEBUG OSC out: /1/globalMute = 0
2026-08-21T05:42:54.818Z DEBUG OSC out: /2/mute = 0
2026-08-21T05:42:54.818Z DEBUG OSC out: /1/globalMute = 0
2026-08-21T05:42:55.087Z ERROR OSC send failed: getaddrinfo ENOTFOUND 12
2026-08-21T05:42:55.087Z ERROR OSC send failed: getaddrinfo ENOTFOUND 12
2026-08-21T05:42:55.418Z DEBUG OSC out: /2/mute = 0
2026-08-21T05:42:55.419Z DEBUG OSC out: /1/globalMute = 0
2026-08-21T05:42:55.792Z DEBUG OSC out: /2/mute = 0
2026-08-21T05:42:55.792Z DEBUG OSC out: /1/globalMute = 0
2026-08-21T05:42:55.950Z DEBUG OSC out: /2/mute = 0
2026-08-21T05:42:55.950Z DEBUG OSC out: /1/globalMute = 0
2026-08-21T05:42:56.060Z DEBUG OSC out: /2/mute = 0
2026-08-21T05:42:56.060Z DEBUG OSC out: /1/globalMute = 0
2026-08-21T05:42:56.296Z DEBUG OSC out: /2/mute = 0
2026-08-21T05:42:56.297Z DEBUG OSC out: /1/globalMute = 0
2026-08-21T05:42:56.628Z DEBUG OSC out: /2/mute = 0
2026-08-21T05:42:56.628Z DEBUG OSC out: /1/globalMute = 0
2026-08-21T05:42:56.833Z DEBUG OSC out: /2/mute = 0
2026-08-21T05:42:56.833Z DEBUG OSC out: /1/globalMute = 0
2026-08-21T05:42:57.430Z DEBUG OSC out: /2/mute = 0
2026-08-21T05:42:57.431Z DEBUG OSC out: /1/globalMute = 0
2026-08-21T05:42:57.776Z ERROR OSC send failed: getaddrinfo ENOTFOUND 127
2026-08-21T05:42:57.776Z ERROR OSC send failed: getaddrinfo ENOTFOUND 127
2026-08-21T05:42:57.806Z DEBUG OSC out: /2/mute = 0
2026-08-21T05:42:57.807Z DEBUG OSC out: /1/globalMute = 0
2026-08-21T05:42:57.963Z DEBUG OSC out: /2/mute = 0
2026-08-21T05:42:57.963Z DEBUG OSC out: /1/globalMute = 0
2026-08-21T05:42:58.073Z DEBUG OSC out: /2/mute = 0
2026-08-21T05:42:58.073Z DEBUG OSC out: /1/globalMute = 0
2026-08-21T05:42:58.306Z DEBUG OSC out: /2/mute = 0
2026-08-21T05:42:58.306Z DEBUG OSC out: /1/globalMute = 0
2026-08-21T05:42:58.637Z DEBUG OSC out: /2/mute = 0
2026-08-21T05:42:58.637Z DEBUG OSC out: /1/globalMute = 0
2026-08-21T05:42:58.841Z DEBUG OSC out: /2/mute = 0
2026-08-21T05:42:58.841Z DEBUG OSC out: /1/globalMute = 0
2026-08-21T05:42:59.436Z DEBUG OSC out: /2/mute = 0
2026-08-21T05:42:59.437Z DEBUG OSC out: /1/globalMute = 0
2026-08-21T05:42:59.813Z DEBUG OSC out: /2/mute = 0
2026-08-21T05:42:59.813Z DEBUG OSC out: /1/globalMute = 0
2026-08-21T05:42:59.971Z DEBUG OSC out: /2/mute = 0
2026-08-21T05:42:59.971Z DEBUG OSC out: /1/globalMute = 0
2026-08-21T05:43:00.049Z ERROR OSC send failed: getaddrinfo ENOTFOUND 12
2026-08-21T05:43:00.050Z ERROR OSC send failed: getaddrinfo ENOTFOUND 12
2026-08-21T05:43:00.081Z DEBUG OSC out: /2/mute = 0
2026-08-21T05:43:00.081Z DEBUG OSC out: /1/globalMute = 0
2026-08-21T05:43:00.316Z DEBUG OSC out: /2/mute = 0
2026-08-21T05:43:00.316Z DEBUG OSC out: /1/globalMute = 0
2026-08-21T05:43:00.645Z DEBUG OSC out: /2/mute = 0
2026-08-21T05:43:00.646Z DEBUG OSC out: /1/globalMute = 0
2026-08-21T05:43:00.851Z DEBUG OSC out: /2/mute = 0
2026-08-21T05:43:00.851Z DEBUG OSC out: /1/globalMute = 0
2026-08-21T05:43:01.448Z DEBUG OSC out: /2/mute = 0
2026-08-21T05:43:01.449Z DEBUG OSC out: /1/globalMute = 0
2026-08-21T05:43:01.826Z DEBUG OSC out: /2/mute = 0
2026-08-21T05:43:01.826Z DEBUG OSC out: /1/globalMute = 0
2026-08-21T05:43:01.984Z DEBUG OSC out: /2/mute = 0
2026-08-21T05:43:01.984Z DEBUG OSC out: /1/globalMute = 0
2026-08-21T05:43:02.093Z DEBUG OSC out: /2/mute = 0
2026-08-21T05:43:02.094Z DEBUG OSC out: /1/globalMute = 0
2026-08-21T05:43:02.314Z ERROR OSC send failed: getaddrinfo ENOTFOUND 127
2026-08-21T05:43:02.314Z ERROR OSC send failed: getaddrinfo ENOTFOUND 127
2026-08-21T05:43:02.329Z DEBUG OSC out: /2/mute = 0
2026-08-21T05:43:02.330Z DEBUG OSC out: /1/globalMute = 0
2026-08-21T05:43:02.661Z DEBUG OSC out: /2/mute = 0
2026-08-21T05:43:02.662Z DEBUG OSC out: /1/globalMute = 0
2026-08-21T05:43:02.851Z DEBUG OSC out: /2/mute = 0
2026-08-21T05:43:02.851Z DEBUG OSC out: /1/globalMute = 0
2026-08-21T05:43:03.452Z DEBUG OSC out: /2/mute = 0
2026-08-21T05:43:03.452Z DEBUG OSC out: /1/globalMute = 0
2026-08-21T05:43:03.829Z DEBUG OSC out: /2/mute = 0
2026-08-21T05:43:03.829Z DEBUG OSC out: /1/globalMute = 0
2026-08-21T05:43:03.985Z DEBUG OSC out: /2/mute = 0
2026-08-21T05:43:03.985Z DEBUG OSC out: /1/globalMute = 0
2026-08-21T05:43:04.094Z DEBUG OSC out: /2/mute = 0
2026-08-21T05:43:04.095Z DEBUG OSC out: /1/globalMute = 0
2026-08-21T05:43:04.329Z DEBUG OSC out: /2/mute = 0
2026-08-21T05:43:04.330Z DEBUG OSC out: /1/globalMute = 0
2026-08-21T05:43:04.675Z DEBUG OSC out: /2/mute = 0
2026-08-21T05:43:04.676Z DEBUG OSC out: /1/globalMute = 0
2026-08-21T05:43:04.863Z DEBUG OSC out: /2/mute = 0
2026-08-21T05:43:04.863Z DEBUG OSC out: /1/globalMute = 0
2026-08-21T05:43:05.005Z ERROR OSC send failed: getaddrinfo ENOTFOUND 12
2026-08-21T05:43:05.006Z ERROR OSC send failed: getaddrinfo ENOTFOUND 12
2026-08-21T05:43:05.462Z DEBUG OSC out: /2/mute = 0
2026-08-21T05:43:05.463Z DEBUG OSC out: /1/globalMute = 0
2026-08-21T05:43:05.837Z DEBUG OSC out: /2/mute = 0
2026-08-21T05:43:05.838Z DEBUG OSC out: /1/globalMute = 0
2026-08-21T05:43:05.993Z DEBUG OSC out: /2/mute = 0
2026-08-21T05:43:05.993Z DEBUG OSC out: /1/globalMute = 0
2026-08-21T05:43:06.103Z DEBUG OSC out: /2/mute = 0
2026-08-21T05:43:06.103Z DEBUG OSC out: /1/globalMute = 0
2026-08-21T05:43:06.337Z DEBUG OSC out: /2/mute = 0
2026-08-21T05:43:06.337Z DEBUG OSC out: /1/globalMute = 0
2026-08-21T05:43:06.681Z DEBUG OSC out: /2/mute = 0
2026-08-21T05:43:06.681Z DEBUG OSC out: /1/globalMute = 0
2026-08-21T05:43:06.867Z DEBUG OSC out: /2/mute = 0
2026-08-21T05:43:06.867Z DEBUG OSC out: /1/globalMute = 0
2026-08-21T05:43:07.466Z DEBUG OSC out: /2/mute = 0
2026-08-21T05:43:07.466Z DEBUG OSC out: /1/globalMute = 0
2026-08-21T05:43:07.701Z ERROR OSC send failed: getaddrinfo ENOTFOUND 127
2026-08-21T05:43:07.717Z ERROR OSC send failed: getaddrinfo ENOTFOUND 127
2026-08-21T05:43:07.842Z DEBUG OSC out: /2/mute = 0
2026-08-21T05:43:07.842Z DEBUG OSC out: /1/globalMute = 0
2026-08-21T05:43:08.000Z DEBUG OSC out: /2/mute = 0
2026-08-21T05:43:08.000Z DEBUG OSC out: /1/globalMute = 0
2026-08-21T05:43:08.111Z DEBUG OSC out: /2/mute = 0
2026-08-21T05:43:08.111Z DEBUG OSC out: /1/globalMute = 0
2026-08-21T05:43:08.346Z DEBUG OSC out: /2/mute = 0
2026-08-21T05:43:08.347Z DEBUG OSC out: /1/globalMute = 0
2026-08-21T05:43:08.694Z DEBUG OSC out: /2/mute = 0
2026-08-21T05:43:08.694Z DEBUG OSC out: /1/globalMute = 0
2026-08-21T05:43:08.880Z DEBUG OSC out: /2/mute = 0
2026-08-21T05:43:08.880Z DEBUG OSC out: /1/globalMute = 0
2026-08-21T05:43:09.479Z DEBUG OSC out: /2/mute = 0
2026-08-21T05:43:09.480Z DEBUG OSC out: /1/globalMute = 0
2026-08-21T05:43:09.842Z DEBUG OSC out: /2/mute = 0
2026-08-21T05:43:09.842Z DEBUG OSC out: /1/globalMute = 0
2026-08-21T05:43:09.968Z ERROR OSC send failed: getaddrinfo ENOTFOUND 12
2026-08-21T05:43:09.985Z ERROR OSC send failed: getaddrinfo ENOTFOUND 12
2026-08-21T05:43:10.001Z DEBUG OSC out: /2/mute = 0
2026-08-21T05:43:10.001Z DEBUG OSC out: /1/globalMute = 0
2026-08-21T05:43:10.111Z DEBUG OSC out: /2/mute = 0
2026-08-21T05:43:10.112Z DEBUG OSC out: /1/globalMute = 0
2026-08-21T05:43:10.346Z DEBUG OSC out: /2/mute = 0
2026-08-21T05:43:10.347Z DEBUG OSC out: /1/globalMute = 0
2026-08-21T05:43:10.704Z DEBUG OSC out: /2/mute = 0
2026-08-21T05:43:10.704Z DEBUG OSC out: /1/globalMute = 0
2026-08-21T05:43:10.893Z DEBUG OSC out: /2/mute = 0
2026-08-21T05:43:10.894Z DEBUG OSC out: /1/globalMute = 0
2026-08-21T05:43:11.480Z DEBUG OSC out: /2/mute = 0
2026-08-21T05:43:11.481Z DEBUG OSC out: /1/globalMute = 0
2026-08-21T05:43:11.843Z DEBUG OSC out: /2/mute = 0
2026-08-21T05:43:11.843Z DEBUG OSC out: /1/globalMute = 0
2026-08-21T05:43:12.002Z DEBUG OSC out: /2/mute = 0
2026-08-21T05:43:12.003Z DEBUG OSC out: /1/globalMute = 0
2026-08-21T05:43:12.112Z DEBUG OSC out: /2/mute = 0
2026-08-21T05:43:12.113Z DEBUG OSC out: /1/globalMute = 0
2026-08-21T05:43:12.255Z ERROR OSC send failed: getaddrinfo ENOTFOUND 127
2026-08-21T05:43:12.271Z ERROR OSC send failed: getaddrinfo ENOTFOUND 127
2026-08-21T05:43:12.349Z DEBUG OSC out: /2/mute = 0
2026-08-21T05:43:12.350Z DEBUG OSC out: /1/globalMute = 0
2026-08-21T05:43:12.710Z DEBUG OSC out: /2/mute = 0
2026-08-21T05:43:12.711Z DEBUG OSC out: /1/globalMute = 0
2026-08-21T05:43:12.899Z DEBUG OSC out: /2/mute = 0
2026-08-21T05:43:12.900Z DEBUG OSC out: /1/globalMute = 0
2026-08-21T05:43:13.485Z DEBUG OSC out: /2/mute = 0
2026-08-21T05:43:13.485Z DEBUG OSC out: /1/globalMute = 0
2026-08-21T05:43:13.847Z DEBUG OSC out: /2/mute = 0
2026-08-21T05:43:13.848Z DEBUG OSC out: /1/globalMute = 0
2026-08-21T05:43:14.006Z DEBUG OSC out: /2/mute = 0
2026-08-21T05:43:14.006Z DEBUG OSC out: /1/globalMute = 0
2026-08-21T05:43:14.114Z DEBUG OSC out: /2/mute = 0
2026-08-21T05:43:14.115Z DEBUG OSC out: /1/globalMute = 0
2026-08-21T05:43:14.364Z DEBUG OSC out: /2/mute = 0
2026-08-21T05:43:14.364Z DEBUG OSC out: /1/globalMute = 0
2026-08-21T05:43:14.724Z DEBUG OSC out: /2/mute = 0
2026-08-21T05:43:14.725Z DEBUG OSC out: /1/globalMute = 0
2026-08-21T05:43:14.899Z DEBUG OSC out: /2/mute = 0
2026-08-21T05:43:14.900Z DEBUG OSC out: /1/globalMute = 0
2026-08-21T05:43:14.947Z ERROR OSC send failed: getaddrinfo ENOTFOUND 12
2026-08-21T05:43:14.963Z ERROR OSC send failed: getaddrinfo ENOTFOUND 12
2026-08-21T05:43:15.499Z DEBUG OSC out: /2/mute = 0
2026-08-21T05:43:15.499Z DEBUG OSC out: /1/globalMute = 0
2026-08-21T05:43:15.861Z DEBUG OSC out: /2/mute = 0
2026-08-21T05:43:15.862Z DEBUG OSC out: /1/globalMute = 0
2026-08-21T05:43:16.017Z DEBUG OSC out: /2/mute = 0
2026-08-21T05:43:16.017Z DEBUG OSC out: /1/globalMute = 0
2026-08-21T05:43:16.128Z DEBUG OSC out: /2/mute = 0
2026-08-21T05:43:16.128Z DEBUG OSC out: /1/globalMute = 0
2026-08-21T05:43:16.366Z DEBUG OSC out: /2/mute = 0
2026-08-21T05:43:16.366Z DEBUG OSC out: /1/globalMute = 0
2026-08-21T05:43:16.726Z DEBUG OSC out: /2/mute = 0
2026-08-21T05:43:16.727Z DEBUG OSC out: /1/globalMute = 0
2026-08-21T05:43:16.901Z DEBUG OSC out: /2/mute = 0
2026-08-21T05:43:16.901Z DEBUG OSC out: /1/globalMute = 0
2026-08-21T05:43:17.513Z DEBUG OSC out: /2/mute = 0
2026-08-21T05:43:17.514Z DEBUG OSC out: /1/globalMute = 0
2026-08-21T05:43:17.639Z ERROR OSC send failed: getaddrinfo ENOTFOUND 127
2026-08-21T05:43:17.654Z ERROR OSC send failed: getaddrinfo ENOTFOUND 127
2026-08-21T05:43:17.874Z DEBUG OSC out: /2/mute = 0
2026-08-21T05:43:17.874Z DEBUG OSC out: /1/globalMute = 0
2026-08-21T05:43:18.032Z DEBUG OSC out: /2/mute = 0
2026-08-21T05:43:18.032Z DEBUG OSC out: /1/globalMute = 0
2026-08-21T05:43:18.141Z DEBUG OSC out: /2/mute = 0
2026-08-21T05:43:18.142Z DEBUG OSC out: /1/globalMute = 0
2026-08-21T05:43:18.375Z DEBUG OSC out: /2/mute = 0
2026-08-21T05:43:18.375Z DEBUG OSC out: /1/globalMute = 0
2026-08-21T05:43:18.737Z DEBUG OSC out: /2/mute = 0
2026-08-21T05:43:18.737Z DEBUG OSC out: /1/globalMute = 0
2026-08-21T05:43:18.909Z DEBUG OSC out: /2/mute = 0
2026-08-21T05:43:18.910Z DEBUG OSC out: /1/globalMute = 0
2026-08-21T05:43:19.523Z DEBUG OSC out: /2/mute = 0
2026-08-21T05:43:19.523Z DEBUG OSC out: /1/globalMute = 0
2026-08-21T05:43:19.882Z DEBUG OSC out: /2/mute = 0
2026-08-21T05:43:19.882Z DEBUG OSC out: /1/globalMute = 0
2026-08-21T05:43:19.913Z ERROR OSC send failed: getaddrinfo ENOTFOUND 12
2026-08-21T05:43:19.929Z ERROR OSC send failed: getaddrinfo ENOTFOUND 12
2026-08-21T05:43:20.038Z DEBUG OSC out: /2/mute = 0
2026-08-21T05:43:20.038Z DEBUG OSC out: /1/globalMute = 0
2026-08-21T05:43:20.146Z DEBUG OSC out: /2/mute = 0
2026-08-21T05:43:20.147Z DEBUG OSC out: /1/globalMute = 0
2026-08-21T05:43:20.381Z DEBUG OSC out: /2/mute = 0
2026-08-21T05:43:20.382Z DEBUG OSC out: /1/globalMute = 0
2026-08-21T05:43:20.744Z DEBUG OSC out: /2/mute = 0
2026-08-21T05:43:20.744Z DEBUG OSC out: /1/globalMute = 0
2026-08-21T05:43:20.915Z DEBUG OSC out: /2/mute = 0
2026-08-21T05:43:20.915Z DEBUG OSC out: /1/globalMute = 0
2026-08-21T05:43:21.530Z DEBUG OSC out: /2/mute = 0
2026-08-21T05:43:21.531Z DEBUG OSC out: /1/globalMute = 0
2026-08-21T05:43:21.893Z DEBUG OSC out: /2/mute = 0
2026-08-21T05:43:21.893Z DEBUG OSC out: /1/globalMute = 0
2026-08-21T05:43:22.051Z DEBUG OSC out: /2/mute = 0
2026-08-21T05:43:22.052Z DEBUG OSC out: /1/globalMute = 0
2026-08-21T05:43:22.161Z DEBUG OSC out: /2/mute = 0
2026-08-21T05:43:22.161Z DEBUG OSC out: /1/globalMute = 0
2026-08-21T05:43:22.176Z ERROR OSC send failed: getaddrinfo ENOTFOUND 127
2026-08-21T05:43:22.192Z ERROR OSC send failed: getaddrinfo ENOTFOUND 127
2026-08-21T05:43:22.396Z DEBUG OSC out: /2/mute = 0
2026-08-21T05:43:22.397Z DEBUG OSC out: /1/globalMute = 0
2026-08-21T05:43:22.759Z DEBUG OSC out: /2/mute = 0
2026-08-21T05:43:22.759Z DEBUG OSC out: /1/globalMute = 0
2026-08-21T05:43:22.917Z DEBUG OSC out: /2/mute = 0
2026-08-21T05:43:22.918Z DEBUG OSC out: /1/globalMute = 0
2026-08-21T05:43:23.531Z DEBUG OSC out: /2/mute = 0
2026-08-21T05:43:23.532Z DEBUG OSC out: /1/globalMute = 0
2026-08-21T05:43:23.906Z DEBUG OSC out: /2/mute = 0
2026-08-21T05:43:23.906Z DEBUG OSC out: /1/globalMute = 0
2026-08-21T05:43:24.063Z DEBUG OSC out: /2/mute = 0
2026-08-21T05:43:24.063Z DEBUG OSC out: /1/globalMute = 0
2026-08-21T05:43:24.173Z DEBUG OSC out: /2/mute = 0
2026-08-21T05:43:24.174Z DEBUG OSC out: /1/globalMute = 0
2026-08-21T05:43:24.415Z DEBUG OSC out: /2/mute = 0
2026-08-21T05:43:24.416Z DEBUG OSC out: /1/globalMute = 0
2026-08-21T05:43:24.771Z DEBUG OSC out: /2/mute = 0
2026-08-21T05:43:24.772Z DEBUG OSC out: /1/globalMute = 0
2026-08-21T05:43:24.866Z ERROR OSC send failed: getaddrinfo ENOTFOUND 12
2026-08-21T05:43:24.882Z ERROR OSC send failed: getaddrinfo ENOTFOUND 12
2026-08-21T05:43:24.928Z DEBUG OSC out: /2/mute = 0
2026-08-21T05:43:24.928Z DEBUG OSC out: /1/globalMute = 0
2026-08-21T05:43:25.542Z DEBUG OSC out: /2/mute = 0
2026-08-21T05:43:25.543Z DEBUG OSC out: /1/globalMute = 0
2026-08-21T05:43:25.921Z DEBUG OSC out: /2/mute = 0
2026-08-21T05:43:25.921Z DEBUG OSC out: /1/globalMute = 0
2026-08-21T05:43:26.077Z DEBUG OSC out: /2/mute = 0
2026-08-21T05:43:26.078Z DEBUG OSC out: /1/globalMute = 0
2026-08-21T05:43:26.185Z DEBUG OSC out: /2/mute = 0
2026-08-21T05:43:26.186Z DEBUG OSC out: /1/globalMute = 0
2026-08-21T05:43:26.419Z DEBUG OSC out: /2/mute = 0
2026-08-21T05:43:26.419Z DEBUG OSC out: /1/globalMute = 0
2026-08-21T05:43:26.782Z DEBUG OSC out: /2/mute = 0
2026-08-21T05:43:26.783Z DEBUG OSC out: /1/globalMute = 0
2026-08-21T05:43:26.939Z DEBUG OSC out: /2/mute = 0
2026-08-21T05:43:26.940Z DEBUG OSC out: /1/globalMute = 0
2026-08-21T05:43:27.553Z DEBUG OSC out: /2/mute = 0
2026-08-21T05:43:27.553Z DEBUG OSC out: /1/globalMute = 0
2026-08-21T05:43:27.554Z ERROR OSC send failed: getaddrinfo ENOTFOUND 127
2026-08-21T05:43:27.569Z ERROR OSC send failed: getaddrinfo ENOTFOUND 127
2026-08-21T05:43:27.932Z DEBUG OSC out: /2/mute = 0
2026-08-21T05:43:27.932Z DEBUG OSC out: /1/globalMute = 0
2026-08-21T05:43:28.091Z DEBUG OSC out: /2/mute = 0
2026-08-21T05:43:28.091Z DEBUG OSC out: /1/globalMute = 0
2026-08-21T05:43:28.200Z DEBUG OSC out: /2/mute = 0
2026-08-21T05:43:28.200Z DEBUG OSC out: /1/globalMute = 0
2026-08-21T05:43:28.421Z DEBUG OSC out: /2/mute = 0
2026-08-21T05:43:28.421Z DEBUG OSC out: /1/globalMute = 0
2026-08-21T05:43:28.786Z DEBUG OSC out: /2/mute = 0
2026-08-21T05:43:28.787Z DEBUG OSC out: /1/globalMute = 0
2026-08-21T05:43:28.945Z DEBUG OSC out: /2/mute = 0
2026-08-21T05:43:28.946Z DEBUG OSC out: /1/globalMute = 0
2026-08-21T05:43:29.564Z DEBUG OSC out: /2/mute = 0
2026-08-21T05:43:29.565Z DEBUG OSC out: /1/globalMute = 0
2026-08-21T05:43:29.835Z ERROR OSC send failed: getaddrinfo ENOTFOUND 12
2026-08-21T05:43:29.851Z ERROR OSC send failed: getaddrinfo ENOTFOUND 12
2026-08-21T05:43:29.946Z DEBUG OSC out: /2/mute = 0
2026-08-21T05:43:29.946Z DEBUG OSC out: /1/globalMute = 0
2026-08-21T05:43:30.102Z DEBUG OSC out: /2/mute = 0
2026-08-21T05:43:30.102Z DEBUG OSC out: /1/globalMute = 0
2026-08-21T05:43:30.213Z DEBUG OSC out: /2/mute = 0
2026-08-21T05:43:30.214Z DEBUG OSC out: /1/globalMute = 0
2026-08-21T05:43:30.433Z DEBUG OSC out: /2/mute = 0
2026-08-21T05:43:30.433Z DEBUG OSC out: /1/globalMute = 0
2026-08-21T05:43:30.795Z DEBUG OSC out: /2/mute = 0
2026-08-21T05:43:30.795Z DEBUG OSC out: /1/globalMute = 0
2026-08-21T05:43:30.954Z DEBUG OSC out: /2/mute = 0
2026-08-21T05:43:30.954Z DEBUG OSC out: /1/globalMute = 0
2026-08-21T05:43:31.570Z DEBUG OSC out: /2/mute = 0
2026-08-21T05:43:31.570Z DEBUG OSC out: /1/globalMute = 0
2026-08-21T05:43:31.948Z DEBUG OSC out: /2/mute = 0
2026-08-21T05:43:31.948Z DEBUG OSC out: /1/globalMute = 0
2026-08-21T05:43:32.106Z DEBUG OSC out: /2/mute = 0
2026-08-21T05:43:32.106Z DEBUG OSC out: /1/globalMute = 0
2026-08-21T05:43:32.107Z ERROR OSC send failed: getaddrinfo ENOTFOUND 127
2026-08-21T05:43:32.121Z ERROR OSC send failed: getaddrinfo ENOTFOUND 127
2026-08-21T05:43:32.215Z DEBUG OSC out: /2/mute = 0
2026-08-21T05:43:32.215Z DEBUG OSC out: /1/globalMute = 0
2026-08-21T05:43:32.434Z DEBUG OSC out: /2/mute = 0
2026-08-21T05:43:32.435Z DEBUG OSC out: /1/globalMute = 0
2026-08-21T05:43:32.796Z DEBUG OSC out: /2/mute = 0
2026-08-21T05:43:32.797Z DEBUG OSC out: /1/globalMute = 0
2026-08-21T05:43:32.968Z DEBUG OSC out: /2/mute = 0
2026-08-21T05:43:32.968Z DEBUG OSC out: /1/globalMute = 0
2026-08-21T05:43:33.580Z DEBUG OSC out: /2/mute = 0
2026-08-21T05:43:33.580Z DEBUG OSC out: /1/globalMute = 0
2026-08-21T05:43:33.960Z DEBUG OSC out: /2/mute = 0
2026-08-21T05:43:33.960Z DEBUG OSC out: /1/globalMute = 0
2026-08-21T05:43:34.114Z DEBUG OSC out: /2/mute = 0
2026-08-21T05:43:34.115Z DEBUG OSC out: /1/globalMute = 0
2026-08-21T05:43:34.225Z DEBUG OSC out: /2/mute = 0
2026-08-21T05:43:34.225Z DEBUG OSC out: /1/globalMute = 0
2026-08-21T05:43:34.366Z ERROR OSC send failed: getaddrinfo ENOTFOUND 12
2026-08-21T05:43:34.382Z ERROR OSC send failed: getaddrinfo ENOTFOUND 12
2026-08-21T05:43:34.445Z DEBUG OSC out: /2/mute = 0
2026-08-21T05:43:34.445Z DEBUG OSC out: /1/globalMute = 0
2026-08-21T05:43:34.807Z DEBUG OSC out: /2/mute = 0
2026-08-21T05:43:34.807Z DEBUG OSC out: /1/globalMute = 0
2026-08-21T05:43:34.981Z DEBUG OSC out: /2/mute = 0
2026-08-21T05:43:34.981Z DEBUG OSC out: /1/globalMute = 0
2026-08-21T05:43:35.591Z DEBUG OSC out: /2/mute = 0
2026-08-21T05:43:35.591Z DEBUG OSC out: /1/globalMute = 0
2026-08-21T05:43:35.967Z DEBUG OSC out: /2/mute = 0
2026-08-21T05:43:35.967Z DEBUG OSC out: /1/globalMute = 0
2026-08-21T05:43:36.124Z DEBUG OSC out: /2/mute = 0
2026-08-21T05:43:36.124Z DEBUG OSC out: /1/globalMute = 0
2026-08-21T05:43:36.233Z DEBUG OSC out: /2/mute = 0
2026-08-21T05:43:36.233Z DEBUG OSC out: /1/globalMute = 0
2026-08-21T05:43:36.452Z DEBUG OSC out: /2/mute = 0
2026-08-21T05:43:36.453Z DEBUG OSC out: /1/globalMute = 0
2026-08-21T05:43:36.816Z DEBUG OSC out: /2/mute = 0
2026-08-21T05:43:36.816Z DEBUG OSC out: /1/globalMute = 0
2026-08-21T05:43:36.987Z DEBUG OSC out: /2/mute = 0
2026-08-21T05:43:36.987Z DEBUG OSC out: /1/globalMute = 0
2026-08-21T05:43:37.050Z ERROR OSC send failed: getaddrinfo ENOTFOUND 127
2026-08-21T05:43:37.066Z ERROR OSC send failed: getaddrinfo ENOTFOUND 127
2026-08-21T05:43:37.598Z DEBUG OSC out: /2/mute = 0
2026-08-21T05:43:37.598Z DEBUG OSC out: /1/globalMute = 0
2026-08-21T05:43:37.974Z DEBUG OSC out: /2/mute = 0
2026-08-21T05:43:37.975Z DEBUG OSC out: /1/globalMute = 0
2026-08-21T05:43:38.130Z DEBUG OSC out: /2/mute = 0
2026-08-21T05:43:38.130Z DEBUG OSC out: /1/globalMute = 0
2026-08-21T05:43:38.240Z DEBUG OSC out: /2/mute = 0
2026-08-21T05:43:38.240Z DEBUG OSC out: /1/globalMute = 0
2026-08-21T05:43:38.457Z DEBUG OSC out: /2/mute = 0
2026-08-21T05:43:38.458Z DEBUG OSC out: /1/globalMute = 0
2026-08-21T05:43:38.818Z DEBUG OSC out: /2/mute = 0
2026-08-21T05:43:38.819Z DEBUG OSC out: /1/globalMute = 0
2026-08-21T05:43:38.995Z DEBUG OSC out: /2/mute = 0
2026-08-21T05:43:38.995Z DEBUG OSC out: /1/globalMute = 0
2026-08-21T05:43:39.604Z DEBUG OSC out: /2/mute = 0
2026-08-21T05:43:39.605Z DEBUG OSC out: /1/globalMute = 0
2026-08-21T05:43:39.730Z ERROR OSC send failed: getaddrinfo ENOTFOUND 12
2026-08-21T05:43:39.760Z ERROR OSC send failed: getaddrinfo ENOTFOUND 12
2026-08-21T05:43:39.981Z DEBUG OSC out: /2/mute = 0
2026-08-21T05:43:39.981Z DEBUG OSC out: /1/globalMute = 0
2026-08-21T05:43:40.138Z DEBUG OSC out: /2/mute = 0
2026-08-21T05:43:40.139Z DEBUG OSC out: /1/globalMute = 0
2026-08-21T05:43:40.247Z DEBUG OSC out: /2/mute = 0
2026-08-21T05:43:40.247Z DEBUG OSC out: /1/globalMute = 0
2026-08-21T05:43:40.466Z DEBUG OSC out: /2/mute = 0
2026-08-21T05:43:40.466Z DEBUG OSC out: /1/globalMute = 0
2026-08-21T05:43:40.833Z DEBUG OSC out: /2/mute = 0
2026-08-21T05:43:40.833Z DEBUG OSC out: /1/globalMute = 0
2026-08-21T05:43:41.008Z DEBUG OSC out: /2/mute = 0
2026-08-21T05:43:41.008Z DEBUG OSC out: /1/globalMute = 0
2026-08-21T05:43:41.607Z DEBUG OSC out: /2/mute = 0
2026-08-21T05:43:41.608Z DEBUG OSC out: /1/globalMute = 0
2026-08-21T05:43:41.989Z DEBUG OSC out: /2/mute = 0
2026-08-21T05:43:41.989Z DEBUG OSC out: /1/globalMute = 0
2026-08-21T05:43:42.004Z ERROR OSC send failed: getaddrinfo ENOTFOUND 127
2026-08-21T05:43:42.051Z ERROR OSC send failed: getaddrinfo ENOTFOUND 127
2026-08-21T05:43:42.144Z DEBUG OSC out: /2/mute = 0
2026-08-21T05:43:42.145Z DEBUG OSC out: /1/globalMute = 0
2026-08-21T05:43:42.255Z DEBUG OSC out: /2/mute = 0
2026-08-21T05:43:42.256Z DEBUG OSC out: /1/globalMute = 0
2026-08-21T05:43:42.477Z DEBUG OSC out: /2/mute = 0
2026-08-21T05:43:42.477Z DEBUG OSC out: /1/globalMute = 0
2026-08-21T05:43:42.843Z DEBUG OSC out: /2/mute = 0
2026-08-21T05:43:42.843Z DEBUG OSC out: /1/globalMute = 0
2026-08-21T05:43:43.018Z DEBUG OSC out: /2/mute = 0
2026-08-21T05:43:43.018Z DEBUG OSC out: /1/globalMute = 0
2026-08-21T05:43:43.613Z DEBUG OSC out: /2/mute = 0
2026-08-21T05:43:43.613Z DEBUG OSC out: /1/globalMute = 0
2026-08-21T05:43:43.993Z DEBUG OSC out: /2/mute = 0
2026-08-21T05:43:43.993Z DEBUG OSC out: /1/globalMute = 0
2026-08-21T05:43:44.151Z DEBUG OSC out: /2/mute = 0
2026-08-21T05:43:44.151Z DEBUG OSC out: /1/globalMute = 0
2026-08-21T05:43:44.261Z DEBUG OSC out: /2/mute = 0
2026-08-21T05:43:44.261Z DEBUG OSC out: /1/globalMute = 0
2026-08-21T05:43:44.277Z ERROR OSC send failed: getaddrinfo ENOTFOUND 12
2026-08-21T05:43:44.325Z ERROR OSC send failed: getaddrinfo ENOTFOUND 12
2026-08-21T05:43:44.483Z DEBUG OSC out: /2/mute = 0
2026-08-21T05:43:44.484Z DEBUG OSC out: /1/globalMute = 0
2026-08-21T05:43:44.849Z DEBUG OSC out: /2/mute = 0
2026-08-21T05:43:44.850Z DEBUG OSC out: /1/globalMute = 0
2026-08-21T05:43:45.024Z DEBUG OSC out: /2/mute = 0
2026-08-21T05:43:45.024Z DEBUG OSC out: /1/globalMute = 0
2026-08-21T05:43:45.623Z DEBUG OSC out: /2/mute = 0
2026-08-21T05:43:45.623Z DEBUG OSC out: /1/globalMute = 0
2026-08-21T05:43:46.003Z DEBUG OSC out: /2/mute = 0
2026-08-21T05:43:46.004Z DEBUG OSC out: /1/globalMute = 0
2026-08-21T05:43:46.159Z DEBUG OSC out: /2/mute = 0
2026-08-21T05:43:46.159Z DEBUG OSC out: /1/globalMute = 0
2026-08-21T05:43:46.269Z DEBUG OSC out: /2/mute = 0
2026-08-21T05:43:46.269Z DEBUG OSC out: /1/globalMute = 0
2026-08-21T05:43:46.490Z DEBUG OSC out: /2/mute = 0
2026-08-21T05:43:46.490Z DEBUG OSC out: /1/globalMute = 0
2026-08-21T05:43:46.851Z DEBUG OSC out: /2/mute = 0
2026-08-21T05:43:46.851Z DEBUG OSC out: /1/globalMute = 0
2026-08-21T05:43:46.962Z ERROR OSC send failed: getaddrinfo ENOTFOUND 127
2026-08-21T05:43:47.009Z ERROR OSC send failed: getaddrinfo ENOTFOUND 127
2026-08-21T05:43:47.024Z DEBUG OSC out: /2/mute = 0
2026-08-21T05:43:47.025Z DEBUG OSC out: /1/globalMute = 0
2026-08-21T05:43:47.635Z DEBUG OSC out: /2/mute = 0
2026-08-21T05:43:47.635Z DEBUG OSC out: /1/globalMute = 0
2026-08-21T05:43:48.010Z DEBUG OSC out: /2/mute = 0
2026-08-21T05:43:48.010Z DEBUG OSC out: /1/globalMute = 0
2026-08-21T05:43:48.166Z DEBUG OSC out: /2/mute = 0
2026-08-21T05:43:48.166Z DEBUG OSC out: /1/globalMute = 0
2026-08-21T05:43:48.274Z DEBUG OSC out: /2/mute = 0
2026-08-21T05:43:48.275Z DEBUG OSC out: /1/globalMute = 0
2026-08-21T05:43:48.493Z DEBUG OSC out: /2/mute = 0
2026-08-21T05:43:48.493Z DEBUG OSC out: /1/globalMute = 0
2026-08-21T05:43:48.853Z DEBUG OSC out: /2/mute = 0
2026-08-21T05:43:48.853Z DEBUG OSC out: /1/globalMute = 0
2026-08-21T05:43:49.024Z DEBUG OSC out: /2/mute = 0
2026-08-21T05:43:49.024Z DEBUG OSC out: /1/globalMute = 0
2026-08-21T05:43:49.637Z DEBUG OSC out: /2/mute = 0
2026-08-21T05:43:49.637Z DEBUG OSC out: /1/globalMute = 0
2026-08-21T05:43:49.669Z ERROR OSC send failed: getaddrinfo ENOTFOUND 12
2026-08-21T05:43:49.716Z ERROR OSC send failed: getaddrinfo ENOTFOUND 12
2026-08-21T05:43:50.012Z DEBUG OSC out: /2/mute = 0
2026-08-21T05:43:50.012Z DEBUG OSC out: /1/globalMute = 0
2026-08-21T05:43:50.169Z DEBUG OSC out: /2/mute = 0
2026-08-21T05:43:50.169Z DEBUG OSC out: /1/globalMute = 0
2026-08-21T05:43:50.279Z DEBUG OSC out: /2/mute = 0
2026-08-21T05:43:50.279Z DEBUG OSC out: /1/globalMute = 0
2026-08-21T05:43:50.502Z DEBUG OSC out: /2/mute = 0
2026-08-21T05:43:50.502Z DEBUG OSC out: /1/globalMute = 0
2026-08-21T05:43:50.859Z DEBUG OSC out: /2/mute = 0
2026-08-21T05:43:50.860Z DEBUG OSC out: /1/globalMute = 0
2026-08-21T05:43:51.039Z DEBUG OSC out: /2/mute = 0
2026-08-21T05:43:51.039Z DEBUG OSC out: /1/globalMute = 0
2026-08-21T05:43:51.404Z INFO  PI -> plugin: {"event":"getStrips"}
2026-08-21T05:43:51.638Z DEBUG OSC out: /2/mute = 0
2026-08-21T05:43:51.638Z DEBUG OSC out: /1/globalMute = 0
2026-08-21T05:43:51.670Z INFO  Datasource reply: 24 strips, 16 with names
2026-08-21T05:43:51.954Z ERROR OSC send failed: getaddrinfo ENOTFOUND 127
2026-08-21T05:43:52.001Z ERROR OSC send failed: getaddrinfo ENOTFOUND 127
2026-08-21T05:43:52.017Z DEBUG OSC out: /2/mute = 0
2026-08-21T05:43:52.017Z DEBUG OSC out: /1/globalMute = 0
2026-08-21T05:43:52.173Z DEBUG OSC out: /2/mute = 0
2026-08-21T05:43:52.173Z DEBUG OSC out: /1/globalMute = 0
2026-08-21T05:43:52.283Z DEBUG OSC out: /2/mute = 0
2026-08-21T05:43:52.283Z DEBUG OSC out: /1/globalMute = 0
2026-08-21T05:43:52.503Z DEBUG OSC out: /2/mute = 0
2026-08-21T05:43:52.503Z DEBUG OSC out: /1/globalMute = 0
2026-08-21T05:43:52.866Z DEBUG OSC out: /2/mute = 0
2026-08-21T05:43:52.867Z DEBUG OSC out: /1/globalMute = 0
2026-08-21T05:43:53.043Z DEBUG OSC out: /2/mute = 0
2026-08-21T05:43:53.044Z DEBUG OSC out: /1/globalMute = 0
2026-08-21T05:43:53.638Z DEBUG OSC out: /2/mute = 0
2026-08-21T05:43:53.638Z DEBUG OSC out: /1/globalMute = 0
2026-08-21T05:43:54.032Z DEBUG OSC out: /2/mute = 0
2026-08-21T05:43:54.032Z DEBUG OSC out: /1/globalMute = 0
2026-08-21T05:43:54.173Z DEBUG OSC out: /2/mute = 0
2026-08-21T05:43:54.173Z DEBUG OSC out: /1/globalMute = 0
2026-08-21T05:43:54.220Z ERROR OSC send failed: getaddrinfo ENOTFOUND 12
2026-08-21T05:43:54.266Z ERROR OSC send failed: getaddrinfo ENOTFOUND 12
2026-08-21T05:43:54.298Z DEBUG OSC out: /2/mute = 0
2026-08-21T05:43:54.298Z DEBUG OSC out: /1/globalMute = 0
2026-08-21T05:43:54.503Z DEBUG OSC out: /2/mute = 0
2026-08-21T05:43:54.503Z DEBUG OSC out: /1/globalMute = 0
2026-08-21T05:43:54.880Z DEBUG OSC out: /2/mute = 0
2026-08-21T05:43:54.881Z DEBUG OSC out: /1/globalMute = 0
2026-08-21T05:43:55.054Z DEBUG OSC out: /2/mute = 0
2026-08-21T05:43:55.054Z DEBUG OSC out: /1/globalMute = 0
2026-08-21T05:43:55.637Z DEBUG OSC out: /2/mute = 0
2026-08-21T05:43:55.638Z DEBUG OSC out: /1/globalMute = 0
2026-08-21T05:43:56.035Z DEBUG OSC out: /2/mute = 0
2026-08-21T05:43:56.035Z DEBUG OSC out: /1/globalMute = 0
2026-08-21T05:43:56.178Z DEBUG OSC out: /2/mute = 0
2026-08-21T05:43:56.178Z DEBUG OSC out: /1/globalMute = 0
2026-08-21T05:43:56.305Z DEBUG OSC out: /2/mute = 0
2026-08-21T05:43:56.305Z DEBUG OSC out: /1/globalMute = 0
2026-08-21T05:43:56.511Z DEBUG OSC out: /2/mute = 0
2026-08-21T05:43:56.512Z DEBUG OSC out: /1/globalMute = 0
2026-08-21T05:43:56.890Z DEBUG OSC out: /2/mute = 0
2026-08-21T05:43:56.891Z DEBUG OSC out: /1/globalMute = 0
2026-08-21T05:43:56.922Z ERROR OSC send failed: getaddrinfo ENOTFOUND 127
2026-08-21T05:43:56.954Z ERROR OSC send failed: getaddrinfo ENOTFOUND 127
2026-08-21T05:43:57.065Z DEBUG OSC out: /2/mute = 0
2026-08-21T05:43:57.066Z DEBUG OSC out: /1/globalMute = 0
2026-08-21T05:43:57.647Z DEBUG OSC out: /2/mute = 0
2026-08-21T05:43:57.648Z DEBUG OSC out: /1/globalMute = 0
2026-08-21T05:43:58.044Z DEBUG OSC out: /2/mute = 0
2026-08-21T05:43:58.044Z DEBUG OSC out: /1/globalMute = 0
2026-08-21T05:43:58.186Z DEBUG OSC out: /2/mute = 0
2026-08-21T05:43:58.187Z DEBUG OSC out: /1/globalMute = 0
2026-08-21T05:43:58.310Z DEBUG OSC out: /2/mute = 0
2026-08-21T05:43:58.310Z DEBUG OSC out: /1/globalMute = 0
2026-08-21T05:43:58.515Z DEBUG OSC out: /2/mute = 0
2026-08-21T05:43:58.515Z DEBUG OSC out: /1/globalMute = 0
2026-08-21T05:43:58.893Z DEBUG OSC out: /2/mute = 0
2026-08-21T05:43:58.894Z DEBUG OSC out: /1/globalMute = 0
2026-08-21T05:43:59.069Z DEBUG OSC out: /2/mute = 0
2026-08-21T05:43:59.069Z DEBUG OSC out: /1/globalMute = 0
2026-08-21T05:43:59.622Z ERROR OSC send failed: getaddrinfo ENOTFOUND 12
2026-08-21T05:43:59.652Z DEBUG OSC out: /2/mute = 0
2026-08-21T05:43:59.653Z DEBUG OSC out: /1/globalMute = 0
2026-08-21T05:43:59.653Z ERROR OSC send failed: getaddrinfo ENOTFOUND 12
2026-08-21T05:44:00.049Z DEBUG OSC out: /2/mute = 0
2026-08-21T05:44:00.050Z DEBUG OSC out: /1/globalMute = 0
2026-08-21T05:44:00.190Z DEBUG OSC out: /2/mute = 0
2026-08-21T05:44:00.190Z DEBUG OSC out: /1/globalMute = 0
2026-08-21T05:44:00.316Z DEBUG OSC out: /2/mute = 0
2026-08-21T05:44:00.316Z DEBUG OSC out: /1/globalMute = 0
2026-08-21T05:44:00.522Z DEBUG OSC out: /2/mute = 0
2026-08-21T05:44:00.523Z DEBUG OSC out: /1/globalMute = 0
2026-08-21T05:44:00.555Z INFO  Key press: toggle /1/globalMute
2026-08-21T05:44:00.555Z DEBUG OSC out: /1/globalMute = 1
2026-08-21T05:44:00.902Z DEBUG OSC out: /2/mute = 0
2026-08-21T05:44:00.902Z DEBUG OSC out: /1/globalMute = 0
2026-08-21T05:44:01.077Z DEBUG OSC out: /2/mute = 0
2026-08-21T05:44:01.077Z DEBUG OSC out: /1/globalMute = 0
2026-08-21T05:44:01.235Z INFO  Key press: toggle /1/globalMute
2026-08-21T05:44:01.236Z DEBUG OSC out: /1/globalMute = 1
2026-08-21T05:44:01.654Z DEBUG OSC out: /2/mute = 0
2026-08-21T05:44:01.655Z DEBUG OSC out: /1/globalMute = 0
2026-08-21T05:44:01.671Z INFO  Key press: toggle /1/globalMute
2026-08-21T05:44:01.671Z DEBUG OSC out: /1/globalMute = 1
2026-08-21T05:44:01.892Z ERROR OSC send failed: getaddrinfo ENOTFOUND 127
2026-08-21T05:44:01.924Z ERROR OSC send failed: getaddrinfo ENOTFOUND 127
2026-08-21T05:44:01.987Z INFO  Key press: toggle /1/globalMute
2026-08-21T05:44:01.987Z DEBUG OSC out: /1/globalMute = 1
2026-08-21T05:44:02.049Z DEBUG OSC out: /2/mute = 0
2026-08-21T05:44:02.050Z DEBUG OSC out: /1/globalMute = 0
2026-08-21T05:44:02.191Z DEBUG OSC out: /2/mute = 0
2026-08-21T05:44:02.192Z DEBUG OSC out: /1/globalMute = 0
2026-08-21T05:44:02.316Z DEBUG OSC out: /2/mute = 0
2026-08-21T05:44:02.316Z DEBUG OSC out: /1/globalMute = 0
2026-08-21T05:44:02.535Z DEBUG OSC out: /2/mute = 0
2026-08-21T05:44:02.535Z DEBUG OSC out: /1/globalMute = 0
2026-08-21T05:44:02.916Z DEBUG OSC out: /2/mute = 0
2026-08-21T05:44:02.916Z DEBUG OSC out: /1/globalMute = 0
2026-08-21T05:44:03.090Z DEBUG OSC out: /2/mute = 0
2026-08-21T05:44:03.090Z DEBUG OSC out: /1/globalMute = 0
2026-08-21T05:44:03.655Z DEBUG OSC out: /2/mute = 0
2026-08-21T05:44:03.655Z DEBUG OSC out: /1/globalMute = 0
2026-08-21T05:44:04.051Z DEBUG OSC out: /2/mute = 0
2026-08-21T05:44:04.051Z DEBUG OSC out: /1/globalMute = 0
2026-08-21T05:44:04.160Z ERROR OSC send failed: getaddrinfo ENOTFOUND 12
2026-08-21T05:44:04.192Z DEBUG OSC out: /2/mute = 0
2026-08-21T05:44:04.192Z DEBUG OSC out: /1/globalMute = 0
2026-08-21T05:44:04.192Z ERROR OSC send failed: getaddrinfo ENOTFOUND 12
2026-08-21T05:44:04.332Z DEBUG OSC out: /2/mute = 0
2026-08-21T05:44:04.332Z DEBUG OSC out: /1/globalMute = 0
2026-08-21T05:44:04.537Z DEBUG OSC out: /2/mute = 0
2026-08-21T05:44:04.537Z DEBUG OSC out: /1/globalMute = 0
2026-08-21T05:44:04.928Z DEBUG OSC out: /2/mute = 0
2026-08-21T05:44:04.929Z DEBUG OSC out: /1/globalMute = 0
2026-08-21T05:44:05.102Z DEBUG OSC out: /2/mute = 0
2026-08-21T05:44:05.102Z DEBUG OSC out: /1/globalMute = 0
2026-08-21T05:44:05.664Z DEBUG OSC out: /2/mute = 0
2026-08-21T05:44:05.664Z DEBUG OSC out: /1/globalMute = 0
2026-08-21T05:44:06.059Z DEBUG OSC out: /2/mute = 0
2026-08-21T05:44:06.059Z DEBUG OSC out: /1/globalMute = 0
2026-08-21T05:44:06.201Z DEBUG OSC out: /2/mute = 0
2026-08-21T05:44:06.201Z DEBUG OSC out: /1/globalMute = 0
2026-08-21T05:44:06.270Z INFO  Listening for TotalMix on udp/9001, sending to 127:7001
2026-08-21T05:44:06.270Z DEBUG OSC out: /2/mute = 0
2026-08-21T05:44:06.270Z DEBUG OSC out: /1/globalMute = 0
2026-08-21T05:44:06.342Z DEBUG OSC out: /2/mute = 0
2026-08-21T05:44:06.342Z DEBUG OSC out: /1/globalMute = 0
2026-08-21T05:44:06.544Z DEBUG OSC out: /2/mute = 0
2026-08-21T05:44:06.545Z DEBUG OSC out: /1/globalMute = 0
2026-08-21T05:44:06.855Z ERROR OSC send failed: getaddrinfo ENOTFOUND 127
2026-08-21T05:44:06.888Z ERROR OSC send failed: getaddrinfo ENOTFOUND 127
2026-08-21T05:44:06.935Z DEBUG OSC out: /2/mute = 0
2026-08-21T05:44:06.935Z DEBUG OSC out: /1/globalMute = 0
2026-08-21T05:44:06.953Z INFO  Listening for TotalMix on udp/9001, sending to 127.0.:7001
2026-08-21T05:44:06.954Z DEBUG OSC out: /2/mute = 0
2026-08-21T05:44:06.954Z DEBUG OSC out: /1/globalMute = 0
2026-08-21T05:44:07.108Z DEBUG OSC out: /2/mute = 0
2026-08-21T05:44:07.108Z DEBUG OSC out: /1/globalMute = 0
2026-08-21T05:44:07.174Z INFO  Listening for TotalMix on udp/9001, sending to 127.0.0:7001
2026-08-21T05:44:07.175Z DEBUG OSC out: /2/mute = 0
2026-08-21T05:44:07.175Z DEBUG OSC out: /1/globalMute = 0
2026-08-21T05:44:07.399Z INFO  Listening for TotalMix on udp/9001, sending to 127.0.0.:7001
2026-08-21T05:44:07.399Z DEBUG OSC out: /2/mute = 0
2026-08-21T05:44:07.399Z DEBUG OSC out: /1/globalMute = 0
2026-08-21T05:44:07.673Z DEBUG OSC out: /2/mute = 0
2026-08-21T05:44:07.674Z DEBUG OSC out: /1/globalMute = 0
2026-08-21T05:44:08.069Z DEBUG OSC out: /2/mute = 0
2026-08-21T05:44:08.070Z DEBUG OSC out: /1/globalMute = 0
2026-08-21T05:44:08.210Z DEBUG OSC out: /2/mute = 0
2026-08-21T05:44:08.210Z DEBUG OSC out: /1/globalMute = 0
2026-08-21T05:44:08.273Z DEBUG OSC out: /2/mute = 0
2026-08-21T05:44:08.273Z DEBUG OSC out: /1/globalMute = 0
2026-08-21T05:44:08.350Z DEBUG OSC out: /2/mute = 0
2026-08-21T05:44:08.350Z DEBUG OSC out: /1/globalMute = 0
2026-08-21T05:44:08.553Z DEBUG OSC out: /2/mute = 0
2026-08-21T05:44:08.553Z DEBUG OSC out: /1/globalMute = 0
2026-08-21T05:44:08.949Z DEBUG OSC out: /2/mute = 0
2026-08-21T05:44:08.950Z DEBUG OSC out: /1/globalMute = 0
2026-08-21T05:44:08.965Z DEBUG OSC out: /2/mute = 0
2026-08-21T05:44:08.965Z DEBUG OSC out: /1/globalMute = 0
2026-08-21T05:44:09.107Z DEBUG OSC out: /2/mute = 0
2026-08-21T05:44:09.108Z DEBUG OSC out: /1/globalMute = 0
2026-08-21T05:44:09.187Z DEBUG OSC out: /2/mute = 0
2026-08-21T05:44:09.187Z DEBUG OSC out: /1/globalMute = 0
2026-08-21T05:44:09.406Z DEBUG OSC out: /2/mute = 0
2026-08-21T05:44:09.406Z DEBUG OSC out: /1/globalMute = 0
2026-08-21T05:44:09.545Z ERROR OSC send failed: getaddrinfo ENOTFOUND 12
2026-08-21T05:44:09.576Z ERROR OSC send failed: getaddrinfo ENOTFOUND 12
2026-08-21T05:44:09.593Z INFO  Listening for TotalMix on udp/9001, sending to 127.0.0.1:70
2026-08-21T05:44:09.594Z DEBUG OSC out: /2/mute = 0
2026-08-21T05:44:09.594Z DEBUG OSC out: /1/globalMute = 0
2026-08-21T05:44:09.686Z DEBUG OSC out: /2/mute = 0
2026-08-21T05:44:09.686Z DEBUG OSC out: /1/globalMute = 0
2026-08-21T05:44:10.078Z DEBUG OSC out: /2/mute = 0
2026-08-21T05:44:10.079Z DEBUG OSC out: /1/globalMute = 0
2026-08-21T05:44:10.219Z DEBUG OSC out: /2/mute = 0
2026-08-21T05:44:10.219Z DEBUG OSC out: /1/globalMute = 0
2026-08-21T05:44:10.282Z DEBUG OSC out: /2/mute = 0
2026-08-21T05:44:10.282Z DEBUG OSC out: /1/globalMute = 0
2026-08-21T05:44:10.359Z DEBUG OSC out: /2/mute = 0
2026-08-21T05:44:10.359Z DEBUG OSC out: /1/globalMute = 0
2026-08-21T05:44:10.564Z DEBUG OSC out: /2/mute = 0
2026-08-21T05:44:10.564Z DEBUG OSC out: /1/globalMute = 0
2026-08-21T05:44:10.955Z DEBUG OSC out: /2/mute = 0
2026-08-21T05:44:10.955Z DEBUG OSC out: /1/globalMute = 0
2026-08-21T05:44:10.972Z DEBUG OSC out: /2/mute = 0
2026-08-21T05:44:10.972Z DEBUG OSC out: /1/globalMute = 0
2026-08-21T05:44:11.113Z DEBUG OSC out: /2/mute = 0
2026-08-21T05:44:11.114Z DEBUG OSC out: /1/globalMute = 0
2026-08-21T05:44:11.192Z DEBUG OSC out: /2/mute = 0
2026-08-21T05:44:11.193Z DEBUG OSC out: /1/globalMute = 0
2026-08-21T05:44:11.413Z DEBUG OSC out: /2/mute = 0
2026-08-21T05:44:11.413Z DEBUG OSC out: /1/globalMute = 0
2026-08-21T05:44:11.465Z INFO  Listening for TotalMix on udp/7, sending to 127.0.0.1:7002
2026-08-21T05:44:11.466Z DEBUG OSC out: /2/mute = 0
2026-08-21T05:44:11.466Z DEBUG OSC out: /1/globalMute = 0
2026-08-21T05:44:11.601Z DEBUG OSC out: /2/mute = 0
2026-08-21T05:44:11.602Z DEBUG OSC out: /1/globalMute = 0
2026-08-21T05:44:11.697Z DEBUG OSC out: /2/mute = 0
2026-08-21T05:44:11.697Z DEBUG OSC out: /1/globalMute = 0
2026-08-21T05:44:11.824Z ERROR OSC send failed: getaddrinfo ENOTFOUND 127
2026-08-21T05:44:11.841Z ERROR OSC send failed: getaddrinfo ENOTFOUND 127
2026-08-21T05:44:12.094Z DEBUG OSC out: /2/mute = 0
2026-08-21T05:44:12.095Z DEBUG OSC out: /1/globalMute = 0
2026-08-21T05:44:12.221Z DEBUG OSC out: /2/mute = 0
2026-08-21T05:44:12.222Z DEBUG OSC out: /1/globalMute = 0
2026-08-21T05:44:12.284Z DEBUG OSC out: /2/mute = 0
2026-08-21T05:44:12.284Z DEBUG OSC out: /1/globalMute = 0
2026-08-21T05:44:12.362Z DEBUG OSC out: /2/mute = 0
2026-08-21T05:44:12.362Z DEBUG OSC out: /1/globalMute = 0
2026-08-21T05:44:12.566Z DEBUG OSC out: /2/mute = 0
2026-08-21T05:44:12.566Z DEBUG OSC out: /1/globalMute = 0
2026-08-21T05:44:12.971Z DEBUG OSC out: /2/mute = 0
2026-08-21T05:44:12.971Z DEBUG OSC out: /1/globalMute = 0
2026-08-21T05:44:12.971Z DEBUG OSC out: /2/mute = 0
2026-08-21T05:44:12.972Z DEBUG OSC out: /1/globalMute = 0
2026-08-21T05:44:13.115Z DEBUG OSC out: /2/mute = 0
2026-08-21T05:44:13.115Z DEBUG OSC out: /1/globalMute = 0
2026-08-21T05:44:13.195Z DEBUG OSC out: /2/mute = 0
2026-08-21T05:44:13.195Z DEBUG OSC out: /1/globalMute = 0
2026-08-21T05:44:13.413Z DEBUG OSC out: /2/mute = 0
2026-08-21T05:44:13.414Z DEBUG OSC out: /1/globalMute = 0
2026-08-21T05:44:13.477Z DEBUG OSC out: /2/mute = 0
2026-08-21T05:44:13.477Z DEBUG OSC out: /1/globalMute = 0
2026-08-21T05:44:13.602Z DEBUG OSC out: /2/mute = 0
2026-08-21T05:44:13.602Z DEBUG OSC out: /1/globalMute = 0
2026-08-21T05:44:13.710Z DEBUG OSC out: /2/mute = 0
2026-08-21T05:44:13.711Z DEBUG OSC out: /1/globalMute = 0
2026-08-21T05:44:14.090Z ERROR OSC send failed: getaddrinfo ENOTFOUND 12
2026-08-21T05:44:14.106Z DEBUG OSC out: /2/mute = 0
2026-08-21T05:44:14.107Z DEBUG OSC out: /1/globalMute = 0
2026-08-21T05:44:14.107Z ERROR OSC send failed: getaddrinfo ENOTFOUND 12
2026-08-21T05:44:14.233Z DEBUG OSC out: /2/mute = 0
2026-08-21T05:44:14.233Z DEBUG OSC out: /1/globalMute = 0
2026-08-21T05:44:14.295Z DEBUG OSC out: /2/mute = 0
2026-08-21T05:44:14.295Z DEBUG OSC out: /1/globalMute = 0
2026-08-21T05:44:14.374Z DEBUG OSC out: /2/mute = 0
2026-08-21T05:44:14.374Z DEBUG OSC out: /1/globalMute = 0
2026-08-21T05:44:14.577Z DEBUG OSC out: /2/mute = 0
2026-08-21T05:44:14.578Z DEBUG OSC out: /1/globalMute = 0
2026-08-21T05:44:14.972Z DEBUG OSC out: /2/mute = 0
2026-08-21T05:44:14.973Z DEBUG OSC out: /1/globalMute = 0
2026-08-21T05:44:14.973Z DEBUG OSC out: /2/mute = 0
2026-08-21T05:44:14.973Z DEBUG OSC out: /1/globalMute = 0
2026-08-21T05:44:15.115Z DEBUG OSC out: /2/mute = 0
2026-08-21T05:44:15.115Z DEBUG OSC out: /1/globalMute = 0
2026-08-21T05:44:15.194Z DEBUG OSC out: /2/mute = 0
2026-08-21T05:44:15.194Z DEBUG OSC out: /1/globalMute = 0
2026-08-21T05:44:15.368Z INFO  Key press: toggle /1/globalMute
2026-08-21T05:44:15.369Z DEBUG OSC out: /1/globalMute = 1
2026-08-21T05:44:15.414Z DEBUG OSC out: /2/mute = 0
2026-08-21T05:44:15.414Z DEBUG OSC out: /1/globalMute = 0
2026-08-21T05:44:15.477Z DEBUG OSC out: /2/mute = 0
2026-08-21T05:44:15.477Z DEBUG OSC out: /1/globalMute = 0
2026-08-21T05:44:15.615Z DEBUG OSC out: /2/mute = 0
2026-08-21T05:44:15.615Z DEBUG OSC out: /1/globalMute = 0
2026-08-21T05:44:15.710Z DEBUG OSC out: /2/mute = 0
2026-08-21T05:44:15.711Z DEBUG OSC out: /1/globalMute = 0
2026-08-21T05:44:15.996Z INFO  Key press: toggle /1/globalMute
2026-08-21T05:44:15.996Z DEBUG OSC out: /1/globalMute = 1
2026-08-21T05:44:16.120Z DEBUG OSC out: /2/mute = 0
2026-08-21T05:44:16.121Z DEBUG OSC out: /1/globalMute = 0
2026-08-21T05:44:16.247Z DEBUG OSC out: /2/mute = 0
2026-08-21T05:44:16.248Z DEBUG OSC out: /1/globalMute = 0
2026-08-21T05:44:16.311Z DEBUG OSC out: /2/mute = 0
2026-08-21T05:44:16.311Z DEBUG OSC out: /1/globalMute = 0
2026-08-21T05:44:16.358Z ERROR OSC send failed: getaddrinfo ENOTFOUND 127
2026-08-21T05:44:16.374Z DEBUG OSC out: /2/mute = 0
2026-08-21T05:44:16.374Z DEBUG OSC out: /1/globalMute = 0
2026-08-21T05:44:16.375Z ERROR OSC send failed: getaddrinfo ENOTFOUND 127
2026-08-21T05:44:16.375Z INFO  Key press: toggle /1/globalMute
2026-08-21T05:44:16.375Z DEBUG OSC out: /1/globalMute = 1
2026-08-21T05:44:16.592Z DEBUG OSC out: /2/mute = 0
2026-08-21T05:44:16.593Z DEBUG OSC out: /1/globalMute = 0
2026-08-21T05:44:16.987Z DEBUG OSC out: /2/mute = 0
2026-08-21T05:44:16.988Z DEBUG OSC out: /1/globalMute = 0
2026-08-21T05:44:16.988Z DEBUG OSC out: /2/mute = 0
2026-08-21T05:44:16.988Z DEBUG OSC out: /1/globalMute = 0
2026-08-21T05:44:17.129Z DEBUG OSC out: /2/mute = 0
2026-08-21T05:44:17.130Z DEBUG OSC out: /1/globalMute = 0
2026-08-21T05:44:17.209Z DEBUG OSC out: /2/mute = 0
2026-08-21T05:44:17.210Z DEBUG OSC out: /1/globalMute = 0
2026-08-21T05:44:17.428Z DEBUG OSC out: /2/mute = 0
2026-08-21T05:44:17.428Z DEBUG OSC out: /1/globalMute = 0
2026-08-21T05:44:17.490Z DEBUG OSC out: /2/mute = 0
2026-08-21T05:44:17.490Z DEBUG OSC out: /1/globalMute = 0
2026-08-21T05:44:17.631Z DEBUG OSC out: /2/mute = 0
2026-08-21T05:44:17.631Z DEBUG OSC out: /1/globalMute = 0
2026-08-21T05:44:17.711Z DEBUG OSC out: /2/mute = 0
2026-08-21T05:44:17.712Z DEBUG OSC out: /1/globalMute = 0
2026-08-21T05:44:18.132Z DEBUG OSC out: /2/mute = 0
2026-08-21T05:44:18.133Z DEBUG OSC out: /1/globalMute = 0
2026-08-21T05:44:18.259Z DEBUG OSC out: /2/mute = 0
2026-08-21T05:44:18.259Z DEBUG OSC out: /1/globalMute = 0
2026-08-21T05:44:18.323Z DEBUG OSC out: /2/mute = 0
2026-08-21T05:44:18.323Z DEBUG OSC out: /1/globalMute = 0
2026-08-21T05:44:18.387Z DEBUG OSC out: /2/mute = 0
2026-08-21T05:44:18.387Z DEBUG OSC out: /1/globalMute = 0
2026-08-21T05:44:18.593Z DEBUG OSC out: /2/mute = 0
2026-08-21T05:44:18.594Z DEBUG OSC out: /1/globalMute = 0
2026-08-21T05:44:19.003Z DEBUG OSC out: /2/mute = 0
2026-08-21T05:44:19.003Z DEBUG OSC out: /1/globalMute = 0
2026-08-21T05:44:19.003Z DEBUG OSC out: /2/mute = 0
2026-08-21T05:44:19.003Z DEBUG OSC out: /1/globalMute = 0
2026-08-21T05:44:19.050Z ERROR OSC send failed: getaddrinfo ENOTFOUND 12
2026-08-21T05:44:19.066Z ERROR OSC send failed: getaddrinfo ENOTFOUND 12
2026-08-21T05:44:19.144Z DEBUG OSC out: /2/mute = 0
2026-08-21T05:44:19.144Z DEBUG OSC out: /1/globalMute = 0
2026-08-21T05:44:19.223Z DEBUG OSC out: /2/mute = 0
2026-08-21T05:44:19.223Z DEBUG OSC out: /1/globalMute = 0
2026-08-21T05:44:19.442Z DEBUG OSC out: /2/mute = 0
2026-08-21T05:44:19.442Z DEBUG OSC out: /1/globalMute = 0
2026-08-21T05:44:19.505Z DEBUG OSC out: /2/mute = 0
2026-08-21T05:44:19.505Z DEBUG OSC out: /1/globalMute = 0
2026-08-21T05:44:19.647Z DEBUG OSC out: /2/mute = 0
2026-08-21T05:44:19.647Z DEBUG OSC out: /1/globalMute = 0
2026-08-21T05:44:19.725Z DEBUG OSC out: /2/mute = 0
2026-08-21T05:44:19.726Z DEBUG OSC out: /1/globalMute = 0
2026-08-21T05:44:20.134Z DEBUG OSC out: /2/mute = 0
2026-08-21T05:44:20.134Z DEBUG OSC out: /1/globalMute = 0
2026-08-21T05:44:20.261Z DEBUG OSC out: /2/mute = 0
2026-08-21T05:44:20.262Z DEBUG OSC out: /1/globalMute = 0
2026-08-21T05:44:20.323Z DEBUG OSC out: /2/mute = 0
2026-08-21T05:44:20.323Z DEBUG OSC out: /1/globalMute = 0
2026-08-21T05:44:20.401Z DEBUG OSC out: /2/mute = 0
2026-08-21T05:44:20.401Z DEBUG OSC out: /1/globalMute = 0
2026-08-21T05:44:20.603Z DEBUG OSC out: /2/mute = 0
2026-08-21T05:44:20.603Z DEBUG OSC out: /1/globalMute = 0
2026-08-21T05:44:21.014Z DEBUG OSC out: /2/mute = 0
2026-08-21T05:44:21.014Z DEBUG OSC out: /1/globalMute = 0
2026-08-21T05:44:21.014Z DEBUG OSC out: /2/mute = 0
2026-08-21T05:44:21.015Z DEBUG OSC out: /1/globalMute = 0
2026-08-21T05:44:21.158Z DEBUG OSC out: /2/mute = 0
2026-08-21T05:44:21.158Z DEBUG OSC out: /1/globalMute = 0
2026-08-21T05:44:21.237Z DEBUG OSC out: /2/mute = 0
2026-08-21T05:44:21.238Z DEBUG OSC out: /1/globalMute = 0
2026-08-21T05:44:21.442Z DEBUG OSC out: /2/mute = 0
2026-08-21T05:44:21.442Z DEBUG OSC out: /1/globalMute = 0
2026-08-21T05:44:21.505Z DEBUG OSC out: /2/mute = 0
2026-08-21T05:44:21.505Z DEBUG OSC out: /1/globalMute = 0
2026-08-21T05:44:21.665Z DEBUG OSC out: /2/mute = 0
2026-08-21T05:44:21.666Z DEBUG OSC out: /1/globalMute = 0
2026-08-21T05:44:21.740Z DEBUG OSC out: /2/mute = 0
2026-08-21T05:44:21.741Z DEBUG OSC out: /1/globalMute = 0
2026-08-21T05:44:21.741Z ERROR OSC send failed: getaddrinfo ENOTFOUND 127
2026-08-21T05:44:21.755Z ERROR OSC send failed: getaddrinfo ENOTFOUND 127
2026-08-21T05:44:22.149Z DEBUG OSC out: /2/mute = 0
2026-08-21T05:44:22.149Z DEBUG OSC out: /1/globalMute = 0
2026-08-21T05:44:22.275Z DEBUG OSC out: /2/mute = 0
2026-08-21T05:44:22.276Z DEBUG OSC out: /1/globalMute = 0
2026-08-21T05:44:22.337Z DEBUG OSC out: /2/mute = 0
2026-08-21T05:44:22.337Z DEBUG OSC out: /1/globalMute = 0
2026-08-21T05:44:22.416Z DEBUG OSC out: /2/mute = 0
2026-08-21T05:44:22.416Z DEBUG OSC out: /1/globalMute = 0
2026-08-21T05:44:22.604Z DEBUG OSC out: /2/mute = 0
2026-08-21T05:44:22.604Z DEBUG OSC out: /1/globalMute = 0
2026-08-21T05:44:23.029Z DEBUG OSC out: /2/mute = 0
2026-08-21T05:44:23.029Z DEBUG OSC out: /1/globalMute = 0
2026-08-21T05:44:23.030Z DEBUG OSC out: /2/mute = 0
2026-08-21T05:44:23.030Z DEBUG OSC out: /1/globalMute = 0
2026-08-21T05:44:23.168Z DEBUG OSC out: /2/mute = 0
2026-08-21T05:44:23.168Z DEBUG OSC out: /1/globalMute = 0
2026-08-21T05:44:23.246Z DEBUG OSC out: /2/mute = 0
2026-08-21T05:44:23.246Z DEBUG OSC out: /1/globalMute = 0
2026-08-21T05:44:23.450Z DEBUG OSC out: /2/mute = 0
2026-08-21T05:44:23.450Z DEBUG OSC out: /1/globalMute = 0
2026-08-21T05:44:23.513Z DEBUG OSC out: /2/mute = 0
2026-08-21T05:44:23.514Z DEBUG OSC out: /1/globalMute = 0
2026-08-21T05:44:23.670Z DEBUG OSC out: /2/mute = 0
2026-08-21T05:44:23.670Z DEBUG OSC out: /1/globalMute = 0
2026-08-21T05:44:23.748Z DEBUG OSC out: /2/mute = 0
2026-08-21T05:44:23.748Z DEBUG OSC out: /1/globalMute = 0
2026-08-21T05:44:24.001Z ERROR OSC send failed: getaddrinfo ENOTFOUND 12
2026-08-21T05:44:24.017Z ERROR OSC send failed: getaddrinfo ENOTFOUND 12
2026-08-21T05:44:24.159Z DEBUG OSC out: /2/mute = 0
2026-08-21T05:44:24.160Z DEBUG OSC out: /1/globalMute = 0
2026-08-21T05:44:24.286Z DEBUG OSC out: /2/mute = 0
2026-08-21T05:44:24.287Z DEBUG OSC out: /1/globalMute = 0
2026-08-21T05:44:24.351Z DEBUG OSC out: /2/mute = 0
2026-08-21T05:44:24.351Z DEBUG OSC out: /1/globalMute = 0
2026-08-21T05:44:24.430Z DEBUG OSC out: /2/mute = 0
2026-08-21T05:44:24.430Z DEBUG OSC out: /1/globalMute = 0
2026-08-21T05:44:24.605Z DEBUG OSC out: /2/mute = 0
2026-08-21T05:44:24.605Z DEBUG OSC out: /1/globalMute = 0
2026-08-21T05:44:25.042Z DEBUG OSC out: /2/mute = 0
2026-08-21T05:44:25.043Z DEBUG OSC out: /1/globalMute = 0
2026-08-21T05:44:25.043Z DEBUG OSC out: /2/mute = 0
2026-08-21T05:44:25.043Z DEBUG OSC out: /1/globalMute = 0
2026-08-21T05:44:25.181Z DEBUG OSC out: /2/mute = 0
2026-08-21T05:44:25.182Z DEBUG OSC out: /1/globalMute = 0
2026-08-21T05:44:25.259Z DEBUG OSC out: /2/mute = 0
2026-08-21T05:44:25.259Z DEBUG OSC out: /1/globalMute = 0
2026-08-21T05:44:25.464Z DEBUG OSC out: /2/mute = 0
2026-08-21T05:44:25.464Z DEBUG OSC out: /1/globalMute = 0
2026-08-21T05:44:25.527Z DEBUG OSC out: /2/mute = 0
2026-08-21T05:44:25.527Z DEBUG OSC out: /1/globalMute = 0
2026-08-21T05:44:25.682Z DEBUG OSC out: /2/mute = 0
2026-08-21T05:44:25.682Z DEBUG OSC out: /1/globalMute = 0
2026-08-21T05:44:25.761Z DEBUG OSC out: /2/mute = 0
2026-08-21T05:44:25.762Z DEBUG OSC out: /1/globalMute = 0
2026-08-21T05:44:26.170Z DEBUG OSC out: /2/mute = 0
2026-08-21T05:44:26.170Z DEBUG OSC out: /1/globalMute = 0
2026-08-21T05:44:26.264Z ERROR OSC send failed: getaddrinfo ENOTFOUND 127
2026-08-21T05:44:26.279Z ERROR OSC send failed: getaddrinfo ENOTFOUND 127
2026-08-21T05:44:26.295Z DEBUG OSC out: /2/mute = 0
2026-08-21T05:44:26.295Z DEBUG OSC out: /1/globalMute = 0
2026-08-21T05:44:26.358Z DEBUG OSC out: /2/mute = 0
2026-08-21T05:44:26.359Z DEBUG OSC out: /1/globalMute = 0
2026-08-21T05:44:26.438Z DEBUG OSC out: /2/mute = 0
2026-08-21T05:44:26.438Z DEBUG OSC out: /1/globalMute = 0
2026-08-21T05:44:26.611Z DEBUG OSC out: /2/mute = 0
2026-08-21T05:44:26.611Z DEBUG OSC out: /1/globalMute = 0
2026-08-21T05:44:27.053Z DEBUG OSC out: /2/mute = 0
2026-08-21T05:44:27.054Z DEBUG OSC out: /1/globalMute = 0
2026-08-21T05:44:27.054Z DEBUG OSC out: /2/mute = 0
2026-08-21T05:44:27.054Z DEBUG OSC out: /1/globalMute = 0
2026-08-21T05:44:27.196Z DEBUG OSC out: /2/mute = 0
2026-08-21T05:44:27.196Z DEBUG OSC out: /1/globalMute = 0
2026-08-21T05:44:27.259Z DEBUG OSC out: /2/mute = 0
2026-08-21T05:44:27.260Z DEBUG OSC out: /1/globalMute = 0
2026-08-21T05:44:27.478Z DEBUG OSC out: /2/mute = 0
2026-08-21T05:44:27.479Z DEBUG OSC out: /1/globalMute = 0
2026-08-21T05:44:27.541Z DEBUG OSC out: /2/mute = 0
2026-08-21T05:44:27.542Z DEBUG OSC out: /1/globalMute = 0
2026-08-21T05:44:27.685Z DEBUG OSC out: /2/mute = 0
2026-08-21T05:44:27.686Z DEBUG OSC out: /1/globalMute = 0
2026-08-21T05:44:27.763Z DEBUG OSC out: /2/mute = 0
2026-08-21T05:44:27.764Z DEBUG OSC out: /1/globalMute = 0
2026-08-21T05:44:28.175Z DEBUG OSC out: /2/mute = 0
2026-08-21T05:44:28.175Z DEBUG OSC out: /1/globalMute = 0
2026-08-21T05:44:28.302Z DEBUG OSC out: /2/mute = 0
2026-08-21T05:44:28.302Z DEBUG OSC out: /1/globalMute = 0
2026-08-21T05:44:28.364Z DEBUG OSC out: /2/mute = 0
2026-08-21T05:44:28.364Z DEBUG OSC out: /1/globalMute = 0
2026-08-21T05:44:28.443Z DEBUG OSC out: /2/mute = 0
2026-08-21T05:44:28.444Z DEBUG OSC out: /1/globalMute = 0
2026-08-21T05:44:28.616Z DEBUG OSC out: /2/mute = 0
2026-08-21T05:44:28.616Z DEBUG OSC out: /1/globalMute = 0
2026-08-21T05:44:28.965Z ERROR OSC send failed: getaddrinfo ENOTFOUND 12
2026-08-21T05:44:28.981Z ERROR OSC send failed: getaddrinfo ENOTFOUND 12
2026-08-21T05:44:29.060Z DEBUG OSC out: /2/mute = 0
2026-08-21T05:44:29.061Z DEBUG OSC out: /1/globalMute = 0
2026-08-21T05:44:29.061Z DEBUG OSC out: /2/mute = 0
2026-08-21T05:44:29.061Z DEBUG OSC out: /1/globalMute = 0
2026-08-21T05:44:29.201Z DEBUG OSC out: /2/mute = 0
2026-08-21T05:44:29.202Z DEBUG OSC out: /1/globalMute = 0
2026-08-21T05:44:29.263Z DEBUG OSC out: /2/mute = 0
2026-08-21T05:44:29.264Z DEBUG OSC out: /1/globalMute = 0
2026-08-21T05:44:29.485Z DEBUG OSC out: /2/mute = 0
2026-08-21T05:44:29.485Z DEBUG OSC out: /1/globalMute = 0
2026-08-21T05:44:29.548Z DEBUG OSC out: /2/mute = 0
2026-08-21T05:44:29.549Z DEBUG OSC out: /1/globalMute = 0
2026-08-21T05:44:29.688Z DEBUG OSC out: /2/mute = 0
2026-08-21T05:44:29.689Z DEBUG OSC out: /1/globalMute = 0
2026-08-21T05:44:29.768Z DEBUG OSC out: /2/mute = 0
2026-08-21T05:44:29.769Z DEBUG OSC out: /1/globalMute = 0
2026-08-21T05:44:30.175Z DEBUG OSC out: /2/mute = 0
2026-08-21T05:44:30.175Z DEBUG OSC out: /1/globalMute = 0
2026-08-21T05:44:30.301Z DEBUG OSC out: /2/mute = 0
2026-08-21T05:44:30.302Z DEBUG OSC out: /1/globalMute = 0
2026-08-21T05:44:30.365Z DEBUG OSC out: /2/mute = 0
2026-08-21T05:44:30.365Z DEBUG OSC out: /1/globalMute = 0
2026-08-21T05:44:30.446Z DEBUG OSC out: /2/mute = 0
2026-08-21T05:44:30.446Z DEBUG OSC out: /1/globalMute = 0
2026-08-21T05:44:30.619Z DEBUG OSC out: /2/mute = 0
2026-08-21T05:44:30.619Z DEBUG OSC out: /1/globalMute = 0
2026-08-21T05:44:31.061Z DEBUG OSC out: /2/mute = 0
2026-08-21T05:44:31.061Z DEBUG OSC out: /1/globalMute = 0
2026-08-21T05:44:31.062Z DEBUG OSC out: /2/mute = 0
2026-08-21T05:44:31.062Z DEBUG OSC out: /1/globalMute = 0
2026-08-21T05:44:31.204Z DEBUG OSC out: /2/mute = 0
2026-08-21T05:44:31.205Z DEBUG OSC out: /1/globalMute = 0
2026-08-21T05:44:31.266Z DEBUG OSC out: /2/mute = 0
2026-08-21T05:44:31.267Z DEBUG OSC out: /1/globalMute = 0
2026-08-21T05:44:31.488Z DEBUG OSC out: /2/mute = 0
2026-08-21T05:44:31.488Z DEBUG OSC out: /1/globalMute = 0
2026-08-21T05:44:31.551Z DEBUG OSC out: /2/mute = 0
2026-08-21T05:44:31.551Z DEBUG OSC out: /1/globalMute = 0
2026-08-21T05:44:31.662Z ERROR OSC send failed: getaddrinfo ENOTFOUND 127
2026-08-21T05:44:31.677Z ERROR OSC send failed: getaddrinfo ENOTFOUND 127
2026-08-21T05:44:31.693Z DEBUG OSC out: /2/mute = 0
2026-08-21T05:44:31.694Z DEBUG OSC out: /1/globalMute = 0
2026-08-21T05:44:31.771Z DEBUG OSC out: /2/mute = 0
2026-08-21T05:44:31.772Z DEBUG OSC out: /1/globalMute = 0
2026-08-21T05:44:32.185Z DEBUG OSC out: /2/mute = 0
2026-08-21T05:44:32.186Z DEBUG OSC out: /1/globalMute = 0
2026-08-21T05:44:32.312Z DEBUG OSC out: /2/mute = 0
2026-08-21T05:44:32.313Z DEBUG OSC out: /1/globalMute = 0
2026-08-21T05:44:32.375Z DEBUG OSC out: /2/mute = 0
2026-08-21T05:44:32.375Z DEBUG OSC out: /1/globalMute = 0
2026-08-21T05:44:32.455Z DEBUG OSC out: /2/mute = 0
2026-08-21T05:44:32.455Z DEBUG OSC out: /1/globalMute = 0
2026-08-21T05:44:32.628Z DEBUG OSC out: /2/mute = 0
2026-08-21T05:44:32.628Z DEBUG OSC out: /1/globalMute = 0
2026-08-21T05:44:33.067Z DEBUG OSC out: /2/mute = 0
2026-08-21T05:44:33.068Z DEBUG OSC out: /1/globalMute = 0
2026-08-21T05:44:33.068Z DEBUG OSC out: /2/mute = 0
2026-08-21T05:44:33.068Z DEBUG OSC out: /1/globalMute = 0
2026-08-21T05:44:33.211Z DEBUG OSC out: /2/mute = 0
2026-08-21T05:44:33.212Z DEBUG OSC out: /1/globalMute = 0
2026-08-21T05:44:33.274Z DEBUG OSC out: /2/mute = 0
2026-08-21T05:44:33.274Z DEBUG OSC out: /1/globalMute = 0
2026-08-21T05:44:33.495Z DEBUG OSC out: /2/mute = 0
2026-08-21T05:44:33.496Z DEBUG OSC out: /1/globalMute = 0
2026-08-21T05:44:33.558Z DEBUG OSC out: /2/mute = 0
2026-08-21T05:44:33.559Z DEBUG OSC out: /1/globalMute = 0
2026-08-21T05:44:33.702Z DEBUG OSC out: /2/mute = 0
2026-08-21T05:44:33.703Z DEBUG OSC out: /1/globalMute = 0
2026-08-21T05:44:33.781Z DEBUG OSC out: /2/mute = 0
2026-08-21T05:44:33.781Z DEBUG OSC out: /1/globalMute = 0
2026-08-21T05:44:33.937Z ERROR OSC send failed: getaddrinfo ENOTFOUND 12
2026-08-21T05:44:33.953Z ERROR OSC send failed: getaddrinfo ENOTFOUND 12
2026-08-21T05:44:34.191Z DEBUG OSC out: /2/mute = 0
2026-08-21T05:44:34.192Z DEBUG OSC out: /1/globalMute = 0
2026-08-21T05:44:34.317Z DEBUG OSC out: /2/mute = 0
2026-08-21T05:44:34.317Z DEBUG OSC out: /1/globalMute = 0
2026-08-21T05:44:34.381Z DEBUG OSC out: /2/mute = 0
2026-08-21T05:44:34.381Z DEBUG OSC out: /1/globalMute = 0
2026-08-21T05:44:34.461Z DEBUG OSC out: /2/mute = 0
2026-08-21T05:44:34.461Z DEBUG OSC out: /1/globalMute = 0
2026-08-21T05:44:34.635Z DEBUG OSC out: /2/mute = 0
2026-08-21T05:44:34.635Z DEBUG OSC out: /1/globalMute = 0
2026-08-21T05:44:35.074Z DEBUG OSC out: /2/mute = 0
2026-08-21T05:44:35.074Z DEBUG OSC out: /1/globalMute = 0
2026-08-21T05:44:35.075Z DEBUG OSC out: /2/mute = 0
2026-08-21T05:44:35.075Z DEBUG OSC out: /1/globalMute = 0
2026-08-21T05:44:35.216Z DEBUG OSC out: /2/mute = 0
2026-08-21T05:44:35.216Z DEBUG OSC out: /1/globalMute = 0
2026-08-21T05:44:35.277Z DEBUG OSC out: /2/mute = 0
2026-08-21T05:44:35.278Z DEBUG OSC out: /1/globalMute = 0
2026-08-21T05:44:35.498Z DEBUG OSC out: /2/mute = 0
2026-08-21T05:44:35.498Z DEBUG OSC out: /1/globalMute = 0
2026-08-21T05:44:35.561Z DEBUG OSC out: /2/mute = 0
2026-08-21T05:44:35.561Z DEBUG OSC out: /1/globalMute = 0
2026-08-21T05:44:35.703Z DEBUG OSC out: /2/mute = 0
2026-08-21T05:44:35.703Z DEBUG OSC out: /1/globalMute = 0
2026-08-21T05:44:35.782Z DEBUG OSC out: /2/mute = 0
2026-08-21T05:44:35.782Z DEBUG OSC out: /1/globalMute = 0
2026-08-21T05:44:36.193Z DEBUG OSC out: /2/mute = 0
2026-08-21T05:44:36.194Z DEBUG OSC out: /1/globalMute = 0
2026-08-21T05:44:36.209Z ERROR OSC send failed: getaddrinfo ENOTFOUND 127
2026-08-21T05:44:36.224Z ERROR OSC send failed: getaddrinfo ENOTFOUND 127
2026-08-21T05:44:36.319Z DEBUG OSC out: /2/mute = 0
2026-08-21T05:44:36.319Z DEBUG OSC out: /1/globalMute = 0
2026-08-21T05:44:36.383Z DEBUG OSC out: /2/mute = 0
2026-08-21T05:44:36.383Z DEBUG OSC out: /1/globalMute = 0
2026-08-21T05:44:36.463Z DEBUG OSC out: /2/mute = 0
2026-08-21T05:44:36.464Z DEBUG OSC out: /1/globalMute = 0
2026-08-21T05:44:36.637Z DEBUG OSC out: /2/mute = 0
2026-08-21T05:44:36.637Z DEBUG OSC out: /1/globalMute = 0
2026-08-21T05:44:37.077Z DEBUG OSC out: /2/mute = 0
2026-08-21T05:44:37.077Z DEBUG OSC out: /1/globalMute = 0
2026-08-21T05:44:37.078Z DEBUG OSC out: /2/mute = 0
2026-08-21T05:44:37.078Z DEBUG OSC out: /1/globalMute = 0
2026-08-21T05:44:37.219Z DEBUG OSC out: /2/mute = 0
2026-08-21T05:44:37.219Z DEBUG OSC out: /1/globalMute = 0
2026-08-21T05:44:37.282Z DEBUG OSC out: /2/mute = 0
2026-08-21T05:44:37.282Z DEBUG OSC out: /1/globalMute = 0
2026-08-21T05:44:37.502Z DEBUG OSC out: /2/mute = 0
2026-08-21T05:44:37.502Z DEBUG OSC out: /1/globalMute = 0
2026-08-21T05:44:37.565Z DEBUG OSC out: /2/mute = 0
2026-08-21T05:44:37.565Z DEBUG OSC out: /1/globalMute = 0
2026-08-21T05:44:37.707Z DEBUG OSC out: /2/mute = 0
2026-08-21T05:44:37.707Z DEBUG OSC out: /1/globalMute = 0
2026-08-21T05:44:37.786Z DEBUG OSC out: /2/mute = 0
2026-08-21T05:44:37.786Z DEBUG OSC out: /1/globalMute = 0
2026-08-21T05:44:38.199Z DEBUG OSC out: /2/mute = 0
2026-08-21T05:44:38.199Z DEBUG OSC out: /1/globalMute = 0
2026-08-21T05:44:38.325Z DEBUG OSC out: /2/mute = 0
2026-08-21T05:44:38.325Z DEBUG OSC out: /1/globalMute = 0
2026-08-21T05:44:38.389Z DEBUG OSC out: /2/mute = 0
2026-08-21T05:44:38.389Z DEBUG OSC out: /1/globalMute = 0
2026-08-21T05:44:38.468Z DEBUG OSC out: /2/mute = 0
2026-08-21T05:44:38.468Z DEBUG OSC out: /1/globalMute = 0
2026-08-21T05:44:38.639Z DEBUG OSC out: /2/mute = 0
2026-08-21T05:44:38.639Z DEBUG OSC out: /1/globalMute = 0
2026-08-21T05:44:38.907Z ERROR OSC send failed: getaddrinfo ENOTFOUND 12
2026-08-21T05:44:38.907Z ERROR OSC send failed: getaddrinfo ENOTFOUND 12
2026-08-21T05:44:39.079Z DEBUG OSC out: /2/mute = 0
2026-08-21T05:44:39.079Z DEBUG OSC out: /1/globalMute = 0
2026-08-21T05:44:39.080Z DEBUG OSC out: /2/mute = 0
2026-08-21T05:44:39.080Z DEBUG OSC out: /1/globalMute = 0
2026-08-21T05:44:39.223Z DEBUG OSC out: /2/mute = 0
2026-08-21T05:44:39.223Z DEBUG OSC out: /1/globalMute = 0
2026-08-21T05:44:39.286Z DEBUG OSC out: /2/mute = 0
2026-08-21T05:44:39.286Z DEBUG OSC out: /1/globalMute = 0
2026-08-21T05:44:39.509Z DEBUG OSC out: /2/mute = 0
2026-08-21T05:44:39.510Z DEBUG OSC out: /1/globalMute = 0
2026-08-21T05:44:39.573Z DEBUG OSC out: /2/mute = 0
2026-08-21T05:44:39.574Z DEBUG OSC out: /1/globalMute = 0
2026-08-21T05:44:39.714Z DEBUG OSC out: /2/mute = 0
2026-08-21T05:44:39.715Z DEBUG OSC out: /1/globalMute = 0
2026-08-21T05:44:39.793Z DEBUG OSC out: /2/mute = 0
2026-08-21T05:44:39.794Z DEBUG OSC out: /1/globalMute = 0
2026-08-21T05:44:40.205Z DEBUG OSC out: /2/mute = 0
2026-08-21T05:44:40.205Z DEBUG OSC out: /1/globalMute = 0
2026-08-21T05:44:40.330Z DEBUG OSC out: /2/mute = 0
2026-08-21T05:44:40.331Z DEBUG OSC out: /1/globalMute = 0
2026-08-21T05:44:40.394Z DEBUG OSC out: /2/mute = 0
2026-08-21T05:44:40.394Z DEBUG OSC out: /1/globalMute = 0
2026-08-21T05:44:40.472Z DEBUG OSC out: /2/mute = 0
2026-08-21T05:44:40.472Z DEBUG OSC out: /1/globalMute = 0
2026-08-21T05:44:40.646Z DEBUG OSC out: /2/mute = 0
2026-08-21T05:44:40.646Z DEBUG OSC out: /1/globalMute = 0
2026-08-21T05:44:41.084Z DEBUG OSC out: /2/mute = 0
2026-08-21T05:44:41.085Z DEBUG OSC out: /1/globalMute = 0
2026-08-21T05:44:41.085Z DEBUG OSC out: /2/mute = 0
2026-08-21T05:44:41.085Z DEBUG OSC out: /1/globalMute = 0
2026-08-21T05:44:41.226Z DEBUG OSC out: /2/mute = 0
2026-08-21T05:44:41.227Z DEBUG OSC out: /1/globalMute = 0
2026-08-21T05:44:41.289Z DEBUG OSC out: /2/mute = 0
2026-08-21T05:44:41.289Z DEBUG OSC out: /1/globalMute = 0
2026-08-21T05:44:41.510Z DEBUG OSC out: /2/mute = 0
2026-08-21T05:44:41.511Z DEBUG OSC out: /1/globalMute = 0
2026-08-21T05:44:41.589Z DEBUG OSC out: /2/mute = 0
2026-08-21T05:44:41.589Z DEBUG OSC out: /1/globalMute = 0
2026-08-21T05:44:41.605Z ERROR OSC send failed: getaddrinfo ENOTFOUND 127
2026-08-21T05:44:41.605Z ERROR OSC send failed: getaddrinfo ENOTFOUND 127
2026-08-21T05:44:41.715Z DEBUG OSC out: /2/mute = 0
2026-08-21T05:44:41.715Z DEBUG OSC out: /1/globalMute = 0
2026-08-21T05:44:41.809Z DEBUG OSC out: /2/mute = 0
2026-08-21T05:44:41.809Z DEBUG OSC out: /1/globalMute = 0
2026-08-21T05:44:42.219Z DEBUG OSC out: /2/mute = 0
2026-08-21T05:44:42.220Z DEBUG OSC out: /1/globalMute = 0
2026-08-21T05:44:42.331Z DEBUG OSC out: /2/mute = 0
2026-08-21T05:44:42.331Z DEBUG OSC out: /1/globalMute = 0
2026-08-21T05:44:42.394Z DEBUG OSC out: /2/mute = 0
2026-08-21T05:44:42.395Z DEBUG OSC out: /1/globalMute = 0
2026-08-21T05:44:42.473Z DEBUG OSC out: /2/mute = 0
2026-08-21T05:44:42.473Z DEBUG OSC out: /1/globalMute = 0
2026-08-21T05:44:42.648Z DEBUG OSC out: /2/mute = 0
2026-08-21T05:44:42.648Z DEBUG OSC out: /1/globalMute = 0
2026-08-21T05:44:43.086Z DEBUG OSC out: /2/mute = 0
2026-08-21T05:44:43.087Z DEBUG OSC out: /1/globalMute = 0
2026-08-21T05:44:43.087Z DEBUG OSC out: /2/mute = 0
2026-08-21T05:44:43.087Z DEBUG OSC out: /1/globalMute = 0
2026-08-21T05:44:43.229Z DEBUG OSC out: /2/mute = 0
2026-08-21T05:44:43.230Z DEBUG OSC out: /1/globalMute = 0
2026-08-21T05:44:43.292Z DEBUG OSC out: /2/mute = 0
2026-08-21T05:44:43.293Z DEBUG OSC out: /1/globalMute = 0
2026-08-21T05:44:43.517Z DEBUG OSC out: /2/mute = 0
2026-08-21T05:44:43.517Z DEBUG OSC out: /1/globalMute = 0
2026-08-21T05:44:43.596Z DEBUG OSC out: /2/mute = 0
2026-08-21T05:44:43.596Z DEBUG OSC out: /1/globalMute = 0
2026-08-21T05:44:43.719Z DEBUG OSC out: /2/mute = 0
2026-08-21T05:44:43.720Z DEBUG OSC out: /1/globalMute = 0
2026-08-21T05:44:43.813Z DEBUG OSC out: /2/mute = 0
2026-08-21T05:44:43.814Z DEBUG OSC out: /1/globalMute = 0
2026-08-21T05:44:43.876Z ERROR OSC send failed: getaddrinfo ENOTFOUND 12
2026-08-21T05:44:43.876Z ERROR OSC send failed: getaddrinfo ENOTFOUND 12
2026-08-21T05:44:44.223Z DEBUG OSC out: /2/mute = 0
2026-08-21T05:44:44.224Z DEBUG OSC out: /1/globalMute = 0
2026-08-21T05:44:44.334Z DEBUG OSC out: /2/mute = 0
2026-08-21T05:44:44.334Z DEBUG OSC out: /1/globalMute = 0
2026-08-21T05:44:44.397Z DEBUG OSC out: /2/mute = 0
2026-08-21T05:44:44.398Z DEBUG OSC out: /1/globalMute = 0
2026-08-21T05:44:44.477Z DEBUG OSC out: /2/mute = 0
2026-08-21T05:44:44.477Z DEBUG OSC out: /1/globalMute = 0
2026-08-21T05:44:44.650Z DEBUG OSC out: /2/mute = 0
2026-08-21T05:44:44.650Z DEBUG OSC out: /1/globalMute = 0
2026-08-21T05:44:45.093Z DEBUG OSC out: /2/mute = 0
2026-08-21T05:44:45.093Z DEBUG OSC out: /1/globalMute = 0
2026-08-21T05:44:45.094Z DEBUG OSC out: /2/mute = 0
2026-08-21T05:44:45.094Z DEBUG OSC out: /1/globalMute = 0
2026-08-21T05:44:45.237Z DEBUG OSC out: /2/mute = 0
2026-08-21T05:44:45.237Z DEBUG OSC out: /1/globalMute = 0
2026-08-21T05:44:45.299Z DEBUG OSC out: /2/mute = 0
2026-08-21T05:44:45.299Z DEBUG OSC out: /1/globalMute = 0
2026-08-21T05:44:45.523Z DEBUG OSC out: /2/mute = 0
2026-08-21T05:44:45.523Z DEBUG OSC out: /1/globalMute = 0
2026-08-21T05:44:45.603Z DEBUG OSC out: /2/mute = 0
2026-08-21T05:44:45.603Z DEBUG OSC out: /1/globalMute = 0
2026-08-21T05:44:45.727Z DEBUG OSC out: /2/mute = 0
2026-08-21T05:44:45.728Z DEBUG OSC out: /1/globalMute = 0
2026-08-21T05:44:45.822Z DEBUG OSC out: /2/mute = 0
2026-08-21T05:44:45.822Z DEBUG OSC out: /1/globalMute = 0
2026-08-21T05:44:46.154Z ERROR OSC send failed: getaddrinfo ENOTFOUND 127
2026-08-21T05:44:46.154Z ERROR OSC send failed: getaddrinfo ENOTFOUND 127
2026-08-21T05:44:46.233Z DEBUG OSC out: /2/mute = 0
2026-08-21T05:44:46.233Z DEBUG OSC out: /1/globalMute = 0
2026-08-21T05:44:46.344Z DEBUG OSC out: /2/mute = 0
2026-08-21T05:44:46.344Z DEBUG OSC out: /1/globalMute = 0
2026-08-21T05:44:46.406Z DEBUG OSC out: /2/mute = 0
2026-08-21T05:44:46.407Z DEBUG OSC out: /1/globalMute = 0
2026-08-21T05:44:46.486Z DEBUG OSC out: /2/mute = 0
2026-08-21T05:44:46.487Z DEBUG OSC out: /1/globalMute = 0
2026-08-21T05:44:46.658Z DEBUG OSC out: /2/mute = 0
2026-08-21T05:44:46.659Z DEBUG OSC out: /1/globalMute = 0
2026-08-21T05:44:47.098Z DEBUG OSC out: /2/mute = 0
2026-08-21T05:44:47.098Z DEBUG OSC out: /1/globalMute = 0
2026-08-21T05:44:47.098Z DEBUG OSC out: /2/mute = 0
2026-08-21T05:44:47.098Z DEBUG OSC out: /1/globalMute = 0
2026-08-21T05:44:47.251Z DEBUG OSC out: /2/mute = 0
2026-08-21T05:44:47.252Z DEBUG OSC out: /1/globalMute = 0
2026-08-21T05:44:47.314Z DEBUG OSC out: /2/mute = 0
2026-08-21T05:44:47.315Z DEBUG OSC out: /1/globalMute = 0
2026-08-21T05:44:47.536Z DEBUG OSC out: /2/mute = 0
2026-08-21T05:44:47.536Z DEBUG OSC out: /1/globalMute = 0
2026-08-21T05:44:47.615Z DEBUG OSC out: /2/mute = 0
2026-08-21T05:44:47.615Z DEBUG OSC out: /1/globalMute = 0
2026-08-21T05:44:47.740Z DEBUG OSC out: /2/mute = 0
2026-08-21T05:44:47.740Z DEBUG OSC out: /1/globalMute = 0
2026-08-21T05:44:47.836Z DEBUG OSC out: /2/mute = 0
2026-08-21T05:44:47.836Z DEBUG OSC out: /1/globalMute = 0
2026-08-21T05:44:48.243Z DEBUG OSC out: /2/mute = 0
2026-08-21T05:44:48.244Z DEBUG OSC out: /1/globalMute = 0
2026-08-21T05:44:48.354Z DEBUG OSC out: /2/mute = 0
2026-08-21T05:44:48.354Z DEBUG OSC out: /1/globalMute = 0
2026-08-21T05:44:48.417Z DEBUG OSC out: /2/mute = 0
2026-08-21T05:44:48.417Z DEBUG OSC out: /1/globalMute = 0
2026-08-21T05:44:48.496Z DEBUG OSC out: /2/mute = 0
2026-08-21T05:44:48.496Z DEBUG OSC out: /1/globalMute = 0
2026-08-21T05:44:48.666Z DEBUG OSC out: /2/mute = 0
2026-08-21T05:44:48.666Z DEBUG OSC out: /1/globalMute = 0
2026-08-21T05:44:48.839Z ERROR OSC send failed: getaddrinfo ENOTFOUND 12
2026-08-21T05:44:48.839Z ERROR OSC send failed: getaddrinfo ENOTFOUND 12
2026-08-21T05:44:49.104Z DEBUG OSC out: /2/mute = 0
2026-08-21T05:44:49.104Z DEBUG OSC out: /1/globalMute = 0
2026-08-21T05:44:49.104Z DEBUG OSC out: /2/mute = 0
2026-08-21T05:44:49.105Z DEBUG OSC out: /1/globalMute = 0
2026-08-21T05:44:49.259Z DEBUG OSC out: /2/mute = 0
2026-08-21T05:44:49.260Z DEBUG OSC out: /1/globalMute = 0
2026-08-21T05:44:49.323Z DEBUG OSC out: /2/mute = 0
2026-08-21T05:44:49.323Z DEBUG OSC out: /1/globalMute = 0
2026-08-21T05:44:49.544Z DEBUG OSC out: /2/mute = 0
2026-08-21T05:44:49.544Z DEBUG OSC out: /1/globalMute = 0
2026-08-21T05:44:49.623Z DEBUG OSC out: /2/mute = 0
2026-08-21T05:44:49.623Z DEBUG OSC out: /1/globalMute = 0
2026-08-21T05:44:49.750Z DEBUG OSC out: /2/mute = 0
2026-08-21T05:44:49.750Z DEBUG OSC out: /1/globalMute = 0
2026-08-21T05:44:49.843Z DEBUG OSC out: /2/mute = 0
2026-08-21T05:44:49.844Z DEBUG OSC out: /1/globalMute = 0
2026-08-21T05:44:50.249Z DEBUG OSC out: /2/mute = 0
2026-08-21T05:44:50.249Z DEBUG OSC out: /1/globalMute = 0
2026-08-21T05:44:50.358Z DEBUG OSC out: /2/mute = 0
2026-08-21T05:44:50.359Z DEBUG OSC out: /1/globalMute = 0
2026-08-21T05:44:50.420Z DEBUG OSC out: /2/mute = 0
2026-08-21T05:44:50.420Z DEBUG OSC out: /1/globalMute = 0
2026-08-21T05:44:50.499Z DEBUG OSC out: /2/mute = 0
2026-08-21T05:44:50.499Z DEBUG OSC out: /1/globalMute = 0
2026-08-21T05:44:50.672Z DEBUG OSC out: /2/mute = 0
2026-08-21T05:44:50.672Z DEBUG OSC out: /1/globalMute = 0
2026-08-21T05:44:51.112Z DEBUG OSC out: /2/mute = 0
2026-08-21T05:44:51.112Z DEBUG OSC out: /1/globalMute = 0
2026-08-21T05:44:51.112Z DEBUG OSC out: /2/mute = 0
2026-08-21T05:44:51.113Z DEBUG OSC out: /1/globalMute = 0
2026-08-21T05:44:51.268Z DEBUG OSC out: /2/mute = 0
2026-08-21T05:44:51.269Z DEBUG OSC out: /1/globalMute = 0
2026-08-21T05:44:51.331Z DEBUG OSC out: /2/mute = 0
2026-08-21T05:44:51.331Z DEBUG OSC out: /1/globalMute = 0
2026-08-21T05:44:51.523Z ERROR OSC send failed: getaddrinfo ENOTFOUND 127
2026-08-21T05:44:51.523Z ERROR OSC send failed: getaddrinfo ENOTFOUND 127
2026-08-21T05:44:51.553Z DEBUG OSC out: /2/mute = 0
2026-08-21T05:44:51.554Z DEBUG OSC out: /1/globalMute = 0
2026-08-21T05:44:51.632Z DEBUG OSC out: /2/mute = 0
2026-08-21T05:44:51.632Z DEBUG OSC out: /1/globalMute = 0
2026-08-21T05:44:51.759Z DEBUG OSC out: /2/mute = 0
2026-08-21T05:44:51.759Z DEBUG OSC out: /1/globalMute = 0
2026-08-21T05:44:51.852Z DEBUG OSC out: /2/mute = 0
2026-08-21T05:44:51.853Z DEBUG OSC out: /1/globalMute = 0
2026-08-21T05:44:52.261Z DEBUG OSC out: /2/mute = 0
2026-08-21T05:44:52.262Z DEBUG OSC out: /1/globalMute = 0
2026-08-21T05:44:52.373Z DEBUG OSC out: /2/mute = 0
2026-08-21T05:44:52.374Z DEBUG OSC out: /1/globalMute = 0
2026-08-21T05:44:52.420Z DEBUG OSC out: /2/mute = 0
2026-08-21T05:44:52.421Z DEBUG OSC out: /1/globalMute = 0
2026-08-21T05:44:52.499Z DEBUG OSC out: /2/mute = 0
2026-08-21T05:44:52.499Z DEBUG OSC out: /1/globalMute = 0
2026-08-21T05:44:52.686Z DEBUG OSC out: /2/mute = 0
2026-08-21T05:44:52.686Z DEBUG OSC out: /1/globalMute = 0
2026-08-21T05:44:53.123Z DEBUG OSC out: /2/mute = 0
2026-08-21T05:44:53.124Z DEBUG OSC out: /1/globalMute = 0
2026-08-21T05:44:53.124Z DEBUG OSC out: /2/mute = 0
2026-08-21T05:44:53.124Z DEBUG OSC out: /1/globalMute = 0
2026-08-21T05:44:53.280Z DEBUG OSC out: /2/mute = 0
2026-08-21T05:44:53.280Z DEBUG OSC out: /1/globalMute = 0
2026-08-21T05:44:53.343Z DEBUG OSC out: /2/mute = 0
2026-08-21T05:44:53.344Z DEBUG OSC out: /1/globalMute = 0
2026-08-21T05:44:53.565Z DEBUG OSC out: /2/mute = 0
2026-08-21T05:44:53.565Z DEBUG OSC out: /1/globalMute = 0
2026-08-21T05:44:53.643Z DEBUG OSC out: /2/mute = 0
2026-08-21T05:44:53.644Z DEBUG OSC out: /1/globalMute = 0
2026-08-21T05:44:53.770Z DEBUG OSC out: /2/mute = 0
2026-08-21T05:44:53.770Z DEBUG OSC out: /1/globalMute = 0
2026-08-21T05:44:53.785Z ERROR OSC send failed: getaddrinfo ENOTFOUND 12
2026-08-21T05:44:53.785Z ERROR OSC send failed: getaddrinfo ENOTFOUND 12
2026-08-21T05:44:53.863Z DEBUG OSC out: /2/mute = 0
2026-08-21T05:44:53.864Z DEBUG OSC out: /1/globalMute = 0
2026-08-21T05:44:54.271Z DEBUG OSC out: /2/mute = 0
2026-08-21T05:44:54.271Z DEBUG OSC out: /1/globalMute = 0
2026-08-21T05:44:54.387Z DEBUG OSC out: /2/mute = 0
2026-08-21T05:44:54.388Z DEBUG OSC out: /1/globalMute = 0
2026-08-21T05:44:54.429Z DEBUG OSC out: /2/mute = 0
2026-08-21T05:44:54.429Z DEBUG OSC out: /1/globalMute = 0
2026-08-21T05:44:54.507Z DEBUG OSC out: /2/mute = 0
2026-08-21T05:44:54.508Z DEBUG OSC out: /1/globalMute = 0
2026-08-21T05:44:54.698Z DEBUG OSC out: /2/mute = 0
2026-08-21T05:44:54.699Z DEBUG OSC out: /1/globalMute = 0
2026-08-21T05:44:55.135Z DEBUG OSC out: /2/mute = 0
2026-08-21T05:44:55.136Z DEBUG OSC out: /1/globalMute = 0
2026-08-21T05:44:55.136Z DEBUG OSC out: /2/mute = 0
2026-08-21T05:44:55.136Z DEBUG OSC out: /1/globalMute = 0
2026-08-21T05:44:55.290Z DEBUG OSC out: /2/mute = 0
2026-08-21T05:44:55.291Z DEBUG OSC out: /1/globalMute = 0
2026-08-21T05:44:55.354Z DEBUG OSC out: /2/mute = 0
2026-08-21T05:44:55.354Z DEBUG OSC out: /1/globalMute = 0
2026-08-21T05:44:55.574Z DEBUG OSC out: /2/mute = 0
2026-08-21T05:44:55.574Z DEBUG OSC out: /1/globalMute = 0
2026-08-21T05:44:55.653Z DEBUG OSC out: /2/mute = 0
2026-08-21T05:44:55.653Z DEBUG OSC out: /1/globalMute = 0
2026-08-21T05:44:55.779Z DEBUG OSC out: /2/mute = 0
2026-08-21T05:44:55.780Z DEBUG OSC out: /1/globalMute = 0
2026-08-21T05:44:55.874Z DEBUG OSC out: /2/mute = 0
2026-08-21T05:44:55.874Z DEBUG OSC out: /1/globalMute = 0
2026-08-21T05:44:56.049Z ERROR OSC send failed: getaddrinfo ENOTFOUND 127
2026-08-21T05:44:56.049Z ERROR OSC send failed: getaddrinfo ENOTFOUND 127
2026-08-21T05:44:56.284Z DEBUG OSC out: /2/mute = 0
2026-08-21T05:44:56.284Z DEBUG OSC out: /1/globalMute = 0
2026-08-21T05:44:56.394Z DEBUG OSC out: /2/mute = 0
2026-08-21T05:44:56.395Z DEBUG OSC out: /1/globalMute = 0
2026-08-21T05:44:56.442Z DEBUG OSC out: /2/mute = 0
2026-08-21T05:44:56.442Z DEBUG OSC out: /1/globalMute = 0
2026-08-21T05:44:56.520Z DEBUG OSC out: /2/mute = 0
2026-08-21T05:44:56.520Z DEBUG OSC out: /1/globalMute = 0
2026-08-21T05:44:56.710Z DEBUG OSC out: /2/mute = 0
2026-08-21T05:44:56.710Z DEBUG OSC out: /1/globalMute = 0
2026-08-21T05:44:57.137Z DEBUG OSC out: /2/mute = 0
2026-08-21T05:44:57.137Z DEBUG OSC out: /1/globalMute = 0
2026-08-21T05:44:57.138Z DEBUG OSC out: /2/mute = 0
2026-08-21T05:44:57.138Z DEBUG OSC out: /1/globalMute = 0
2026-08-21T05:44:57.293Z DEBUG OSC out: /2/mute = 0
2026-08-21T05:44:57.294Z DEBUG OSC out: /1/globalMute = 0
2026-08-21T05:44:57.356Z DEBUG OSC out: /2/mute = 0
2026-08-21T05:44:57.356Z DEBUG OSC out: /1/globalMute = 0
2026-08-21T05:44:57.576Z DEBUG OSC out: /2/mute = 0
2026-08-21T05:44:57.576Z DEBUG OSC out: /1/globalMute = 0
2026-08-21T05:44:57.655Z DEBUG OSC out: /2/mute = 0
2026-08-21T05:44:57.655Z DEBUG OSC out: /1/globalMute = 0
2026-08-21T05:44:57.781Z DEBUG OSC out: /2/mute = 0
2026-08-21T05:44:57.781Z DEBUG OSC out: /1/globalMute = 0
2026-08-21T05:44:57.876Z DEBUG OSC out: /2/mute = 0
2026-08-21T05:44:57.876Z DEBUG OSC out: /1/globalMute = 0
2026-08-21T05:44:58.288Z DEBUG OSC out: /2/mute = 0
2026-08-21T05:44:58.288Z DEBUG OSC out: /1/globalMute = 0
2026-08-21T05:44:58.319Z ERROR OSC send failed: getaddrinfo ENOTFOUND 12
2026-08-21T05:44:58.319Z ERROR OSC send failed: getaddrinfo ENOTFOUND 12
2026-08-21T05:44:58.399Z DEBUG OSC out: /2/mute = 0
2026-08-21T05:44:58.399Z DEBUG OSC out: /1/globalMute = 0
2026-08-21T05:44:58.446Z DEBUG OSC out: /2/mute = 0
2026-08-21T05:44:58.447Z DEBUG OSC out: /1/globalMute = 0
2026-08-21T05:44:58.525Z DEBUG OSC out: /2/mute = 0
2026-08-21T05:44:58.525Z DEBUG OSC out: /1/globalMute = 0
2026-08-21T05:44:58.714Z DEBUG OSC out: /2/mute = 0
2026-08-21T05:44:58.714Z DEBUG OSC out: /1/globalMute = 0
2026-08-21T05:44:59.152Z DEBUG OSC out: /2/mute = 0
2026-08-21T05:44:59.152Z DEBUG OSC out: /1/globalMute = 0
2026-08-21T05:44:59.153Z DEBUG OSC out: /2/mute = 0
2026-08-21T05:44:59.153Z DEBUG OSC out: /1/globalMute = 0
2026-08-21T05:44:59.294Z DEBUG OSC out: /2/mute = 0
2026-08-21T05:44:59.294Z DEBUG OSC out: /1/globalMute = 0
2026-08-21T05:44:59.358Z DEBUG OSC out: /2/mute = 0
2026-08-21T05:44:59.358Z DEBUG OSC out: /1/globalMute = 0
2026-08-21T05:44:59.578Z DEBUG OSC out: /2/mute = 0
2026-08-21T05:44:59.579Z DEBUG OSC out: /1/globalMute = 0
2026-08-21T05:44:59.657Z DEBUG OSC out: /2/mute = 0
2026-08-21T05:44:59.658Z DEBUG OSC out: /1/globalMute = 0
2026-08-21T05:44:59.783Z DEBUG OSC out: /2/mute = 0
2026-08-21T05:44:59.784Z DEBUG OSC out: /1/globalMute = 0
2026-08-21T05:44:59.877Z DEBUG OSC out: /2/mute = 0
2026-08-21T05:44:59.877Z DEBUG OSC out: /1/globalMute = 0
2026-08-21T05:45:00.301Z DEBUG OSC out: /2/mute = 0
2026-08-21T05:45:00.302Z DEBUG OSC out: /1/globalMute = 0
2026-08-21T05:45:00.413Z DEBUG OSC out: /2/mute = 0
2026-08-21T05:45:00.413Z DEBUG OSC out: /1/globalMute = 0
2026-08-21T05:45:00.461Z DEBUG OSC out: /2/mute = 0
2026-08-21T05:45:00.461Z DEBUG OSC out: /1/globalMute = 0
2026-08-21T05:45:00.540Z DEBUG OSC out: /2/mute = 0
2026-08-21T05:45:00.540Z DEBUG OSC out: /1/globalMute = 0
2026-08-21T05:45:00.716Z DEBUG OSC out: /2/mute = 0
2026-08-21T05:45:00.716Z DEBUG OSC out: /1/globalMute = 0
2026-08-21T05:45:01.013Z ERROR OSC send failed: getaddrinfo ENOTFOUND 127
2026-08-21T05:45:01.013Z ERROR OSC send failed: getaddrinfo ENOTFOUND 127
2026-08-21T05:45:01.154Z DEBUG OSC out: /2/mute = 0
2026-08-21T05:45:01.154Z DEBUG OSC out: /1/globalMute = 0
2026-08-21T05:45:01.155Z DEBUG OSC out: /2/mute = 0
2026-08-21T05:45:01.155Z DEBUG OSC out: /1/globalMute = 0
2026-08-21T05:45:01.295Z DEBUG OSC out: /2/mute = 0
2026-08-21T05:45:01.295Z DEBUG OSC out: /1/globalMute = 0
2026-08-21T05:45:01.358Z DEBUG OSC out: /2/mute = 0
2026-08-21T05:45:01.359Z DEBUG OSC out: /1/globalMute = 0
2026-08-21T05:45:01.579Z DEBUG OSC out: /2/mute = 0
2026-08-21T05:45:01.580Z DEBUG OSC out: /1/globalMute = 0
2026-08-21T05:45:01.658Z DEBUG OSC out: /2/mute = 0
2026-08-21T05:45:01.658Z DEBUG OSC out: /1/globalMute = 0
2026-08-21T05:45:01.784Z DEBUG OSC out: /2/mute = 0
2026-08-21T05:45:01.784Z DEBUG OSC out: /1/globalMute = 0
2026-08-21T05:45:01.878Z DEBUG OSC out: /2/mute = 0
2026-08-21T05:45:01.878Z DEBUG OSC out: /1/globalMute = 0
2026-08-21T05:45:02.306Z DEBUG OSC out: /2/mute = 0
2026-08-21T05:45:02.306Z DEBUG OSC out: /1/globalMute = 0
2026-08-21T05:45:02.416Z DEBUG OSC out: /2/mute = 0
2026-08-21T05:45:02.416Z DEBUG OSC out: /1/globalMute = 0
2026-08-21T05:45:02.463Z DEBUG OSC out: /2/mute = 0
2026-08-21T05:45:02.463Z DEBUG OSC out: /1/globalMute = 0
2026-08-21T05:45:02.541Z DEBUG OSC out: /2/mute = 0
2026-08-21T05:45:02.542Z DEBUG OSC out: /1/globalMute = 0
2026-08-21T05:45:02.729Z DEBUG OSC out: /2/mute = 0
2026-08-21T05:45:02.730Z DEBUG OSC out: /1/globalMute = 0
2026-08-21T05:45:03.154Z DEBUG OSC out: /2/mute = 0
2026-08-21T05:45:03.154Z DEBUG OSC out: /1/globalMute = 0
2026-08-21T05:45:03.154Z DEBUG OSC out: /2/mute = 0
2026-08-21T05:45:03.155Z DEBUG OSC out: /1/globalMute = 0
2026-08-21T05:45:03.294Z DEBUG OSC out: /2/mute = 0
2026-08-21T05:45:03.294Z DEBUG OSC out: /1/globalMute = 0
2026-08-21T05:45:03.371Z DEBUG OSC out: /2/mute = 0
2026-08-21T05:45:03.371Z DEBUG OSC out: /1/globalMute = 0
2026-08-21T05:45:03.594Z DEBUG OSC out: /2/mute = 0
2026-08-21T05:45:03.595Z DEBUG OSC out: /1/globalMute = 0
2026-08-21T05:45:03.658Z DEBUG OSC out: /2/mute = 0
2026-08-21T05:45:03.658Z DEBUG OSC out: /1/globalMute = 0
2026-08-21T05:45:03.705Z ERROR OSC send failed: getaddrinfo ENOTFOUND 12
2026-08-21T05:45:03.706Z ERROR OSC send failed: getaddrinfo ENOTFOUND 12
2026-08-21T05:45:03.784Z DEBUG OSC out: /2/mute = 0
2026-08-21T05:45:03.785Z DEBUG OSC out: /1/globalMute = 0
2026-08-21T05:45:03.879Z DEBUG OSC out: /2/mute = 0
2026-08-21T05:45:03.879Z DEBUG OSC out: /1/globalMute = 0
2026-08-21T05:45:04.318Z DEBUG OSC out: /2/mute = 0
2026-08-21T05:45:04.318Z DEBUG OSC out: /1/globalMute = 0
2026-08-21T05:45:04.429Z DEBUG OSC out: /2/mute = 0
2026-08-21T05:45:04.429Z DEBUG OSC out: /1/globalMute = 0
2026-08-21T05:45:04.477Z DEBUG OSC out: /2/mute = 0
2026-08-21T05:45:04.477Z DEBUG OSC out: /1/globalMute = 0
2026-08-21T05:45:04.555Z DEBUG OSC out: /2/mute = 0
2026-08-21T05:45:04.555Z DEBUG OSC out: /1/globalMute = 0
2026-08-21T05:45:04.730Z DEBUG OSC out: /2/mute = 0
2026-08-21T05:45:04.730Z DEBUG OSC out: /1/globalMute = 0
2026-08-21T05:45:05.156Z DEBUG OSC out: /2/mute = 0
2026-08-21T05:45:05.156Z DEBUG OSC out: /1/globalMute = 0
2026-08-21T05:45:05.156Z DEBUG OSC out: /2/mute = 0
2026-08-21T05:45:05.157Z DEBUG OSC out: /1/globalMute = 0
2026-08-21T05:45:05.299Z DEBUG OSC out: /2/mute = 0
2026-08-21T05:45:05.299Z DEBUG OSC out: /1/globalMute = 0
2026-08-21T05:45:05.379Z DEBUG OSC out: /2/mute = 0
2026-08-21T05:45:05.379Z DEBUG OSC out: /1/globalMute = 0
2026-08-21T05:45:05.601Z DEBUG OSC out: /2/mute = 0
2026-08-21T05:45:05.602Z DEBUG OSC out: /1/globalMute = 0
2026-08-21T05:45:05.665Z DEBUG OSC out: /2/mute = 0
2026-08-21T05:45:05.666Z DEBUG OSC out: /1/globalMute = 0
2026-08-21T05:45:05.792Z DEBUG OSC out: /2/mute = 0
2026-08-21T05:45:05.792Z DEBUG OSC out: /1/globalMute = 0
2026-08-21T05:45:05.885Z DEBUG OSC out: /2/mute = 0
2026-08-21T05:45:05.885Z DEBUG OSC out: /1/globalMute = 0
2026-08-21T05:45:05.978Z ERROR OSC send failed: getaddrinfo ENOTFOUND 127
2026-08-21T05:45:05.979Z ERROR OSC send failed: getaddrinfo ENOTFOUND 127
2026-08-21T05:45:06.326Z DEBUG OSC out: /2/mute = 0
2026-08-21T05:45:06.326Z DEBUG OSC out: /1/globalMute = 0
2026-08-21T05:45:06.435Z DEBUG OSC out: /2/mute = 0
2026-08-21T05:45:06.436Z DEBUG OSC out: /1/globalMute = 0
2026-08-21T05:45:06.483Z DEBUG OSC out: /2/mute = 0
2026-08-21T05:45:06.483Z DEBUG OSC out: /1/globalMute = 0
2026-08-21T05:45:06.562Z DEBUG OSC out: /2/mute = 0
2026-08-21T05:45:06.562Z DEBUG OSC out: /1/globalMute = 0
2026-08-21T05:45:06.735Z DEBUG OSC out: /2/mute = 0
2026-08-21T05:45:06.735Z DEBUG OSC out: /1/globalMute = 0
2026-08-21T05:45:07.159Z DEBUG OSC out: /2/mute = 0
2026-08-21T05:45:07.160Z DEBUG OSC out: /1/globalMute = 0
2026-08-21T05:45:07.160Z DEBUG OSC out: /2/mute = 0
2026-08-21T05:45:07.160Z DEBUG OSC out: /1/globalMute = 0
2026-08-21T05:45:07.300Z DEBUG OSC out: /2/mute = 0
2026-08-21T05:45:07.300Z DEBUG OSC out: /1/globalMute = 0
2026-08-21T05:45:07.379Z DEBUG OSC out: /2/mute = 0
2026-08-21T05:45:07.379Z DEBUG OSC out: /1/globalMute = 0
2026-08-21T05:45:07.614Z DEBUG OSC out: /2/mute = 0
2026-08-21T05:45:07.614Z DEBUG OSC out: /1/globalMute = 0
2026-08-21T05:45:07.677Z DEBUG OSC out: /2/mute = 0
2026-08-21T05:45:07.678Z DEBUG OSC out: /1/globalMute = 0
2026-08-21T05:45:07.803Z DEBUG OSC out: /2/mute = 0
2026-08-21T05:45:07.803Z DEBUG OSC out: /1/globalMute = 0
2026-08-21T05:45:07.896Z DEBUG OSC out: /2/mute = 0
2026-08-21T05:45:07.896Z DEBUG OSC out: /1/globalMute = 0
2026-08-21T05:45:08.240Z ERROR OSC send failed: getaddrinfo ENOTFOUND 12
2026-08-21T05:45:08.241Z ERROR OSC send failed: getaddrinfo ENOTFOUND 12
2026-08-21T05:45:08.335Z DEBUG OSC out: /2/mute = 0
2026-08-21T05:45:08.336Z DEBUG OSC out: /1/globalMute = 0
2026-08-21T05:45:08.446Z DEBUG OSC out: /2/mute = 0
2026-08-21T05:45:08.447Z DEBUG OSC out: /1/globalMute = 0
2026-08-21T05:45:08.493Z DEBUG OSC out: /2/mute = 0
2026-08-21T05:45:08.494Z DEBUG OSC out: /1/globalMute = 0
2026-08-21T05:45:08.572Z DEBUG OSC out: /2/mute = 0
2026-08-21T05:45:08.573Z DEBUG OSC out: /1/globalMute = 0
2026-08-21T05:45:08.745Z DEBUG OSC out: /2/mute = 0
2026-08-21T05:45:08.746Z DEBUG OSC out: /1/globalMute = 0
2026-08-21T05:45:09.166Z DEBUG OSC out: /2/mute = 0
2026-08-21T05:45:09.167Z DEBUG OSC out: /1/globalMute = 0
2026-08-21T05:45:09.167Z DEBUG OSC out: /2/mute = 0
2026-08-21T05:45:09.167Z DEBUG OSC out: /1/globalMute = 0
2026-08-21T05:45:09.308Z DEBUG OSC out: /2/mute = 0
2026-08-21T05:45:09.308Z DEBUG OSC out: /1/globalMute = 0
2026-08-21T05:45:09.387Z DEBUG OSC out: /2/mute = 0
2026-08-21T05:45:09.387Z DEBUG OSC out: /1/globalMute = 0
2026-08-21T05:45:09.625Z DEBUG OSC out: /2/mute = 0
2026-08-21T05:45:09.626Z DEBUG OSC out: /1/globalMute = 0
2026-08-21T05:45:09.688Z DEBUG OSC out: /2/mute = 0
2026-08-21T05:45:09.688Z DEBUG OSC out: /1/globalMute = 0
2026-08-21T05:45:09.814Z DEBUG OSC out: /2/mute = 0
2026-08-21T05:45:09.815Z DEBUG OSC out: /1/globalMute = 0
2026-08-21T05:45:09.909Z DEBUG OSC out: /2/mute = 0
2026-08-21T05:45:09.909Z DEBUG OSC out: /1/globalMute = 0
2026-08-21T05:45:10.348Z DEBUG OSC out: /2/mute = 0
2026-08-21T05:45:10.348Z DEBUG OSC out: /1/globalMute = 0
2026-08-21T05:45:10.459Z DEBUG OSC out: /2/mute = 0
2026-08-21T05:45:10.459Z DEBUG OSC out: /1/globalMute = 0
2026-08-21T05:45:10.506Z DEBUG OSC out: /2/mute = 0
2026-08-21T05:45:10.506Z DEBUG OSC out: /1/globalMute = 0
2026-08-21T05:45:10.586Z DEBUG OSC out: /2/mute = 0
2026-08-21T05:45:10.587Z DEBUG OSC out: /1/globalMute = 0
2026-08-21T05:45:10.761Z DEBUG OSC out: /2/mute = 0
2026-08-21T05:45:10.762Z DEBUG OSC out: /1/globalMute = 0
2026-08-21T05:45:10.933Z ERROR OSC send failed: getaddrinfo ENOTFOUND 127
2026-08-21T05:45:10.934Z ERROR OSC send failed: getaddrinfo ENOTFOUND 127
2026-08-21T05:45:11.168Z DEBUG OSC out: /2/mute = 0
2026-08-21T05:45:11.168Z DEBUG OSC out: /1/globalMute = 0
2026-08-21T05:45:11.169Z DEBUG OSC out: /2/mute = 0
2026-08-21T05:45:11.169Z DEBUG OSC out: /1/globalMute = 0
2026-08-21T05:45:11.308Z DEBUG OSC out: /2/mute = 0
2026-08-21T05:45:11.309Z DEBUG OSC out: /1/globalMute = 0
2026-08-21T05:45:11.387Z DEBUG OSC out: /2/mute = 0
2026-08-21T05:45:11.387Z DEBUG OSC out: /1/globalMute = 0
2026-08-21T05:45:11.640Z DEBUG OSC out: /2/mute = 0
2026-08-21T05:45:11.640Z DEBUG OSC out: /1/globalMute = 0
2026-08-21T05:45:11.687Z DEBUG OSC out: /2/mute = 0
2026-08-21T05:45:11.688Z DEBUG OSC out: /1/globalMute = 0
2026-08-21T05:45:11.815Z DEBUG OSC out: /2/mute = 0
2026-08-21T05:45:11.818Z DEBUG OSC out: /1/globalMute = 0
2026-08-21T05:45:11.923Z DEBUG OSC out: /2/mute = 0
2026-08-21T05:45:11.924Z DEBUG OSC out: /1/globalMute = 0
2026-08-21T05:45:12.360Z DEBUG OSC out: /2/mute = 0
2026-08-21T05:45:12.360Z DEBUG OSC out: /1/globalMute = 0
2026-08-21T05:45:12.471Z DEBUG OSC out: /2/mute = 0
2026-08-21T05:45:12.471Z DEBUG OSC out: /1/globalMute = 0
2026-08-21T05:45:12.519Z DEBUG OSC out: /2/mute = 0
2026-08-21T05:45:12.519Z DEBUG OSC out: /1/globalMute = 0
2026-08-21T05:45:12.598Z DEBUG OSC out: /2/mute = 0
2026-08-21T05:45:12.598Z DEBUG OSC out: /1/globalMute = 0
2026-08-21T05:45:12.771Z DEBUG OSC out: /2/mute = 0
2026-08-21T05:45:12.772Z DEBUG OSC out: /1/globalMute = 0
2026-08-21T05:45:13.180Z DEBUG OSC out: /2/mute = 0
2026-08-21T05:45:13.180Z DEBUG OSC out: /1/globalMute = 0
2026-08-21T05:45:13.181Z DEBUG OSC out: /2/mute = 0
2026-08-21T05:45:13.182Z DEBUG OSC out: /1/globalMute = 0
2026-08-21T05:45:13.323Z DEBUG OSC out: /2/mute = 0
2026-08-21T05:45:13.324Z DEBUG OSC out: /1/globalMute = 0
2026-08-21T05:45:13.386Z DEBUG OSC out: /2/mute = 0
2026-08-21T05:45:13.387Z DEBUG OSC out: /1/globalMute = 0
2026-08-21T05:45:13.626Z ERROR OSC send failed: getaddrinfo ENOTFOUND 12
2026-08-21T05:45:13.626Z ERROR OSC send failed: getaddrinfo ENOTFOUND 12
2026-08-21T05:45:13.642Z DEBUG OSC out: /2/mute = 0
2026-08-21T05:45:13.642Z DEBUG OSC out: /1/globalMute = 0
2026-08-21T05:45:13.689Z DEBUG OSC out: /2/mute = 0
2026-08-21T05:45:13.689Z DEBUG OSC out: /1/globalMute = 0
2026-08-21T05:45:13.816Z DEBUG OSC out: /2/mute = 0
2026-08-21T05:45:13.817Z DEBUG OSC out: /1/globalMute = 0
2026-08-21T05:45:13.927Z DEBUG OSC out: /2/mute = 0
2026-08-21T05:45:13.927Z DEBUG OSC out: /1/globalMute = 0
2026-08-21T05:45:14.366Z DEBUG OSC out: /2/mute = 0
2026-08-21T05:45:14.367Z DEBUG OSC out: /1/globalMute = 0
2026-08-21T05:45:14.478Z DEBUG OSC out: /2/mute = 0
2026-08-21T05:45:14.478Z DEBUG OSC out: /1/globalMute = 0
2026-08-21T05:45:14.525Z DEBUG OSC out: /2/mute = 0
2026-08-21T05:45:14.525Z DEBUG OSC out: /1/globalMute = 0
2026-08-21T05:45:14.604Z DEBUG OSC out: /2/mute = 0
2026-08-21T05:45:14.604Z DEBUG OSC out: /1/globalMute = 0
2026-08-21T05:45:14.780Z DEBUG OSC out: /2/mute = 0
2026-08-21T05:45:14.780Z DEBUG OSC out: /1/globalMute = 0
2026-08-21T05:45:15.190Z DEBUG OSC out: /2/mute = 0
2026-08-21T05:45:15.190Z DEBUG OSC out: /1/globalMute = 0
2026-08-21T05:45:15.191Z DEBUG OSC out: /2/mute = 0
2026-08-21T05:45:15.191Z DEBUG OSC out: /1/globalMute = 0
2026-08-21T05:45:15.331Z DEBUG OSC out: /2/mute = 0
2026-08-21T05:45:15.332Z DEBUG OSC out: /1/globalMute = 0
2026-08-21T05:45:15.395Z DEBUG OSC out: /2/mute = 0
2026-08-21T05:45:15.395Z DEBUG OSC out: /1/globalMute = 0
2026-08-21T05:45:15.646Z DEBUG OSC out: /2/mute = 0
2026-08-21T05:45:15.647Z DEBUG OSC out: /1/globalMute = 0
2026-08-21T05:45:15.694Z DEBUG OSC out: /2/mute = 0
2026-08-21T05:45:15.694Z DEBUG OSC out: /1/globalMute = 0
2026-08-21T05:45:15.822Z DEBUG OSC out: /2/mute = 0
2026-08-21T05:45:15.822Z DEBUG OSC out: /1/globalMute = 0
2026-08-21T05:45:15.900Z ERROR OSC send failed: getaddrinfo ENOTFOUND 127
2026-08-21T05:45:15.900Z ERROR OSC send failed: getaddrinfo ENOTFOUND 127
2026-08-21T05:45:15.901Z WARN  Ignoring dial move on /1/mastervolume: no data for its view yet
2026-08-21T05:45:15.901Z DEBUG OSC out: /2/mute = 0
2026-08-21T05:45:15.901Z DEBUG OSC out: /1/globalMute = 0
2026-08-21T05:45:15.932Z DEBUG OSC out: /2/mute = 0
2026-08-21T05:45:15.932Z DEBUG OSC out: /1/globalMute = 0
2026-08-21T05:45:16.279Z WARN  Ignoring dial move on /1/mastervolume: no data for its view yet
2026-08-21T05:45:16.279Z DEBUG OSC out: /2/mute = 0
2026-08-21T05:45:16.279Z DEBUG OSC out: /1/globalMute = 0
2026-08-21T05:45:16.372Z DEBUG OSC out: /2/mute = 0
2026-08-21T05:45:16.373Z DEBUG OSC out: /1/globalMute = 0
2026-08-21T05:45:16.484Z DEBUG OSC out: /2/mute = 0
2026-08-21T05:45:16.485Z DEBUG OSC out: /1/globalMute = 0
2026-08-21T05:45:16.531Z DEBUG OSC out: /2/mute = 0
2026-08-21T05:45:16.532Z DEBUG OSC out: /1/globalMute = 0
2026-08-21T05:45:16.595Z WARN  Ignoring dial move on /1/mastervolume: no data for its view yet
2026-08-21T05:45:16.595Z DEBUG OSC out: /2/mute = 0
2026-08-21T05:45:16.596Z DEBUG OSC out: /1/globalMute = 0
2026-08-21T05:45:16.610Z DEBUG OSC out: /2/mute = 0
2026-08-21T05:45:16.610Z DEBUG OSC out: /1/globalMute = 0
2026-08-21T05:45:16.784Z DEBUG OSC out: /2/mute = 0
2026-08-21T05:45:16.784Z DEBUG OSC out: /1/globalMute = 0
2026-08-21T05:45:16.838Z WARN  Ignoring dial move on /1/mastervolume: no data for its view yet
2026-08-21T05:45:16.838Z DEBUG OSC out: /2/mute = 0
2026-08-21T05:45:16.839Z DEBUG OSC out: /1/globalMute = 0
2026-08-21T05:45:17.145Z WARN  Ignoring dial move on /1/mastervolume: no data for its view yet
2026-08-21T05:45:17.145Z DEBUG OSC out: /2/mute = 0
2026-08-21T05:45:17.145Z DEBUG OSC out: /1/globalMute = 0
2026-08-21T05:45:17.191Z DEBUG OSC out: /2/mute = 0
2026-08-21T05:45:17.191Z DEBUG OSC out: /1/globalMute = 0
2026-08-21T05:45:17.192Z DEBUG OSC out: /2/mute = 0
2026-08-21T05:45:17.192Z DEBUG OSC out: /1/globalMute = 0
2026-08-21T05:45:17.333Z DEBUG OSC out: /2/mute = 0
2026-08-21T05:45:17.334Z DEBUG OSC out: /1/globalMute = 0
2026-08-21T05:45:17.396Z DEBUG OSC out: /2/mute = 0
2026-08-21T05:45:17.397Z DEBUG OSC out: /1/globalMute = 0
2026-08-21T05:45:17.586Z WARN  Ignoring dial move on /1/mastervolume: no data for its view yet
2026-08-21T05:45:17.586Z DEBUG OSC out: /2/mute = 0
2026-08-21T05:45:17.587Z DEBUG OSC out: /1/globalMute = 0
2026-08-21T05:45:17.648Z DEBUG OSC out: /2/mute = 0
2026-08-21T05:45:17.648Z DEBUG OSC out: /1/globalMute = 0
2026-08-21T05:45:17.696Z DEBUG OSC out: /2/mute = 0
2026-08-21T05:45:17.696Z DEBUG OSC out: /1/globalMute = 0
2026-08-21T05:45:17.823Z DEBUG OSC out: /2/mute = 0
2026-08-21T05:45:17.823Z DEBUG OSC out: /1/globalMute = 0
2026-08-21T05:45:17.838Z WARN  Ignoring dial move on /1/mastervolume: no data for its view yet
2026-08-21T05:45:17.839Z DEBUG OSC out: /2/mute = 0
2026-08-21T05:45:17.839Z DEBUG OSC out: /1/globalMute = 0
2026-08-21T05:45:17.933Z DEBUG OSC out: /2/mute = 0
2026-08-21T05:45:17.933Z DEBUG OSC out: /1/globalMute = 0
2026-08-21T05:45:18.154Z WARN  Ignoring dial move on /1/mastervolume: no data for its view yet
2026-08-21T05:45:18.155Z DEBUG OSC out: /2/mute = 0
2026-08-21T05:45:18.155Z DEBUG OSC out: /1/globalMute = 0
2026-08-21T05:45:18.170Z ERROR OSC send failed: getaddrinfo ENOTFOUND 12
2026-08-21T05:45:18.170Z ERROR OSC send failed: getaddrinfo ENOTFOUND 12
2026-08-21T05:45:18.374Z DEBUG OSC out: /2/mute = 0
2026-08-21T05:45:18.374Z DEBUG OSC out: /1/globalMute = 0
2026-08-21T05:45:18.406Z WARN  Ignoring dial move on /1/mastervolume: no data for its view yet
2026-08-21T05:45:18.407Z DEBUG OSC out: /2/mute = 0
2026-08-21T05:45:18.407Z DEBUG OSC out: /1/globalMute = 0
2026-08-21T05:45:18.485Z DEBUG OSC out: /2/mute = 0
2026-08-21T05:45:18.485Z DEBUG OSC out: /1/globalMute = 0
2026-08-21T05:45:18.532Z DEBUG OSC out: /2/mute = 0
2026-08-21T05:45:18.532Z DEBUG OSC out: /1/globalMute = 0
2026-08-21T05:45:18.611Z DEBUG OSC out: /2/mute = 0
2026-08-21T05:45:18.611Z DEBUG OSC out: /1/globalMute = 0
2026-08-21T05:45:18.785Z DEBUG OSC out: /2/mute = 0
2026-08-21T05:45:18.785Z DEBUG OSC out: /1/globalMute = 0
2026-08-21T05:45:18.838Z WARN  Ignoring dial move on /1/mastervolume: no data for its view yet
2026-08-21T05:45:18.839Z DEBUG OSC out: /2/mute = 0
2026-08-21T05:45:18.839Z DEBUG OSC out: /1/globalMute = 0
2026-08-21T05:45:19.193Z DEBUG OSC out: /2/mute = 0
2026-08-21T05:45:19.194Z DEBUG OSC out: /1/globalMute = 0
2026-08-21T05:45:19.194Z DEBUG OSC out: /2/mute = 0
2026-08-21T05:45:19.194Z DEBUG OSC out: /1/globalMute = 0
2026-08-21T05:45:19.335Z DEBUG OSC out: /2/mute = 0
2026-08-21T05:45:19.335Z DEBUG OSC out: /1/globalMute = 0
2026-08-21T05:45:19.398Z DEBUG OSC out: /2/mute = 0
2026-08-21T05:45:19.398Z DEBUG OSC out: /1/globalMute = 0
2026-08-21T05:45:19.662Z DEBUG OSC out: /2/mute = 0
2026-08-21T05:45:19.662Z DEBUG OSC out: /1/globalMute = 0
2026-08-21T05:45:19.708Z DEBUG OSC out: /2/mute = 0
2026-08-21T05:45:19.709Z DEBUG OSC out: /1/globalMute = 0
2026-08-21T05:45:19.834Z DEBUG OSC out: /2/mute = 0
2026-08-21T05:45:19.834Z DEBUG OSC out: /1/globalMute = 0
2026-08-21T05:45:19.942Z DEBUG OSC out: /2/mute = 0
2026-08-21T05:45:19.943Z DEBUG OSC out: /1/globalMute = 0
2026-08-21T05:45:20.382Z DEBUG OSC out: /2/mute = 0
2026-08-21T05:45:20.383Z DEBUG OSC out: /1/globalMute = 0
2026-08-21T05:45:20.491Z DEBUG OSC out: /2/mute = 0
2026-08-21T05:45:20.491Z DEBUG OSC out: /1/globalMute = 0
2026-08-21T05:45:20.539Z DEBUG OSC out: /2/mute = 0
2026-08-21T05:45:20.539Z DEBUG OSC out: /1/globalMute = 0
2026-08-21T05:45:20.618Z DEBUG OSC out: /2/mute = 0
2026-08-21T05:45:20.619Z DEBUG OSC out: /1/globalMute = 0
2026-08-21T05:45:20.791Z DEBUG OSC out: /2/mute = 0
2026-08-21T05:45:20.792Z DEBUG OSC out: /1/globalMute = 0
2026-08-21T05:45:20.870Z ERROR OSC send failed: getaddrinfo ENOTFOUND 127
2026-08-21T05:45:20.871Z ERROR OSC send failed: getaddrinfo ENOTFOUND 127
2026-08-21T05:45:21.200Z DEBUG OSC out: /2/mute = 0
2026-08-21T05:45:21.201Z DEBUG OSC out: /1/globalMute = 0
2026-08-21T05:45:21.201Z DEBUG OSC out: /2/mute = 0
2026-08-21T05:45:21.201Z DEBUG OSC out: /1/globalMute = 0
2026-08-21T05:45:21.341Z DEBUG OSC out: /2/mute = 0
2026-08-21T05:45:21.342Z DEBUG OSC out: /1/globalMute = 0
2026-08-21T05:45:21.404Z DEBUG OSC out: /2/mute = 0
2026-08-21T05:45:21.404Z DEBUG OSC out: /1/globalMute = 0
2026-08-21T05:45:21.672Z DEBUG OSC out: /2/mute = 0
2026-08-21T05:45:21.673Z DEBUG OSC out: /1/globalMute = 0
2026-08-21T05:45:21.720Z DEBUG OSC out: /2/mute = 0
2026-08-21T05:45:21.720Z DEBUG OSC out: /1/globalMute = 0
2026-08-21T05:45:21.847Z DEBUG OSC out: /2/mute = 0
2026-08-21T05:45:21.847Z DEBUG OSC out: /1/globalMute = 0
2026-08-21T05:45:21.958Z DEBUG OSC out: /2/mute = 0
2026-08-21T05:45:21.959Z DEBUG OSC out: /1/globalMute = 0
2026-08-21T05:45:22.384Z DEBUG OSC out: /2/mute = 0
2026-08-21T05:45:22.384Z DEBUG OSC out: /1/globalMute = 0
2026-08-21T05:45:22.496Z DEBUG OSC out: /2/mute = 0
2026-08-21T05:45:22.496Z DEBUG OSC out: /1/globalMute = 0
2026-08-21T05:45:22.544Z DEBUG OSC out: /2/mute = 0
2026-08-21T05:45:22.544Z DEBUG OSC out: /1/globalMute = 0
2026-08-21T05:45:22.623Z DEBUG OSC out: /2/mute = 0
2026-08-21T05:45:22.623Z DEBUG OSC out: /1/globalMute = 0
2026-08-21T05:45:22.797Z DEBUG OSC out: /2/mute = 0
2026-08-21T05:45:22.798Z DEBUG OSC out: /1/globalMute = 0
2026-08-21T05:45:23.207Z DEBUG OSC out: /2/mute = 0
2026-08-21T05:45:23.207Z DEBUG OSC out: /1/globalMute = 0
2026-08-21T05:45:23.208Z DEBUG OSC out: /2/mute = 0
2026-08-21T05:45:23.208Z DEBUG OSC out: /1/globalMute = 0
2026-08-21T05:45:23.350Z DEBUG OSC out: /2/mute = 0
2026-08-21T05:45:23.351Z DEBUG OSC out: /1/globalMute = 0
2026-08-21T05:45:23.412Z DEBUG OSC out: /2/mute = 0
2026-08-21T05:45:23.412Z DEBUG OSC out: /1/globalMute = 0
2026-08-21T05:45:23.572Z ERROR OSC send failed: getaddrinfo ENOTFOUND 12
2026-08-21T05:45:23.572Z ERROR OSC send failed: getaddrinfo ENOTFOUND 12
2026-08-21T05:45:23.682Z DEBUG OSC out: /2/mute = 0
2026-08-21T05:45:23.682Z DEBUG OSC out: /1/globalMute = 0
2026-08-21T05:45:23.729Z DEBUG OSC out: /2/mute = 0
2026-08-21T05:45:23.730Z DEBUG OSC out: /1/globalMute = 0
2026-08-21T05:45:23.855Z DEBUG OSC out: /2/mute = 0
2026-08-21T05:45:23.856Z DEBUG OSC out: /1/globalMute = 0
2026-08-21T05:45:23.968Z DEBUG OSC out: /2/mute = 0
2026-08-21T05:45:23.968Z DEBUG OSC out: /1/globalMute = 0
2026-08-21T05:45:24.391Z DEBUG OSC out: /2/mute = 0
2026-08-21T05:45:24.391Z DEBUG OSC out: /1/globalMute = 0
2026-08-21T05:45:24.502Z DEBUG OSC out: /2/mute = 0
2026-08-21T05:45:24.502Z DEBUG OSC out: /1/globalMute = 0
2026-08-21T05:45:24.550Z DEBUG OSC out: /2/mute = 0
2026-08-21T05:45:24.550Z DEBUG OSC out: /1/globalMute = 0
2026-08-21T05:45:24.629Z DEBUG OSC out: /2/mute = 0
2026-08-21T05:45:24.629Z DEBUG OSC out: /1/globalMute = 0
2026-08-21T05:45:24.803Z DEBUG OSC out: /2/mute = 0
2026-08-21T05:45:24.804Z DEBUG OSC out: /1/globalMute = 0
2026-08-21T05:45:25.213Z DEBUG OSC out: /2/mute = 0
2026-08-21T05:45:25.213Z DEBUG OSC out: /1/globalMute = 0
2026-08-21T05:45:25.214Z DEBUG OSC out: /2/mute = 0
2026-08-21T05:45:25.214Z DEBUG OSC out: /1/globalMute = 0
2026-08-21T05:45:25.354Z DEBUG OSC out: /2/mute = 0
2026-08-21T05:45:25.355Z DEBUG OSC out: /1/globalMute = 0
2026-08-21T05:45:25.418Z DEBUG OSC out: /2/mute = 0
2026-08-21T05:45:25.418Z DEBUG OSC out: /1/globalMute = 0
2026-08-21T05:45:25.689Z DEBUG OSC out: /2/mute = 0
2026-08-21T05:45:25.689Z DEBUG OSC out: /1/globalMute = 0
2026-08-21T05:45:25.736Z DEBUG OSC out: /2/mute = 0
2026-08-21T05:45:25.737Z DEBUG OSC out: /1/globalMute = 0
2026-08-21T05:45:25.847Z ERROR OSC send failed: getaddrinfo ENOTFOUND 127
2026-08-21T05:45:25.848Z ERROR OSC send failed: getaddrinfo ENOTFOUND 127
2026-08-21T05:45:25.863Z DEBUG OSC out: /2/mute = 0
2026-08-21T05:45:25.863Z DEBUG OSC out: /1/globalMute = 0
2026-08-21T05:45:25.973Z DEBUG OSC out: /2/mute = 0
2026-08-21T05:45:25.974Z DEBUG OSC out: /1/globalMute = 0
2026-08-21T05:45:26.396Z DEBUG OSC out: /2/mute = 0
2026-08-21T05:45:26.396Z DEBUG OSC out: /1/globalMute = 0
2026-08-21T05:45:26.507Z DEBUG OSC out: /2/mute = 0
2026-08-21T05:45:26.508Z DEBUG OSC out: /1/globalMute = 0
2026-08-21T05:45:26.555Z DEBUG OSC out: /2/mute = 0
2026-08-21T05:45:26.555Z DEBUG OSC out: /1/globalMute = 0
2026-08-21T05:45:26.634Z DEBUG OSC out: /2/mute = 0
2026-08-21T05:45:26.634Z DEBUG OSC out: /1/globalMute = 0
2026-08-21T05:45:26.808Z DEBUG OSC out: /2/mute = 0
2026-08-21T05:45:26.808Z DEBUG OSC out: /1/globalMute = 0
2026-08-21T05:45:27.220Z DEBUG OSC out: /2/mute = 0
2026-08-21T05:45:27.220Z DEBUG OSC out: /1/globalMute = 0
2026-08-21T05:45:27.221Z DEBUG OSC out: /2/mute = 0
2026-08-21T05:45:27.221Z DEBUG OSC out: /1/globalMute = 0
2026-08-21T05:45:27.360Z DEBUG OSC out: /2/mute = 0
2026-08-21T05:45:27.361Z DEBUG OSC out: /1/globalMute = 0
2026-08-21T05:45:27.423Z DEBUG OSC out: /2/mute = 0
2026-08-21T05:45:27.423Z DEBUG OSC out: /1/globalMute = 0
2026-08-21T05:45:27.693Z DEBUG OSC out: /2/mute = 0
2026-08-21T05:45:27.693Z DEBUG OSC out: /1/globalMute = 0
2026-08-21T05:45:27.740Z DEBUG OSC out: /2/mute = 0
2026-08-21T05:45:27.740Z DEBUG OSC out: /1/globalMute = 0
2026-08-21T05:45:27.867Z DEBUG OSC out: /2/mute = 0
2026-08-21T05:45:27.867Z DEBUG OSC out: /1/globalMute = 0
2026-08-21T05:45:27.977Z DEBUG OSC out: /2/mute = 0
2026-08-21T05:45:27.977Z DEBUG OSC out: /1/globalMute = 0
2026-08-21T05:45:28.119Z ERROR OSC send failed: getaddrinfo ENOTFOUND 12
2026-08-21T05:45:28.120Z ERROR OSC send failed: getaddrinfo ENOTFOUND 12
2026-08-21T05:45:28.402Z DEBUG OSC out: /2/mute = 0
2026-08-21T05:45:28.402Z DEBUG OSC out: /1/globalMute = 0
2026-08-21T05:45:28.514Z DEBUG OSC out: /2/mute = 0
2026-08-21T05:45:28.515Z DEBUG OSC out: /1/globalMute = 0
2026-08-21T05:45:28.562Z DEBUG OSC out: /2/mute = 0
2026-08-21T05:45:28.563Z DEBUG OSC out: /1/globalMute = 0
2026-08-21T05:45:28.642Z DEBUG OSC out: /2/mute = 0
2026-08-21T05:45:28.642Z DEBUG OSC out: /1/globalMute = 0
2026-08-21T05:45:28.818Z DEBUG OSC out: /2/mute = 0
2026-08-21T05:45:28.819Z DEBUG OSC out: /1/globalMute = 0
2026-08-21T05:45:29.226Z DEBUG OSC out: /2/mute = 0
2026-08-21T05:45:29.227Z DEBUG OSC out: /1/globalMute = 0
2026-08-21T05:45:29.227Z DEBUG OSC out: /2/mute = 0
2026-08-21T05:45:29.227Z DEBUG OSC out: /1/globalMute = 0
2026-08-21T05:45:29.367Z DEBUG OSC out: /2/mute = 0
2026-08-21T05:45:29.367Z DEBUG OSC out: /1/globalMute = 0
2026-08-21T05:45:29.429Z DEBUG OSC out: /2/mute = 0
2026-08-21T05:45:29.429Z DEBUG OSC out: /1/globalMute = 0
2026-08-21T05:45:29.698Z DEBUG OSC out: /2/mute = 0
2026-08-21T05:45:29.698Z DEBUG OSC out: /1/globalMute = 0
2026-08-21T05:45:29.744Z DEBUG OSC out: /2/mute = 0
2026-08-21T05:45:29.744Z DEBUG OSC out: /1/globalMute = 0
2026-08-21T05:45:29.872Z DEBUG OSC out: /2/mute = 0
2026-08-21T05:45:29.873Z DEBUG OSC out: /1/globalMute = 0
2026-08-21T05:45:29.984Z DEBUG OSC out: /2/mute = 0
2026-08-21T05:45:29.984Z DEBUG OSC out: /1/globalMute = 0
2026-08-21T05:45:30.391Z ERROR OSC send failed: getaddrinfo ENOTFOUND 127
2026-08-21T05:45:30.392Z ERROR OSC send failed: getaddrinfo ENOTFOUND 127
2026-08-21T05:45:30.406Z DEBUG OSC out: /2/mute = 0
2026-08-21T05:45:30.407Z DEBUG OSC out: /1/globalMute = 0
2026-08-21T05:45:30.516Z DEBUG OSC out: /2/mute = 0
2026-08-21T05:45:30.517Z DEBUG OSC out: /1/globalMute = 0
2026-08-21T05:45:30.564Z DEBUG OSC out: /2/mute = 0
2026-08-21T05:45:30.564Z DEBUG OSC out: /1/globalMute = 0
2026-08-21T05:45:30.644Z DEBUG OSC out: /2/mute = 0
2026-08-21T05:45:30.644Z DEBUG OSC out: /1/globalMute = 0
2026-08-21T05:45:30.820Z DEBUG OSC out: /2/mute = 0
2026-08-21T05:45:30.820Z DEBUG OSC out: /1/globalMute = 0
2026-08-21T05:45:31.231Z DEBUG OSC out: /2/mute = 0
2026-08-21T05:45:31.231Z DEBUG OSC out: /1/globalMute = 0
2026-08-21T05:45:31.232Z DEBUG OSC out: /2/mute = 0
2026-08-21T05:45:31.232Z DEBUG OSC out: /1/globalMute = 0
2026-08-21T05:45:31.371Z DEBUG OSC out: /2/mute = 0
2026-08-21T05:45:31.371Z DEBUG OSC out: /1/globalMute = 0
2026-08-21T05:45:31.433Z DEBUG OSC out: /2/mute = 0
2026-08-21T05:45:31.433Z DEBUG OSC out: /1/globalMute = 0
2026-08-21T05:45:31.704Z DEBUG OSC out: /2/mute = 0
2026-08-21T05:45:31.704Z DEBUG OSC out: /1/globalMute = 0
2026-08-21T05:45:31.752Z DEBUG OSC out: /2/mute = 0
2026-08-21T05:45:31.752Z DEBUG OSC out: /1/globalMute = 0
2026-08-21T05:45:31.879Z DEBUG OSC out: /2/mute = 0
2026-08-21T05:45:31.879Z DEBUG OSC out: /1/globalMute = 0
2026-08-21T05:45:31.987Z DEBUG OSC out: /2/mute = 0
2026-08-21T05:45:31.987Z DEBUG OSC out: /1/globalMute = 0
2026-08-21T05:45:32.406Z DEBUG OSC out: /2/mute = 0
2026-08-21T05:45:32.407Z DEBUG OSC out: /1/globalMute = 0
2026-08-21T05:45:32.517Z DEBUG OSC out: /2/mute = 0
2026-08-21T05:45:32.517Z DEBUG OSC out: /1/globalMute = 0
2026-08-21T05:45:32.564Z DEBUG OSC out: /2/mute = 0
2026-08-21T05:45:32.565Z DEBUG OSC out: /1/globalMute = 0
2026-08-21T05:45:32.643Z DEBUG OSC out: /2/mute = 0
2026-08-21T05:45:32.644Z DEBUG OSC out: /1/globalMute = 0
2026-08-21T05:45:32.834Z DEBUG OSC out: /2/mute = 0
2026-08-21T05:45:32.834Z DEBUG OSC out: /1/globalMute = 0
2026-08-21T05:45:33.070Z ERROR OSC send failed: getaddrinfo ENOTFOUND 12
2026-08-21T05:45:33.071Z ERROR OSC send failed: getaddrinfo ENOTFOUND 12
2026-08-21T05:45:33.242Z DEBUG OSC out: /2/mute = 0
2026-08-21T05:45:33.243Z DEBUG OSC out: /1/globalMute = 0
2026-08-21T05:45:33.243Z DEBUG OSC out: /2/mute = 0
2026-08-21T05:45:33.244Z DEBUG OSC out: /1/globalMute = 0
2026-08-21T05:45:33.383Z DEBUG OSC out: /2/mute = 0
2026-08-21T05:45:33.383Z DEBUG OSC out: /1/globalMute = 0
2026-08-21T05:45:33.445Z DEBUG OSC out: /2/mute = 0
2026-08-21T05:45:33.446Z DEBUG OSC out: /1/globalMute = 0
2026-08-21T05:45:33.714Z DEBUG OSC out: /2/mute = 0
2026-08-21T05:45:33.714Z DEBUG OSC out: /1/globalMute = 0
2026-08-21T05:45:33.760Z DEBUG OSC out: /2/mute = 0
2026-08-21T05:45:33.760Z DEBUG OSC out: /1/globalMute = 0
2026-08-21T05:45:33.883Z DEBUG OSC out: /2/mute = 0
2026-08-21T05:45:33.884Z DEBUG OSC out: /1/globalMute = 0
2026-08-21T05:45:33.995Z DEBUG OSC out: /2/mute = 0
2026-08-21T05:45:33.995Z DEBUG OSC out: /1/globalMute = 0
2026-08-21T05:45:34.407Z DEBUG OSC out: /2/mute = 0
2026-08-21T05:45:34.408Z DEBUG OSC out: /1/globalMute = 0
2026-08-21T05:45:34.518Z DEBUG OSC out: /2/mute = 0
2026-08-21T05:45:34.518Z DEBUG OSC out: /1/globalMute = 0
2026-08-21T05:45:34.564Z DEBUG OSC out: /2/mute = 0
2026-08-21T05:45:34.565Z DEBUG OSC out: /1/globalMute = 0
2026-08-21T05:45:34.658Z DEBUG OSC out: /2/mute = 0
2026-08-21T05:45:34.659Z DEBUG OSC out: /1/globalMute = 0
2026-08-21T05:45:34.848Z DEBUG OSC out: /2/mute = 0
2026-08-21T05:45:34.848Z DEBUG OSC out: /1/globalMute = 0
2026-08-21T05:45:35.256Z DEBUG OSC out: /2/mute = 0
2026-08-21T05:45:35.257Z DEBUG OSC out: /1/globalMute = 0
2026-08-21T05:45:35.257Z DEBUG OSC out: /2/mute = 0
2026-08-21T05:45:35.258Z DEBUG OSC out: /1/globalMute = 0
2026-08-21T05:45:35.382Z DEBUG OSC out: /2/mute = 0
2026-08-21T05:45:35.383Z DEBUG OSC out: /1/globalMute = 0
2026-08-21T05:45:35.445Z DEBUG OSC out: /2/mute = 0
2026-08-21T05:45:35.446Z DEBUG OSC out: /1/globalMute = 0
2026-08-21T05:45:35.715Z DEBUG OSC out: /2/mute = 0
2026-08-21T05:45:35.716Z DEBUG OSC out: /1/globalMute = 0
2026-08-21T05:45:35.762Z DEBUG OSC out: /2/mute = 0
2026-08-21T05:45:35.763Z DEBUG OSC out: /1/globalMute = 0
2026-08-21T05:45:35.764Z ERROR OSC send failed: getaddrinfo ENOTFOUND 127
2026-08-21T05:45:35.764Z ERROR OSC send failed: getaddrinfo ENOTFOUND 127
2026-08-21T05:45:35.888Z DEBUG OSC out: /2/mute = 0
2026-08-21T05:45:35.888Z DEBUG OSC out: /1/globalMute = 0
2026-08-21T05:45:35.998Z DEBUG OSC out: /2/mute = 0
2026-08-21T05:45:35.998Z DEBUG OSC out: /1/globalMute = 0
2026-08-21T05:45:36.421Z DEBUG OSC out: /2/mute = 0
2026-08-21T05:45:36.421Z DEBUG OSC out: /1/globalMute = 0
2026-08-21T05:45:36.530Z DEBUG OSC out: /2/mute = 0
2026-08-21T05:45:36.530Z DEBUG OSC out: /1/globalMute = 0
2026-08-21T05:45:36.577Z DEBUG OSC out: /2/mute = 0
2026-08-21T05:45:36.577Z DEBUG OSC out: /1/globalMute = 0
2026-08-21T05:45:36.672Z DEBUG OSC out: /2/mute = 0
2026-08-21T05:45:36.672Z DEBUG OSC out: /1/globalMute = 0
2026-08-21T05:45:36.862Z DEBUG OSC out: /2/mute = 0
2026-08-21T05:45:36.862Z DEBUG OSC out: /1/globalMute = 0
2026-08-21T05:45:36.863Z WARN  Ignoring dial move on /1/mastervolume: no data for its view yet
2026-08-21T05:45:36.863Z DEBUG OSC out: /2/mute = 0
2026-08-21T05:45:36.863Z DEBUG OSC out: /1/globalMute = 0
2026-08-21T05:45:36.927Z WARN  Ignoring dial move on /1/mastervolume: no data for its view yet
2026-08-21T05:45:36.927Z DEBUG OSC out: /2/mute = 0
2026-08-21T05:45:36.927Z DEBUG OSC out: /1/globalMute = 0
2026-08-21T05:45:36.990Z WARN  Ignoring dial move on /1/mastervolume: no data for its view yet
2026-08-21T05:45:36.990Z DEBUG OSC out: /2/mute = 0
2026-08-21T05:45:36.990Z DEBUG OSC out: /1/globalMute = 0
2026-08-21T05:45:37.053Z WARN  Ignoring dial move on /1/mastervolume: no data for its view yet
2026-08-21T05:45:37.053Z DEBUG OSC out: /2/mute = 0
2026-08-21T05:45:37.053Z DEBUG OSC out: /1/globalMute = 0
2026-08-21T05:45:37.239Z WARN  Ignoring dial move on /1/mastervolume: no data for its view yet
2026-08-21T05:45:37.239Z DEBUG OSC out: /2/mute = 0
2026-08-21T05:45:37.239Z DEBUG OSC out: /1/globalMute = 0
2026-08-21T05:45:37.258Z DEBUG OSC out: /2/mute = 0
2026-08-21T05:45:37.258Z DEBUG OSC out: /1/globalMute = 0
2026-08-21T05:45:37.258Z DEBUG OSC out: /2/mute = 0
2026-08-21T05:45:37.259Z DEBUG OSC out: /1/globalMute = 0
2026-08-21T05:45:37.289Z WARN  Ignoring dial move on /1/mastervolume: no data for its view yet
2026-08-21T05:45:37.290Z DEBUG OSC out: /2/mute = 0
2026-08-21T05:45:37.290Z DEBUG OSC out: /1/globalMute = 0
2026-08-21T05:45:37.353Z WARN  Ignoring dial move on /1/mastervolume: no data for its view yet
2026-08-21T05:45:37.354Z DEBUG OSC out: /2/mute = 0
2026-08-21T05:45:37.354Z DEBUG OSC out: /1/globalMute = 0
2026-08-21T05:45:37.384Z DEBUG OSC out: /2/mute = 0
2026-08-21T05:45:37.384Z DEBUG OSC out: /1/globalMute = 0
2026-08-21T05:45:37.416Z WARN  Ignoring dial move on /1/mastervolume: no data for its view yet
2026-08-21T05:45:37.416Z DEBUG OSC out: /2/mute = 0
2026-08-21T05:45:37.417Z DEBUG OSC out: /1/globalMute = 0
2026-08-21T05:45:37.448Z DEBUG OSC out: /2/mute = 0
2026-08-21T05:45:37.448Z DEBUG OSC out: /1/globalMute = 0
2026-08-21T05:45:37.479Z WARN  Ignoring dial move on /1/mastervolume: no data for its view yet
2026-08-21T05:45:37.482Z DEBUG OSC out: /2/mute = 0
2026-08-21T05:45:37.482Z DEBUG OSC out: /1/globalMute = 0
2026-08-21T05:45:37.542Z WARN  Ignoring dial move on /1/mastervolume: no data for its view yet
2026-08-21T05:45:37.542Z DEBUG OSC out: /2/mute = 0
2026-08-21T05:45:37.542Z DEBUG OSC out: /1/globalMute = 0
2026-08-21T05:45:37.605Z WARN  Ignoring dial move on /1/mastervolume: no data for its view yet
2026-08-21T05:45:37.606Z DEBUG OSC out: /2/mute = 0
2026-08-21T05:45:37.606Z DEBUG OSC out: /1/globalMute = 0
2026-08-21T05:45:37.669Z WARN  Ignoring dial move on /1/mastervolume: no data for its view yet
2026-08-21T05:45:37.669Z DEBUG OSC out: /2/mute = 0
2026-08-21T05:45:37.669Z DEBUG OSC out: /1/globalMute = 0
2026-08-21T05:45:37.731Z DEBUG OSC out: /2/mute = 0
2026-08-21T05:45:37.731Z DEBUG OSC out: /1/globalMute = 0
2026-08-21T05:45:37.732Z WARN  Ignoring dial move on /1/mastervolume: no data for its view yet
2026-08-21T05:45:37.732Z DEBUG OSC out: /2/mute = 0
2026-08-21T05:45:37.732Z DEBUG OSC out: /1/globalMute = 0
2026-08-21T05:45:37.763Z DEBUG OSC out: /2/mute = 0
2026-08-21T05:45:37.763Z DEBUG OSC out: /1/globalMute = 0
2026-08-21T05:45:37.794Z WARN  Ignoring dial move on /1/mastervolume: no data for its view yet
2026-08-21T05:45:37.794Z DEBUG OSC out: /2/mute = 0
2026-08-21T05:45:37.795Z DEBUG OSC out: /1/globalMute = 0
2026-08-21T05:45:37.857Z WARN  Ignoring dial move on /1/mastervolume: no data for its view yet
2026-08-21T05:45:37.857Z DEBUG OSC out: /2/mute = 0
2026-08-21T05:45:37.857Z DEBUG OSC out: /1/globalMute = 0
2026-08-21T05:45:37.888Z DEBUG OSC out: /2/mute = 0
2026-08-21T05:45:37.888Z DEBUG OSC out: /1/globalMute = 0
2026-08-21T05:45:37.920Z WARN  Ignoring dial move on /1/mastervolume: no data for its view yet
2026-08-21T05:45:37.920Z DEBUG OSC out: /2/mute = 0
2026-08-21T05:45:37.921Z DEBUG OSC out: /1/globalMute = 0
2026-08-21T05:45:37.986Z WARN  Ignoring dial move on /1/mastervolume: no data for its view yet
2026-08-21T05:45:37.986Z DEBUG OSC out: /2/mute = 0
2026-08-21T05:45:37.986Z DEBUG OSC out: /1/globalMute = 0
2026-08-21T05:45:38.004Z DEBUG OSC out: /2/mute = 0
2026-08-21T05:45:38.004Z DEBUG OSC out: /1/globalMute = 0
2026-08-21T05:45:38.047Z ERROR OSC send failed: getaddrinfo ENOTFOUND 12
2026-08-21T05:45:38.047Z ERROR OSC send failed: getaddrinfo ENOTFOUND 12
2026-08-21T05:45:38.048Z WARN  Ignoring dial move on /1/mastervolume: no data for its view yet
2026-08-21T05:45:38.048Z DEBUG OSC out: /2/mute = 0
2026-08-21T05:45:38.048Z DEBUG OSC out: /1/globalMute = 0
2026-08-21T05:45:38.110Z WARN  Ignoring dial move on /1/mastervolume: no data for its view yet
2026-08-21T05:45:38.110Z DEBUG OSC out: /2/mute = 0
2026-08-21T05:45:38.110Z DEBUG OSC out: /1/globalMute = 0
2026-08-21T05:45:38.233Z WARN  Ignoring dial move on /1/mastervolume: no data for its view yet
2026-08-21T05:45:38.233Z DEBUG OSC out: /2/mute = 0
2026-08-21T05:45:38.234Z DEBUG OSC out: /1/globalMute = 0
2026-08-21T05:45:38.296Z WARN  Ignoring dial move on /1/mastervolume: no data for its view yet
2026-08-21T05:45:38.296Z DEBUG OSC out: /2/mute = 0
2026-08-21T05:45:38.296Z DEBUG OSC out: /1/globalMute = 0
2026-08-21T05:45:38.357Z WARN  Ignoring dial move on /1/mastervolume: no data for its view yet
2026-08-21T05:45:38.357Z DEBUG OSC out: /2/mute = 0
2026-08-21T05:45:38.358Z DEBUG OSC out: /1/globalMute = 0
2026-08-21T05:45:38.420Z DEBUG OSC out: /2/mute = 0
2026-08-21T05:45:38.421Z DEBUG OSC out: /1/globalMute = 0
2026-08-21T05:45:38.421Z WARN  Ignoring dial move on /1/mastervolume: no data for its view yet
2026-08-21T05:45:38.422Z DEBUG OSC out: /2/mute = 0
2026-08-21T05:45:38.422Z DEBUG OSC out: /1/globalMute = 0
2026-08-21T05:45:38.483Z WARN  Ignoring dial move on /1/mastervolume: no data for its view yet
2026-08-21T05:45:38.484Z DEBUG OSC out: /2/mute = 0
2026-08-21T05:45:38.484Z DEBUG OSC out: /1/globalMute = 0
2026-08-21T05:45:38.544Z DEBUG OSC out: /2/mute = 0
2026-08-21T05:45:38.545Z DEBUG OSC out: /1/globalMute = 0
2026-08-21T05:45:38.545Z WARN  Ignoring dial move on /1/mastervolume: no data for its view yet
2026-08-21T05:45:38.545Z DEBUG OSC out: /2/mute = 0
2026-08-21T05:45:38.546Z DEBUG OSC out: /1/globalMute = 0
2026-08-21T05:45:38.592Z DEBUG OSC out: /2/mute = 0
2026-08-21T05:45:38.592Z DEBUG OSC out: /1/globalMute = 0
2026-08-21T05:45:38.608Z WARN  Ignoring dial move on /1/mastervolume: no data for its view yet
2026-08-21T05:45:38.608Z DEBUG OSC out: /2/mute = 0
2026-08-21T05:45:38.609Z DEBUG OSC out: /1/globalMute = 0
2026-08-21T05:45:38.671Z WARN  Ignoring dial move on /1/mastervolume: no data for its view yet
2026-08-21T05:45:38.672Z DEBUG OSC out: /2/mute = 0
2026-08-21T05:45:38.672Z DEBUG OSC out: /1/globalMute = 0
2026-08-21T05:45:38.672Z DEBUG OSC out: /2/mute = 0
2026-08-21T05:45:38.673Z DEBUG OSC out: /1/globalMute = 0
2026-08-21T05:45:38.734Z WARN  Ignoring dial move on /1/mastervolume: no data for its view yet
2026-08-21T05:45:38.734Z DEBUG OSC out: /2/mute = 0
2026-08-21T05:45:38.735Z DEBUG OSC out: /1/globalMute = 0
2026-08-21T05:45:38.797Z WARN  Ignoring dial move on /1/mastervolume: no data for its view yet
2026-08-21T05:45:38.798Z DEBUG OSC out: /2/mute = 0
2026-08-21T05:45:38.798Z DEBUG OSC out: /1/globalMute = 0
2026-08-21T05:45:38.859Z WARN  Ignoring dial move on /1/mastervolume: no data for its view yet
2026-08-21T05:45:38.860Z DEBUG OSC out: /2/mute = 0
2026-08-21T05:45:38.860Z DEBUG OSC out: /1/globalMute = 0
2026-08-21T05:45:38.875Z DEBUG OSC out: /2/mute = 0
2026-08-21T05:45:38.875Z DEBUG OSC out: /1/globalMute = 0
2026-08-21T05:45:38.923Z WARN  Ignoring dial move on /1/mastervolume: no data for its view yet
2026-08-21T05:45:38.923Z DEBUG OSC out: /2/mute = 0
2026-08-21T05:45:38.924Z DEBUG OSC out: /1/globalMute = 0
2026-08-21T05:45:38.987Z WARN  Ignoring dial move on /1/mastervolume: no data for its view yet
2026-08-21T05:45:38.988Z DEBUG OSC out: /2/mute = 0
2026-08-21T05:45:38.988Z DEBUG OSC out: /1/globalMute = 0
2026-08-21T05:45:39.052Z WARN  Ignoring dial move on /1/mastervolume: no data for its view yet
2026-08-21T05:45:39.052Z DEBUG OSC out: /2/mute = 0
2026-08-21T05:45:39.052Z DEBUG OSC out: /1/globalMute = 0
2026-08-21T05:45:39.114Z WARN  Ignoring dial move on /1/mastervolume: no data for its view yet
2026-08-21T05:45:39.114Z DEBUG OSC out: /2/mute = 0
2026-08-21T05:45:39.115Z DEBUG OSC out: /1/globalMute = 0
2026-08-21T05:45:39.177Z WARN  Ignoring dial move on /1/mastervolume: no data for its view yet
2026-08-21T05:45:39.177Z DEBUG OSC out: /2/mute = 0
2026-08-21T05:45:39.177Z DEBUG OSC out: /1/globalMute = 0
2026-08-21T05:45:39.238Z WARN  Ignoring dial move on /1/mastervolume: no data for its view yet
2026-08-21T05:45:39.238Z DEBUG OSC out: /2/mute = 0
2026-08-21T05:45:39.239Z DEBUG OSC out: /1/globalMute = 0
2026-08-21T05:45:39.269Z DEBUG OSC out: /2/mute = 0
2026-08-21T05:45:39.269Z DEBUG OSC out: /1/globalMute = 0
2026-08-21T05:45:39.270Z DEBUG OSC out: /2/mute = 0
2026-08-21T05:45:39.270Z DEBUG OSC out: /1/globalMute = 0
2026-08-21T05:45:39.302Z WARN  Ignoring dial move on /1/mastervolume: no data for its view yet
2026-08-21T05:45:39.302Z DEBUG OSC out: /2/mute = 0
2026-08-21T05:45:39.302Z DEBUG OSC out: /1/globalMute = 0
2026-08-21T05:45:39.365Z WARN  Ignoring dial move on /1/mastervolume: no data for its view yet
2026-08-21T05:45:39.365Z DEBUG OSC out: /2/mute = 0
2026-08-21T05:45:39.366Z DEBUG OSC out: /1/globalMute = 0
2026-08-21T05:45:39.395Z DEBUG OSC out: /2/mute = 0
2026-08-21T05:45:39.395Z DEBUG OSC out: /1/globalMute = 0
2026-08-21T05:45:39.427Z WARN  Ignoring dial move on /1/mastervolume: no data for its view yet
2026-08-21T05:45:39.427Z DEBUG OSC out: /2/mute = 0
2026-08-21T05:45:39.427Z DEBUG OSC out: /1/globalMute = 0
2026-08-21T05:45:39.457Z DEBUG OSC out: /2/mute = 0
2026-08-21T05:45:39.457Z DEBUG OSC out: /1/globalMute = 0
2026-08-21T05:45:39.489Z WARN  Ignoring dial move on /1/mastervolume: no data for its view yet
2026-08-21T05:45:39.490Z DEBUG OSC out: /2/mute = 0
2026-08-21T05:45:39.490Z DEBUG OSC out: /1/globalMute = 0
2026-08-21T05:45:39.554Z WARN  Ignoring dial move on /1/mastervolume: no data for its view yet
2026-08-21T05:45:39.554Z DEBUG OSC out: /2/mute = 0
2026-08-21T05:45:39.554Z DEBUG OSC out: /1/globalMute = 0
2026-08-21T05:45:39.617Z WARN  Ignoring dial move on /1/mastervolume: no data for its view yet
2026-08-21T05:45:39.617Z DEBUG OSC out: /2/mute = 0
2026-08-21T05:45:39.617Z DEBUG OSC out: /1/globalMute = 0
2026-08-21T05:45:39.744Z DEBUG OSC out: /2/mute = 0
2026-08-21T05:45:39.744Z DEBUG OSC out: /1/globalMute = 0
2026-08-21T05:45:39.776Z DEBUG OSC out: /2/mute = 0
2026-08-21T05:45:39.776Z DEBUG OSC out: /1/globalMute = 0
2026-08-21T05:45:39.904Z DEBUG OSC out: /2/mute = 0
2026-08-21T05:45:39.905Z DEBUG OSC out: /1/globalMute = 0
2026-08-21T05:45:39.935Z WARN  Ignoring dial move on /1/mastervolume: no data for its view yet
2026-08-21T05:45:39.936Z DEBUG OSC out: /2/mute = 0
2026-08-21T05:45:39.936Z DEBUG OSC out: /1/globalMute = 0
2026-08-21T05:45:40.000Z WARN  Ignoring dial move on /1/mastervolume: no data for its view yet
2026-08-21T05:45:40.000Z DEBUG OSC out: /2/mute = 0
2026-08-21T05:45:40.000Z DEBUG OSC out: /1/globalMute = 0
2026-08-21T05:45:40.001Z DEBUG OSC out: /2/mute = 0
2026-08-21T05:45:40.001Z DEBUG OSC out: /1/globalMute = 0
2026-08-21T05:45:40.128Z WARN  Ignoring dial move on /1/mastervolume: no data for its view yet
2026-08-21T05:45:40.128Z DEBUG OSC out: /2/mute = 0
2026-08-21T05:45:40.129Z DEBUG OSC out: /1/globalMute = 0
2026-08-21T05:45:40.331Z ERROR OSC send failed: getaddrinfo ENOTFOUND 127
2026-08-21T05:45:40.332Z ERROR OSC send failed: getaddrinfo ENOTFOUND 127
2026-08-21T05:45:40.423Z DEBUG OSC out: /2/mute = 0
2026-08-21T05:45:40.424Z DEBUG OSC out: /1/globalMute = 0
2026-08-21T05:45:40.549Z DEBUG OSC out: /2/mute = 0
2026-08-21T05:45:40.549Z DEBUG OSC out: /1/globalMute = 0
2026-08-21T05:45:40.596Z DEBUG OSC out: /2/mute = 0
2026-08-21T05:45:40.597Z DEBUG OSC out: /1/globalMute = 0
2026-08-21T05:45:40.675Z DEBUG OSC out: /2/mute = 0
2026-08-21T05:45:40.676Z DEBUG OSC out: /1/globalMute = 0
2026-08-21T05:45:40.880Z DEBUG OSC out: /2/mute = 0
2026-08-21T05:45:40.880Z DEBUG OSC out: /1/globalMute = 0
2026-08-21T05:45:41.276Z DEBUG OSC out: /2/mute = 0
2026-08-21T05:45:41.277Z DEBUG OSC out: /1/globalMute = 0
2026-08-21T05:45:41.277Z DEBUG OSC out: /2/mute = 0
2026-08-21T05:45:41.278Z DEBUG OSC out: /1/globalMute = 0
2026-08-21T05:45:41.401Z DEBUG OSC out: /2/mute = 0
2026-08-21T05:45:41.401Z DEBUG OSC out: /1/globalMute = 0
2026-08-21T05:45:41.464Z DEBUG OSC out: /2/mute = 0
2026-08-21T05:45:41.465Z DEBUG OSC out: /1/globalMute = 0
2026-08-21T05:45:41.750Z DEBUG OSC out: /2/mute = 0
2026-08-21T05:45:41.750Z DEBUG OSC out: /1/globalMute = 0
2026-08-21T05:45:41.782Z DEBUG OSC out: /2/mute = 0
2026-08-21T05:45:41.782Z DEBUG OSC out: /1/globalMute = 0
2026-08-21T05:45:41.908Z DEBUG OSC out: /2/mute = 0
2026-08-21T05:45:41.908Z DEBUG OSC out: /1/globalMute = 0
2026-08-21T05:45:42.004Z DEBUG OSC out: /2/mute = 0
2026-08-21T05:45:42.005Z DEBUG OSC out: /1/globalMute = 0
2026-08-21T05:45:42.427Z DEBUG OSC out: /2/mute = 0
2026-08-21T05:45:42.427Z DEBUG OSC out: /1/globalMute = 0
2026-08-21T05:45:42.554Z DEBUG OSC out: /2/mute = 0
2026-08-21T05:45:42.554Z DEBUG OSC out: /1/globalMute = 0
2026-08-21T05:45:42.601Z DEBUG OSC out: /2/mute = 0
2026-08-21T05:45:42.602Z DEBUG OSC out: /1/globalMute = 0
2026-08-21T05:45:42.682Z DEBUG OSC out: /2/mute = 0
2026-08-21T05:45:42.682Z DEBUG OSC out: /1/globalMute = 0
2026-08-21T05:45:42.889Z DEBUG OSC out: /2/mute = 0
2026-08-21T05:45:42.889Z DEBUG OSC out: /1/globalMute = 0
2026-08-21T05:45:43.032Z ERROR OSC send failed: getaddrinfo ENOTFOUND 12
2026-08-21T05:45:43.033Z ERROR OSC send failed: getaddrinfo ENOTFOUND 12
2026-08-21T05:45:43.284Z DEBUG OSC out: /2/mute = 0
2026-08-21T05:45:43.284Z DEBUG OSC out: /1/globalMute = 0
2026-08-21T05:45:43.285Z DEBUG OSC out: /2/mute = 0
2026-08-21T05:45:43.285Z DEBUG OSC out: /1/globalMute = 0
2026-08-21T05:45:43.408Z DEBUG OSC out: /2/mute = 0
2026-08-21T05:45:43.409Z DEBUG OSC out: /1/globalMute = 0
2026-08-21T05:45:43.472Z DEBUG OSC out: /2/mute = 0
2026-08-21T05:45:43.472Z DEBUG OSC out: /1/globalMute = 0
2026-08-21T05:45:43.757Z DEBUG OSC out: /2/mute = 0
2026-08-21T05:45:43.758Z DEBUG OSC out: /1/globalMute = 0
2026-08-21T05:45:43.790Z DEBUG OSC out: /2/mute = 0
2026-08-21T05:45:43.790Z DEBUG OSC out: /1/globalMute = 0
2026-08-21T05:45:43.916Z DEBUG OSC out: /2/mute = 0
2026-08-21T05:45:43.917Z DEBUG OSC out: /1/globalMute = 0
2026-08-21T05:45:44.012Z DEBUG OSC out: /2/mute = 0
2026-08-21T05:45:44.012Z DEBUG OSC out: /1/globalMute = 0
2026-08-21T05:45:44.437Z DEBUG OSC out: /2/mute = 0
2026-08-21T05:45:44.437Z DEBUG OSC out: /1/globalMute = 0
2026-08-21T05:45:44.563Z DEBUG OSC out: /2/mute = 0
2026-08-21T05:45:44.563Z DEBUG OSC out: /1/globalMute = 0
2026-08-21T05:45:44.610Z DEBUG OSC out: /2/mute = 0
2026-08-21T05:45:44.610Z DEBUG OSC out: /1/globalMute = 0
2026-08-21T05:45:44.689Z DEBUG OSC out: /2/mute = 0
2026-08-21T05:45:44.689Z DEBUG OSC out: /1/globalMute = 0
2026-08-21T05:45:44.893Z DEBUG OSC out: /2/mute = 0
2026-08-21T05:45:44.893Z DEBUG OSC out: /1/globalMute = 0
2026-08-21T05:45:45.287Z DEBUG OSC out: /2/mute = 0
2026-08-21T05:45:45.288Z DEBUG OSC out: /1/globalMute = 0
2026-08-21T05:45:45.288Z DEBUG OSC out: /2/mute = 0
2026-08-21T05:45:45.289Z DEBUG OSC out: /1/globalMute = 0
2026-08-21T05:45:45.411Z DEBUG OSC out: /2/mute = 0
2026-08-21T05:45:45.411Z DEBUG OSC out: /1/globalMute = 0
2026-08-21T05:45:45.474Z DEBUG OSC out: /2/mute = 0
2026-08-21T05:45:45.474Z DEBUG OSC out: /1/globalMute = 0
2026-08-21T05:45:45.730Z ERROR OSC send failed: getaddrinfo ENOTFOUND 127
2026-08-21T05:45:45.730Z ERROR OSC send failed: getaddrinfo ENOTFOUND 127
2026-08-21T05:45:45.762Z DEBUG OSC out: /2/mute = 0
2026-08-21T05:45:45.762Z DEBUG OSC out: /1/globalMute = 0
2026-08-21T05:45:45.794Z DEBUG OSC out: /2/mute = 0
2026-08-21T05:45:45.794Z DEBUG OSC out: /1/globalMute = 0
2026-08-21T05:45:45.921Z DEBUG OSC out: /2/mute = 0
2026-08-21T05:45:45.921Z DEBUG OSC out: /1/globalMute = 0
2026-08-21T05:45:46.016Z DEBUG OSC out: /2/mute = 0
2026-08-21T05:45:46.017Z DEBUG OSC out: /1/globalMute = 0
2026-08-21T05:45:46.442Z DEBUG OSC out: /2/mute = 0
2026-08-21T05:45:46.442Z DEBUG OSC out: /1/globalMute = 0
2026-08-21T05:45:46.570Z DEBUG OSC out: /2/mute = 0
2026-08-21T05:45:46.570Z DEBUG OSC out: /1/globalMute = 0
2026-08-21T05:45:46.616Z DEBUG OSC out: /2/mute = 0
2026-08-21T05:45:46.616Z DEBUG OSC out: /1/globalMute = 0
2026-08-21T05:45:46.695Z DEBUG OSC out: /2/mute = 0
2026-08-21T05:45:46.696Z DEBUG OSC out: /1/globalMute = 0
2026-08-21T05:45:46.900Z DEBUG OSC out: /2/mute = 0
2026-08-21T05:45:46.901Z DEBUG OSC out: /1/globalMute = 0
2026-08-21T05:45:47.296Z DEBUG OSC out: /2/mute = 0
2026-08-21T05:45:47.297Z DEBUG OSC out: /1/globalMute = 0
2026-08-21T05:45:47.297Z DEBUG OSC out: /2/mute = 0
2026-08-21T05:45:47.298Z DEBUG OSC out: /1/globalMute = 0
2026-08-21T05:45:47.422Z DEBUG OSC out: /2/mute = 0
2026-08-21T05:45:47.422Z DEBUG OSC out: /1/globalMute = 0
2026-08-21T05:45:47.483Z DEBUG OSC out: /2/mute = 0
2026-08-21T05:45:47.484Z DEBUG OSC out: /1/globalMute = 0
2026-08-21T05:45:47.766Z DEBUG OSC out: /2/mute = 0
2026-08-21T05:45:47.766Z DEBUG OSC out: /1/globalMute = 0
2026-08-21T05:45:47.798Z DEBUG OSC out: /2/mute = 0
2026-08-21T05:45:47.798Z DEBUG OSC out: /1/globalMute = 0
2026-08-21T05:45:47.923Z DEBUG OSC out: /2/mute = 0
2026-08-21T05:45:47.923Z DEBUG OSC out: /1/globalMute = 0
2026-08-21T05:45:48.002Z ERROR OSC send failed: getaddrinfo ENOTFOUND 12
2026-08-21T05:45:48.002Z ERROR OSC send failed: getaddrinfo ENOTFOUND 12
2026-08-21T05:45:48.018Z DEBUG OSC out: /2/mute = 0
2026-08-21T05:45:48.018Z DEBUG OSC out: /1/globalMute = 0
2026-08-21T05:45:48.445Z DEBUG OSC out: /2/mute = 0
2026-08-21T05:45:48.445Z DEBUG OSC out: /1/globalMute = 0
2026-08-21T05:45:48.572Z DEBUG OSC out: /2/mute = 0
2026-08-21T05:45:48.573Z DEBUG OSC out: /1/globalMute = 0
2026-08-21T05:45:48.619Z DEBUG OSC out: /2/mute = 0
2026-08-21T05:45:48.620Z DEBUG OSC out: /1/globalMute = 0
2026-08-21T05:45:48.699Z DEBUG OSC out: /2/mute = 0
2026-08-21T05:45:48.700Z DEBUG OSC out: /1/globalMute = 0
2026-08-21T05:45:48.910Z DEBUG OSC out: /2/mute = 0
2026-08-21T05:45:48.910Z DEBUG OSC out: /1/globalMute = 0
2026-08-21T05:45:49.300Z DEBUG OSC out: /2/mute = 0
2026-08-21T05:45:49.300Z DEBUG OSC out: /1/globalMute = 0
2026-08-21T05:45:49.300Z DEBUG OSC out: /2/mute = 0
2026-08-21T05:45:49.301Z DEBUG OSC out: /1/globalMute = 0
2026-08-21T05:45:49.425Z DEBUG OSC out: /2/mute = 0
2026-08-21T05:45:49.425Z DEBUG OSC out: /1/globalMute = 0
2026-08-21T05:45:49.487Z DEBUG OSC out: /2/mute = 0
2026-08-21T05:45:49.487Z DEBUG OSC out: /1/globalMute = 0
2026-08-21T05:45:49.775Z DEBUG OSC out: /2/mute = 0
2026-08-21T05:45:49.775Z DEBUG OSC out: /1/globalMute = 0
2026-08-21T05:45:49.807Z DEBUG OSC out: /2/mute = 0
2026-08-21T05:45:49.807Z DEBUG OSC out: /1/globalMute = 0
2026-08-21T05:45:49.935Z DEBUG OSC out: /2/mute = 0
2026-08-21T05:45:49.935Z DEBUG OSC out: /1/globalMute = 0
2026-08-21T05:45:50.032Z DEBUG OSC out: /2/mute = 0
2026-08-21T05:45:50.032Z DEBUG OSC out: /1/globalMute = 0
2026-08-21T05:45:50.283Z ERROR OSC send failed: getaddrinfo ENOTFOUND 127
2026-08-21T05:45:50.283Z ERROR OSC send failed: getaddrinfo ENOTFOUND 127
2026-08-21T05:45:50.455Z DEBUG OSC out: /2/mute = 0
2026-08-21T05:45:50.456Z DEBUG OSC out: /1/globalMute = 0
2026-08-21T05:45:50.583Z DEBUG OSC out: /2/mute = 0
2026-08-21T05:45:50.584Z DEBUG OSC out: /1/globalMute = 0
2026-08-21T05:45:50.631Z DEBUG OSC out: /2/mute = 0
2026-08-21T05:45:50.632Z DEBUG OSC out: /1/globalMute = 0
2026-08-21T05:45:50.711Z DEBUG OSC out: /2/mute = 0
2026-08-21T05:45:50.711Z DEBUG OSC out: /1/globalMute = 0
2026-08-21T05:45:50.916Z DEBUG OSC out: /2/mute = 0
2026-08-21T05:45:50.917Z DEBUG OSC out: /1/globalMute = 0
2026-08-21T05:45:51.313Z DEBUG OSC out: /2/mute = 0
2026-08-21T05:45:51.314Z DEBUG OSC out: /1/globalMute = 0
2026-08-21T05:45:51.314Z DEBUG OSC out: /2/mute = 0
2026-08-21T05:45:51.314Z DEBUG OSC out: /1/globalMute = 0
2026-08-21T05:45:51.439Z DEBUG OSC out: /2/mute = 0
2026-08-21T05:45:51.439Z DEBUG OSC out: /1/globalMute = 0
2026-08-21T05:45:51.501Z DEBUG OSC out: /2/mute = 0
2026-08-21T05:45:51.501Z DEBUG OSC out: /1/globalMute = 0
2026-08-21T05:45:51.786Z DEBUG OSC out: /2/mute = 0
2026-08-21T05:45:51.787Z DEBUG OSC out: /1/globalMute = 0
2026-08-21T05:45:51.819Z DEBUG OSC out: /2/mute = 0
2026-08-21T05:45:51.819Z DEBUG OSC out: /1/globalMute = 0
2026-08-21T05:45:51.946Z DEBUG OSC out: /2/mute = 0
2026-08-21T05:45:51.947Z DEBUG OSC out: /1/globalMute = 0
2026-08-21T05:45:52.042Z DEBUG OSC out: /2/mute = 0
2026-08-21T05:45:52.043Z DEBUG OSC out: /1/globalMute = 0
2026-08-21T05:45:52.471Z DEBUG OSC out: /2/mute = 0
2026-08-21T05:45:52.471Z DEBUG OSC out: /1/globalMute = 0
2026-08-21T05:45:52.599Z DEBUG OSC out: /2/mute = 0
2026-08-21T05:45:52.599Z DEBUG OSC out: /1/globalMute = 0
2026-08-21T05:45:52.647Z DEBUG OSC out: /2/mute = 0
2026-08-21T05:45:52.647Z DEBUG OSC out: /1/globalMute = 0
2026-08-21T05:45:52.711Z DEBUG OSC out: /2/mute = 0
2026-08-21T05:45:52.711Z DEBUG OSC out: /1/globalMute = 0
2026-08-21T05:45:52.919Z DEBUG OSC out: /2/mute = 0
2026-08-21T05:45:52.919Z DEBUG OSC out: /1/globalMute = 0
2026-08-21T05:45:52.986Z ERROR OSC send failed: getaddrinfo ENOTFOUND 12
2026-08-21T05:45:52.987Z ERROR OSC send failed: getaddrinfo ENOTFOUND 12
2026-08-21T05:45:53.316Z DEBUG OSC out: /2/mute = 0
2026-08-21T05:45:53.316Z DEBUG OSC out: /1/globalMute = 0
2026-08-21T05:45:53.317Z DEBUG OSC out: /2/mute = 0
2026-08-21T05:45:53.317Z DEBUG OSC out: /1/globalMute = 0
2026-08-21T05:45:53.442Z DEBUG OSC out: /2/mute = 0
2026-08-21T05:45:53.442Z DEBUG OSC out: /1/globalMute = 0
2026-08-21T05:45:53.505Z DEBUG OSC out: /2/mute = 0
2026-08-21T05:45:53.506Z DEBUG OSC out: /1/globalMute = 0
2026-08-21T05:45:53.792Z DEBUG OSC out: /2/mute = 0
2026-08-21T05:45:53.792Z DEBUG OSC out: /1/globalMute = 0
2026-08-21T05:45:53.824Z DEBUG OSC out: /2/mute = 0
2026-08-21T05:45:53.824Z DEBUG OSC out: /1/globalMute = 0
2026-08-21T05:45:53.952Z DEBUG OSC out: /2/mute = 0
2026-08-21T05:45:53.953Z DEBUG OSC out: /1/globalMute = 0
2026-08-21T05:45:54.048Z DEBUG OSC out: /2/mute = 0
2026-08-21T05:45:54.048Z DEBUG OSC out: /1/globalMute = 0
2026-08-21T05:45:54.480Z DEBUG OSC out: /2/mute = 0
2026-08-21T05:45:54.480Z DEBUG OSC out: /1/globalMute = 0
2026-08-21T05:45:54.607Z DEBUG OSC out: /2/mute = 0
2026-08-21T05:45:54.607Z DEBUG OSC out: /1/globalMute = 0
2026-08-21T05:45:54.655Z DEBUG OSC out: /2/mute = 0
2026-08-21T05:45:54.655Z DEBUG OSC out: /1/globalMute = 0
2026-08-21T05:45:54.719Z DEBUG OSC out: /2/mute = 0
2026-08-21T05:45:54.719Z DEBUG OSC out: /1/globalMute = 0
2026-08-21T05:45:54.927Z DEBUG OSC out: /2/mute = 0
2026-08-21T05:45:54.928Z DEBUG OSC out: /1/globalMute = 0
2026-08-21T05:45:55.323Z DEBUG OSC out: /2/mute = 0
2026-08-21T05:45:55.324Z DEBUG OSC out: /1/globalMute = 0
2026-08-21T05:45:55.324Z DEBUG OSC out: /2/mute = 0
2026-08-21T05:45:55.325Z DEBUG OSC out: /1/globalMute = 0
2026-08-21T05:45:55.452Z DEBUG OSC out: /2/mute = 0
2026-08-21T05:45:55.452Z DEBUG OSC out: /1/globalMute = 0
2026-08-21T05:45:55.515Z DEBUG OSC out: /2/mute = 0
2026-08-21T05:45:55.516Z DEBUG OSC out: /1/globalMute = 0
2026-08-21T05:45:55.658Z ERROR OSC send failed: getaddrinfo ENOTFOUND 127
2026-08-21T05:45:55.659Z ERROR OSC send failed: getaddrinfo ENOTFOUND 127
2026-08-21T05:45:55.803Z DEBUG OSC out: /2/mute = 0
2026-08-21T05:45:55.803Z DEBUG OSC out: /1/globalMute = 0
2026-08-21T05:45:55.835Z DEBUG OSC out: /2/mute = 0
2026-08-21T05:45:55.835Z DEBUG OSC out: /1/globalMute = 0
2026-08-21T05:45:55.962Z DEBUG OSC out: /2/mute = 0
2026-08-21T05:45:55.962Z DEBUG OSC out: /1/globalMute = 0
2026-08-21T05:45:56.058Z DEBUG OSC out: /2/mute = 0
2026-08-21T05:45:56.058Z DEBUG OSC out: /1/globalMute = 0
2026-08-21T05:45:56.484Z DEBUG OSC out: /2/mute = 0
2026-08-21T05:45:56.484Z DEBUG OSC out: /1/globalMute = 0
2026-08-21T05:45:56.611Z DEBUG OSC out: /2/mute = 0
2026-08-21T05:45:56.611Z DEBUG OSC out: /1/globalMute = 0
2026-08-21T05:45:56.660Z DEBUG OSC out: /2/mute = 0
2026-08-21T05:45:56.660Z DEBUG OSC out: /1/globalMute = 0
2026-08-21T05:45:56.724Z DEBUG OSC out: /2/mute = 0
2026-08-21T05:45:56.724Z DEBUG OSC out: /1/globalMute = 0
2026-08-21T05:45:56.930Z DEBUG OSC out: /2/mute = 0
2026-08-21T05:45:56.930Z DEBUG OSC out: /1/globalMute = 0
2026-08-21T05:45:57.327Z DEBUG OSC out: /2/mute = 0
2026-08-21T05:45:57.327Z DEBUG OSC out: /1/globalMute = 0
2026-08-21T05:45:57.328Z DEBUG OSC out: /2/mute = 0
2026-08-21T05:45:57.328Z DEBUG OSC out: /1/globalMute = 0
2026-08-21T05:45:57.454Z DEBUG OSC out: /2/mute = 0
2026-08-21T05:45:57.455Z DEBUG OSC out: /1/globalMute = 0
2026-08-21T05:45:57.518Z DEBUG OSC out: /2/mute = 0
2026-08-21T05:45:57.518Z DEBUG OSC out: /1/globalMute = 0
2026-08-21T05:45:57.804Z DEBUG OSC out: /2/mute = 0
2026-08-21T05:45:57.805Z DEBUG OSC out: /1/globalMute = 0
2026-08-21T05:45:57.836Z DEBUG OSC out: /2/mute = 0
2026-08-21T05:45:57.836Z DEBUG OSC out: /1/globalMute = 0
2026-08-21T05:45:57.947Z ERROR OSC send failed: getaddrinfo ENOTFOUND 12
2026-08-21T05:45:57.947Z ERROR OSC send failed: getaddrinfo ENOTFOUND 12
2026-08-21T05:45:57.963Z DEBUG OSC out: /2/mute = 0
2026-08-21T05:45:57.963Z DEBUG OSC out: /1/globalMute = 0
2026-08-21T05:45:58.059Z DEBUG OSC out: /2/mute = 0
2026-08-21T05:45:58.059Z DEBUG OSC out: /1/globalMute = 0
2026-08-21T05:45:58.487Z DEBUG OSC out: /2/mute = 0
2026-08-21T05:45:58.488Z DEBUG OSC out: /1/globalMute = 0
2026-08-21T05:45:58.615Z DEBUG OSC out: /2/mute = 0
2026-08-21T05:45:58.615Z DEBUG OSC out: /1/globalMute = 0
2026-08-21T05:45:58.663Z DEBUG OSC out: /2/mute = 0
2026-08-21T05:45:58.664Z DEBUG OSC out: /1/globalMute = 0
2026-08-21T05:45:58.727Z DEBUG OSC out: /2/mute = 0
2026-08-21T05:45:58.728Z DEBUG OSC out: /1/globalMute = 0
2026-08-21T05:45:58.935Z DEBUG OSC out: /2/mute = 0
2026-08-21T05:45:58.935Z DEBUG OSC out: /1/globalMute = 0
2026-08-21T05:45:59.332Z DEBUG OSC out: /2/mute = 0
2026-08-21T05:45:59.332Z DEBUG OSC out: /1/globalMute = 0
2026-08-21T05:45:59.333Z DEBUG OSC out: /2/mute = 0
2026-08-21T05:45:59.333Z DEBUG OSC out: /1/globalMute = 0
2026-08-21T05:45:59.457Z DEBUG OSC out: /2/mute = 0
2026-08-21T05:45:59.457Z DEBUG OSC out: /1/globalMute = 0
2026-08-21T05:45:59.520Z DEBUG OSC out: /2/mute = 0
2026-08-21T05:45:59.520Z DEBUG OSC out: /1/globalMute = 0
2026-08-21T05:45:59.807Z DEBUG OSC out: /2/mute = 0
2026-08-21T05:45:59.808Z DEBUG OSC out: /1/globalMute = 0
2026-08-21T05:45:59.836Z DEBUG OSC out: /2/mute = 0
2026-08-21T05:45:59.836Z DEBUG OSC out: /1/globalMute = 0
2026-08-21T05:45:59.976Z DEBUG OSC out: /2/mute = 0
2026-08-21T05:45:59.976Z DEBUG OSC out: /1/globalMute = 0
2026-08-21T05:46:00.072Z DEBUG OSC out: /2/mute = 0
2026-08-21T05:46:00.073Z DEBUG OSC out: /1/globalMute = 0
2026-08-21T05:46:00.231Z ERROR OSC send failed: getaddrinfo ENOTFOUND 127
2026-08-21T05:46:00.231Z ERROR OSC send failed: getaddrinfo ENOTFOUND 127
2026-08-21T05:46:00.502Z DEBUG OSC out: /2/mute = 0
2026-08-21T05:46:00.502Z DEBUG OSC out: /1/globalMute = 0
2026-08-21T05:46:00.630Z DEBUG OSC out: /2/mute = 0
2026-08-21T05:46:00.630Z DEBUG OSC out: /1/globalMute = 0
2026-08-21T05:46:00.677Z DEBUG OSC out: /2/mute = 0
2026-08-21T05:46:00.678Z DEBUG OSC out: /1/globalMute = 0
2026-08-21T05:46:00.739Z DEBUG OSC out: /2/mute = 0
2026-08-21T05:46:00.740Z DEBUG OSC out: /1/globalMute = 0
2026-08-21T05:46:00.946Z DEBUG OSC out: /2/mute = 0
2026-08-21T05:46:00.946Z DEBUG OSC out: /1/globalMute = 0
2026-08-21T05:46:01.340Z DEBUG OSC out: /2/mute = 0
2026-08-21T05:46:01.341Z DEBUG OSC out: /1/globalMute = 0
2026-08-21T05:46:01.341Z DEBUG OSC out: /2/mute = 0
2026-08-21T05:46:01.341Z DEBUG OSC out: /1/globalMute = 0
2026-08-21T05:46:01.469Z DEBUG OSC out: /2/mute = 0
2026-08-21T05:46:01.470Z DEBUG OSC out: /1/globalMute = 0
2026-08-21T05:46:01.531Z DEBUG OSC out: /2/mute = 0
2026-08-21T05:46:01.532Z DEBUG OSC out: /1/globalMute = 0
2026-08-21T05:46:01.818Z DEBUG OSC out: /2/mute = 0
2026-08-21T05:46:01.819Z DEBUG OSC out: /1/globalMute = 0
2026-08-21T05:46:01.850Z DEBUG OSC out: /2/mute = 0
2026-08-21T05:46:01.850Z DEBUG OSC out: /1/globalMute = 0
2026-08-21T05:46:01.978Z DEBUG OSC out: /2/mute = 0
2026-08-21T05:46:01.978Z DEBUG OSC out: /1/globalMute = 0
2026-08-21T05:46:02.074Z DEBUG OSC out: /2/mute = 0
2026-08-21T05:46:02.074Z DEBUG OSC out: /1/globalMute = 0
2026-08-21T05:46:02.515Z DEBUG OSC out: /2/mute = 0
2026-08-21T05:46:02.515Z DEBUG OSC out: /1/globalMute = 0
2026-08-21T05:46:02.640Z DEBUG OSC out: /2/mute = 0
2026-08-21T05:46:02.641Z DEBUG OSC out: /1/globalMute = 0
2026-08-21T05:46:02.688Z DEBUG OSC out: /2/mute = 0
2026-08-21T05:46:02.689Z DEBUG OSC out: /1/globalMute = 0
2026-08-21T05:46:02.752Z DEBUG OSC out: /2/mute = 0
2026-08-21T05:46:02.753Z DEBUG OSC out: /1/globalMute = 0
2026-08-21T05:46:02.929Z ERROR OSC send failed: getaddrinfo ENOTFOUND 12
2026-08-21T05:46:02.929Z ERROR OSC send failed: getaddrinfo ENOTFOUND 12
2026-08-21T05:46:02.960Z DEBUG OSC out: /2/mute = 0
2026-08-21T05:46:02.961Z DEBUG OSC out: /1/globalMute = 0
2026-08-21T05:46:03.355Z DEBUG OSC out: /2/mute = 0
2026-08-21T05:46:03.355Z DEBUG OSC out: /1/globalMute = 0
2026-08-21T05:46:03.356Z DEBUG OSC out: /2/mute = 0
2026-08-21T05:46:03.356Z DEBUG OSC out: /1/globalMute = 0
2026-08-21T05:46:03.482Z DEBUG OSC out: /2/mute = 0
2026-08-21T05:46:03.482Z DEBUG OSC out: /1/globalMute = 0
2026-08-21T05:46:03.545Z DEBUG OSC out: /2/mute = 0
2026-08-21T05:46:03.545Z DEBUG OSC out: /1/globalMute = 0
2026-08-21T05:46:03.831Z DEBUG OSC out: /2/mute = 0
2026-08-21T05:46:03.831Z DEBUG OSC out: /1/globalMute = 0
2026-08-21T05:46:03.862Z DEBUG OSC out: /2/mute = 0
2026-08-21T05:46:03.863Z DEBUG OSC out: /1/globalMute = 0
2026-08-21T05:46:03.990Z DEBUG OSC out: /2/mute = 0
2026-08-21T05:46:03.991Z DEBUG OSC out: /1/globalMute = 0
2026-08-21T05:46:04.086Z DEBUG OSC out: /2/mute = 0
2026-08-21T05:46:04.086Z DEBUG OSC out: /1/globalMute = 0
2026-08-21T05:46:04.515Z DEBUG OSC out: /2/mute = 0
2026-08-21T05:46:04.515Z DEBUG OSC out: /1/globalMute = 0
2026-08-21T05:46:04.642Z DEBUG OSC out: /2/mute = 0
2026-08-21T05:46:04.642Z DEBUG OSC out: /1/globalMute = 0
2026-08-21T05:46:04.690Z DEBUG OSC out: /2/mute = 0
2026-08-21T05:46:04.690Z DEBUG OSC out: /1/globalMute = 0
2026-08-21T05:46:04.754Z DEBUG OSC out: /2/mute = 0
2026-08-21T05:46:04.754Z DEBUG OSC out: /1/globalMute = 0
2026-08-21T05:46:04.961Z DEBUG OSC out: /2/mute = 0
2026-08-21T05:46:04.961Z DEBUG OSC out: /1/globalMute = 0
2026-08-21T05:46:05.355Z DEBUG OSC out: /2/mute = 0
2026-08-21T05:46:05.356Z DEBUG OSC out: /1/globalMute = 0
2026-08-21T05:46:05.356Z DEBUG OSC out: /2/mute = 0
2026-08-21T05:46:05.357Z DEBUG OSC out: /1/globalMute = 0
2026-08-21T05:46:05.496Z DEBUG OSC out: /2/mute = 0
2026-08-21T05:46:05.497Z DEBUG OSC out: /1/globalMute = 0
2026-08-21T05:46:05.560Z DEBUG OSC out: /2/mute = 0
2026-08-21T05:46:05.560Z DEBUG OSC out: /1/globalMute = 0
2026-08-21T05:46:05.624Z ERROR OSC send failed: getaddrinfo ENOTFOUND 127
2026-08-21T05:46:05.625Z ERROR OSC send failed: getaddrinfo ENOTFOUND 127
2026-08-21T05:46:05.846Z DEBUG OSC out: /2/mute = 0
2026-08-21T05:46:05.846Z DEBUG OSC out: /1/globalMute = 0
2026-08-21T05:46:05.878Z DEBUG OSC out: /2/mute = 0
2026-08-21T05:46:05.878Z DEBUG OSC out: /1/globalMute = 0
2026-08-21T05:46:06.005Z DEBUG OSC out: /2/mute = 0
2026-08-21T05:46:06.005Z DEBUG OSC out: /1/globalMute = 0
2026-08-21T05:46:06.100Z DEBUG OSC out: /2/mute = 0
2026-08-21T05:46:06.101Z DEBUG OSC out: /1/globalMute = 0
2026-08-21T05:46:06.529Z DEBUG OSC out: /2/mute = 0
2026-08-21T05:46:06.529Z DEBUG OSC out: /1/globalMute = 0
2026-08-21T05:46:06.656Z DEBUG OSC out: /2/mute = 0
2026-08-21T05:46:06.656Z DEBUG OSC out: /1/globalMute = 0
2026-08-21T05:46:06.703Z DEBUG OSC out: /2/mute = 0
2026-08-21T05:46:06.703Z DEBUG OSC out: /1/globalMute = 0
2026-08-21T05:46:06.767Z DEBUG OSC out: /2/mute = 0
2026-08-21T05:46:06.767Z DEBUG OSC out: /1/globalMute = 0
2026-08-21T05:46:06.972Z DEBUG OSC out: /2/mute = 0
2026-08-21T05:46:06.973Z DEBUG OSC out: /1/globalMute = 0
2026-08-21T05:46:07.367Z DEBUG OSC out: /2/mute = 0
2026-08-21T05:46:07.367Z DEBUG OSC out: /1/globalMute = 0
2026-08-21T05:46:07.367Z DEBUG OSC out: /2/mute = 0
2026-08-21T05:46:07.368Z DEBUG OSC out: /1/globalMute = 0
2026-08-21T05:46:07.510Z DEBUG OSC out: /2/mute = 0
2026-08-21T05:46:07.510Z DEBUG OSC out: /1/globalMute = 0
2026-08-21T05:46:07.571Z DEBUG OSC out: /2/mute = 0
2026-08-21T05:46:07.571Z DEBUG OSC out: /1/globalMute = 0
2026-08-21T05:46:07.858Z DEBUG OSC out: /2/mute = 0
2026-08-21T05:46:07.858Z DEBUG OSC out: /1/globalMute = 0
2026-08-21T05:46:07.890Z DEBUG OSC out: /2/mute = 0
2026-08-21T05:46:07.890Z DEBUG OSC out: /1/globalMute = 0
2026-08-21T05:46:07.906Z ERROR OSC send failed: getaddrinfo ENOTFOUND 12
2026-08-21T05:46:07.906Z ERROR OSC send failed: getaddrinfo ENOTFOUND 12
2026-08-21T05:46:08.015Z DEBUG OSC out: /2/mute = 0
2026-08-21T05:46:08.016Z DEBUG OSC out: /1/globalMute = 0
2026-08-21T05:46:08.110Z DEBUG OSC out: /2/mute = 0
2026-08-21T05:46:08.111Z DEBUG OSC out: /1/globalMute = 0
2026-08-21T05:46:08.538Z DEBUG OSC out: /2/mute = 0
2026-08-21T05:46:08.538Z DEBUG OSC out: /1/globalMute = 0
2026-08-21T05:46:08.664Z DEBUG OSC out: /2/mute = 0
2026-08-21T05:46:08.664Z DEBUG OSC out: /1/globalMute = 0
2026-08-21T05:46:08.711Z DEBUG OSC out: /2/mute = 0
2026-08-21T05:46:08.712Z DEBUG OSC out: /1/globalMute = 0
2026-08-21T05:46:08.775Z DEBUG OSC out: /2/mute = 0
2026-08-21T05:46:08.775Z DEBUG OSC out: /1/globalMute = 0
2026-08-21T05:46:08.982Z DEBUG OSC out: /2/mute = 0
2026-08-21T05:46:08.983Z DEBUG OSC out: /1/globalMute = 0
2026-08-21T05:46:09.377Z DEBUG OSC out: /2/mute = 0
2026-08-21T05:46:09.378Z DEBUG OSC out: /1/globalMute = 0
2026-08-21T05:46:09.378Z DEBUG OSC out: /2/mute = 0
2026-08-21T05:46:09.378Z DEBUG OSC out: /1/globalMute = 0
2026-08-21T05:46:09.520Z DEBUG OSC out: /2/mute = 0
2026-08-21T05:46:09.521Z DEBUG OSC out: /1/globalMute = 0
2026-08-21T05:46:09.583Z DEBUG OSC out: /2/mute = 0
2026-08-21T05:46:09.584Z DEBUG OSC out: /1/globalMute = 0
2026-08-21T05:46:09.871Z DEBUG OSC out: /2/mute = 0
2026-08-21T05:46:09.871Z DEBUG OSC out: /1/globalMute = 0
2026-08-21T05:46:09.903Z DEBUG OSC out: /2/mute = 0
2026-08-21T05:46:09.903Z DEBUG OSC out: /1/globalMute = 0
2026-08-21T05:46:10.030Z DEBUG OSC out: /2/mute = 0
2026-08-21T05:46:10.031Z DEBUG OSC out: /1/globalMute = 0
2026-08-21T05:46:10.126Z DEBUG OSC out: /2/mute = 0
2026-08-21T05:46:10.126Z DEBUG OSC out: /1/globalMute = 0
2026-08-21T05:46:10.190Z ERROR OSC send failed: getaddrinfo ENOTFOUND 127
2026-08-21T05:46:10.190Z ERROR OSC send failed: getaddrinfo ENOTFOUND 127
2026-08-21T05:46:10.543Z DEBUG OSC out: /2/mute = 0
2026-08-21T05:46:10.543Z DEBUG OSC out: /1/globalMute = 0
2026-08-21T05:46:10.670Z DEBUG OSC out: /2/mute = 0
2026-08-21T05:46:10.671Z DEBUG OSC out: /1/globalMute = 0
2026-08-21T05:46:10.722Z DEBUG OSC out: /2/mute = 0
2026-08-21T05:46:10.722Z DEBUG OSC out: /1/globalMute = 0
2026-08-21T05:46:10.782Z DEBUG OSC out: /2/mute = 0
2026-08-21T05:46:10.782Z DEBUG OSC out: /1/globalMute = 0
2026-08-21T05:46:10.988Z DEBUG OSC out: /2/mute = 0
2026-08-21T05:46:10.988Z DEBUG OSC out: /1/globalMute = 0
2026-08-21T05:46:11.386Z DEBUG OSC out: /2/mute = 0
2026-08-21T05:46:11.386Z DEBUG OSC out: /1/globalMute = 0
2026-08-21T05:46:11.387Z DEBUG OSC out: /2/mute = 0
2026-08-21T05:46:11.387Z DEBUG OSC out: /1/globalMute = 0
2026-08-21T05:46:11.527Z DEBUG OSC out: /2/mute = 0
2026-08-21T05:46:11.528Z DEBUG OSC out: /1/globalMute = 0
2026-08-21T05:46:11.591Z DEBUG OSC out: /2/mute = 0
2026-08-21T05:46:11.591Z DEBUG OSC out: /1/globalMute = 0
2026-08-21T05:46:11.876Z DEBUG OSC out: /2/mute = 0
2026-08-21T05:46:11.876Z DEBUG OSC out: /1/globalMute = 0
2026-08-21T05:46:11.908Z DEBUG OSC out: /2/mute = 0
2026-08-21T05:46:11.909Z DEBUG OSC out: /1/globalMute = 0
2026-08-21T05:46:12.036Z DEBUG OSC out: /2/mute = 0
2026-08-21T05:46:12.036Z DEBUG OSC out: /1/globalMute = 0
2026-08-21T05:46:12.131Z DEBUG OSC out: /2/mute = 0
2026-08-21T05:46:12.131Z DEBUG OSC out: /1/globalMute = 0
2026-08-21T05:46:12.543Z DEBUG OSC out: /2/mute = 0
2026-08-21T05:46:12.543Z DEBUG OSC out: /1/globalMute = 0
2026-08-21T05:46:12.686Z DEBUG OSC out: /2/mute = 0
2026-08-21T05:46:12.686Z DEBUG OSC out: /1/globalMute = 0
2026-08-21T05:46:12.733Z DEBUG OSC out: /2/mute = 0
2026-08-21T05:46:12.733Z DEBUG OSC out: /1/globalMute = 0
2026-08-21T05:46:12.796Z DEBUG OSC out: /2/mute = 0
2026-08-21T05:46:12.796Z DEBUG OSC out: /1/globalMute = 0
2026-08-21T05:46:12.892Z ERROR OSC send failed: getaddrinfo ENOTFOUND 12
2026-08-21T05:46:12.893Z ERROR OSC send failed: getaddrinfo ENOTFOUND 12
2026-08-21T05:46:13.003Z DEBUG OSC out: /2/mute = 0
2026-08-21T05:46:13.003Z DEBUG OSC out: /1/globalMute = 0
2026-08-21T05:46:13.399Z DEBUG OSC out: /2/mute = 0
2026-08-21T05:46:13.400Z DEBUG OSC out: /1/globalMute = 0
2026-08-21T05:46:13.400Z DEBUG OSC out: /2/mute = 0
2026-08-21T05:46:13.400Z DEBUG OSC out: /1/globalMute = 0
2026-08-21T05:46:13.543Z DEBUG OSC out: /2/mute = 0
2026-08-21T05:46:13.543Z DEBUG OSC out: /1/globalMute = 0
2026-08-21T05:46:13.606Z DEBUG OSC out: /2/mute = 0
2026-08-21T05:46:13.606Z DEBUG OSC out: /1/globalMute = 0
2026-08-21T05:46:13.876Z DEBUG OSC out: /2/mute = 0
2026-08-21T05:46:13.877Z DEBUG OSC out: /1/globalMute = 0
2026-08-21T05:46:13.908Z DEBUG OSC out: /2/mute = 0
2026-08-21T05:46:13.909Z DEBUG OSC out: /1/globalMute = 0
2026-08-21T05:46:14.052Z DEBUG OSC out: /2/mute = 0
2026-08-21T05:46:14.052Z DEBUG OSC out: /1/globalMute = 0
2026-08-21T05:46:14.132Z DEBUG OSC out: /2/mute = 0
2026-08-21T05:46:14.132Z DEBUG OSC out: /1/globalMute = 0
2026-08-21T05:46:14.544Z DEBUG OSC out: /2/mute = 0
2026-08-21T05:46:14.544Z DEBUG OSC out: /1/globalMute = 0
2026-08-21T05:46:14.686Z DEBUG OSC out: /2/mute = 0
2026-08-21T05:46:14.686Z DEBUG OSC out: /1/globalMute = 0
2026-08-21T05:46:14.734Z DEBUG OSC out: /2/mute = 0
2026-08-21T05:46:14.734Z DEBUG OSC out: /1/globalMute = 0
2026-08-21T05:46:14.811Z DEBUG OSC out: /2/mute = 0
2026-08-21T05:46:14.811Z DEBUG OSC out: /1/globalMute = 0
2026-08-21T05:46:15.003Z DEBUG OSC out: /2/mute = 0
2026-08-21T05:46:15.003Z DEBUG OSC out: /1/globalMute = 0
2026-08-21T05:46:15.413Z DEBUG OSC out: /2/mute = 0
2026-08-21T05:46:15.413Z DEBUG OSC out: /1/globalMute = 0
2026-08-21T05:46:15.413Z DEBUG OSC out: /2/mute = 0
2026-08-21T05:46:15.414Z DEBUG OSC out: /1/globalMute = 0
2026-08-21T05:46:15.555Z DEBUG OSC out: /2/mute = 0
2026-08-21T05:46:15.555Z DEBUG OSC out: /1/globalMute = 0
2026-08-21T05:46:15.587Z ERROR OSC send failed: getaddrinfo ENOTFOUND 127
2026-08-21T05:46:15.588Z ERROR OSC send failed: getaddrinfo ENOTFOUND 127
2026-08-21T05:46:15.619Z DEBUG OSC out: /2/mute = 0
2026-08-21T05:46:15.619Z DEBUG OSC out: /1/globalMute = 0
2026-08-21T05:46:15.889Z DEBUG OSC out: /2/mute = 0
2026-08-21T05:46:15.890Z DEBUG OSC out: /1/globalMute = 0
2026-08-21T05:46:15.921Z DEBUG OSC out: /2/mute = 0
2026-08-21T05:46:15.922Z DEBUG OSC out: /1/globalMute = 0
2026-08-21T05:46:16.066Z DEBUG OSC out: /2/mute = 0
2026-08-21T05:46:16.066Z DEBUG OSC out: /1/globalMute = 0
2026-08-21T05:46:16.146Z DEBUG OSC out: /2/mute = 0
2026-08-21T05:46:16.146Z DEBUG OSC out: /1/globalMute = 0
2026-08-21T05:46:16.556Z DEBUG OSC out: /2/mute = 0
2026-08-21T05:46:16.556Z DEBUG OSC out: /1/globalMute = 0
2026-08-21T05:46:16.699Z DEBUG OSC out: /2/mute = 0
2026-08-21T05:46:16.699Z DEBUG OSC out: /1/globalMute = 0
2026-08-21T05:46:16.747Z DEBUG OSC out: /2/mute = 0
2026-08-21T05:46:16.748Z DEBUG OSC out: /1/globalMute = 0
2026-08-21T05:46:16.811Z DEBUG OSC out: /2/mute = 0
2026-08-21T05:46:16.811Z DEBUG OSC out: /1/globalMute = 0
2026-08-21T05:46:17.018Z DEBUG OSC out: /2/mute = 0
2026-08-21T05:46:17.019Z DEBUG OSC out: /1/globalMute = 0
2026-08-21T05:46:17.414Z DEBUG OSC out: /2/mute = 0
2026-08-21T05:46:17.414Z DEBUG OSC out: /1/globalMute = 0
2026-08-21T05:46:17.415Z DEBUG OSC out: /2/mute = 0
2026-08-21T05:46:17.415Z DEBUG OSC out: /1/globalMute = 0
2026-08-21T05:46:17.558Z DEBUG OSC out: /2/mute = 0
2026-08-21T05:46:17.559Z DEBUG OSC out: /1/globalMute = 0
2026-08-21T05:46:17.620Z DEBUG OSC out: /2/mute = 0
2026-08-21T05:46:17.621Z DEBUG OSC out: /1/globalMute = 0
2026-08-21T05:46:17.877Z ERROR OSC send failed: getaddrinfo ENOTFOUND 12
2026-08-21T05:46:17.877Z ERROR OSC send failed: getaddrinfo ENOTFOUND 12
2026-08-21T05:46:17.893Z DEBUG OSC out: /2/mute = 0
2026-08-21T05:46:17.893Z DEBUG OSC out: /1/globalMute = 0
2026-08-21T05:46:17.925Z DEBUG OSC out: /2/mute = 0
2026-08-21T05:46:17.925Z DEBUG OSC out: /1/globalMute = 0
2026-08-21T05:46:18.067Z DEBUG OSC out: /2/mute = 0
2026-08-21T05:46:18.067Z DEBUG OSC out: /1/globalMute = 0
2026-08-21T05:46:18.147Z DEBUG OSC out: /2/mute = 0
2026-08-21T05:46:18.148Z DEBUG OSC out: /1/globalMute = 0
2026-08-21T05:46:18.572Z DEBUG OSC out: /2/mute = 0
2026-08-21T05:46:18.572Z DEBUG OSC out: /1/globalMute = 0
2026-08-21T05:46:18.714Z DEBUG OSC out: /2/mute = 0
2026-08-21T05:46:18.715Z DEBUG OSC out: /1/globalMute = 0
2026-08-21T05:46:18.762Z DEBUG OSC out: /2/mute = 0
2026-08-21T05:46:18.762Z DEBUG OSC out: /1/globalMute = 0
2026-08-21T05:46:18.825Z DEBUG OSC out: /2/mute = 0
2026-08-21T05:46:18.825Z DEBUG OSC out: /1/globalMute = 0
2026-08-21T05:46:19.031Z DEBUG OSC out: /2/mute = 0
2026-08-21T05:46:19.031Z DEBUG OSC out: /1/globalMute = 0
2026-08-21T05:46:19.424Z DEBUG OSC out: /2/mute = 0
2026-08-21T05:46:19.424Z DEBUG OSC out: /1/globalMute = 0
2026-08-21T05:46:19.425Z DEBUG OSC out: /2/mute = 0
2026-08-21T05:46:19.425Z DEBUG OSC out: /1/globalMute = 0
2026-08-21T05:46:19.568Z DEBUG OSC out: /2/mute = 0
2026-08-21T05:46:19.568Z DEBUG OSC out: /1/globalMute = 0
2026-08-21T05:46:19.630Z DEBUG OSC out: /2/mute = 0
2026-08-21T05:46:19.630Z DEBUG OSC out: /1/globalMute = 0
2026-08-21T05:46:19.897Z DEBUG OSC out: /2/mute = 0
2026-08-21T05:46:19.898Z DEBUG OSC out: /1/globalMute = 0
2026-08-21T05:46:19.928Z DEBUG OSC out: /2/mute = 0
2026-08-21T05:46:19.928Z DEBUG OSC out: /1/globalMute = 0
2026-08-21T05:46:20.071Z DEBUG OSC out: /2/mute = 0
2026-08-21T05:46:20.071Z DEBUG OSC out: /1/globalMute = 0
2026-08-21T05:46:20.151Z DEBUG OSC out: /2/mute = 0
2026-08-21T05:46:20.151Z DEBUG OSC out: /1/globalMute = 0
2026-08-21T05:46:20.151Z ERROR OSC send failed: getaddrinfo ENOTFOUND 127
2026-08-21T05:46:20.152Z ERROR OSC send failed: getaddrinfo ENOTFOUND 127
2026-08-21T05:46:20.576Z DEBUG OSC out: /2/mute = 0
2026-08-21T05:46:20.576Z DEBUG OSC out: /1/globalMute = 0
2026-08-21T05:46:20.719Z DEBUG OSC out: /2/mute = 0
2026-08-21T05:46:20.720Z DEBUG OSC out: /1/globalMute = 0
2026-08-21T05:46:20.767Z DEBUG OSC out: /2/mute = 0
2026-08-21T05:46:20.767Z DEBUG OSC out: /1/globalMute = 0
2026-08-21T05:46:20.831Z DEBUG OSC out: /2/mute = 0
2026-08-21T05:46:20.831Z DEBUG OSC out: /1/globalMute = 0
2026-08-21T05:46:21.039Z DEBUG OSC out: /2/mute = 0
2026-08-21T05:46:21.039Z DEBUG OSC out: /1/globalMute = 0
2026-08-21T05:46:21.433Z DEBUG OSC out: /2/mute = 0
2026-08-21T05:46:21.433Z DEBUG OSC out: /1/globalMute = 0
2026-08-21T05:46:21.434Z DEBUG OSC out: /2/mute = 0
2026-08-21T05:46:21.434Z DEBUG OSC out: /1/globalMute = 0
2026-08-21T05:46:21.576Z DEBUG OSC out: /2/mute = 0
2026-08-21T05:46:21.577Z DEBUG OSC out: /1/globalMute = 0
2026-08-21T05:46:21.639Z DEBUG OSC out: /2/mute = 0
2026-08-21T05:46:21.639Z DEBUG OSC out: /1/globalMute = 0
2026-08-21T05:46:21.911Z DEBUG OSC out: /2/mute = 0
2026-08-21T05:46:21.911Z DEBUG OSC out: /1/globalMute = 0
2026-08-21T05:46:21.943Z DEBUG OSC out: /2/mute = 0
2026-08-21T05:46:21.943Z DEBUG OSC out: /1/globalMute = 0
2026-08-21T05:46:22.086Z DEBUG OSC out: /2/mute = 0
2026-08-21T05:46:22.086Z DEBUG OSC out: /1/globalMute = 0
2026-08-21T05:46:22.150Z DEBUG OSC out: /2/mute = 0
2026-08-21T05:46:22.150Z DEBUG OSC out: /1/globalMute = 0
2026-08-21T05:46:22.576Z DEBUG OSC out: /2/mute = 0
2026-08-21T05:46:22.577Z DEBUG OSC out: /1/globalMute = 0
2026-08-21T05:46:22.719Z DEBUG OSC out: /2/mute = 0
2026-08-21T05:46:22.720Z DEBUG OSC out: /1/globalMute = 0
2026-08-21T05:46:22.768Z DEBUG OSC out: /2/mute = 0
2026-08-21T05:46:22.768Z DEBUG OSC out: /1/globalMute = 0
2026-08-21T05:46:22.831Z DEBUG OSC out: /2/mute = 0
2026-08-21T05:46:22.832Z DEBUG OSC out: /1/globalMute = 0
2026-08-21T05:46:22.863Z ERROR OSC send failed: getaddrinfo ENOTFOUND 12
2026-08-21T05:46:22.863Z ERROR OSC send failed: getaddrinfo ENOTFOUND 12
2026-08-21T05:46:23.054Z DEBUG OSC out: /2/mute = 0
2026-08-21T05:46:23.054Z DEBUG OSC out: /1/globalMute = 0
2026-08-21T05:46:23.432Z DEBUG OSC out: /2/mute = 0
2026-08-21T05:46:23.433Z DEBUG OSC out: /1/globalMute = 0
2026-08-21T05:46:23.433Z DEBUG OSC out: /2/mute = 0
2026-08-21T05:46:23.433Z DEBUG OSC out: /1/globalMute = 0
2026-08-21T05:46:23.592Z DEBUG OSC out: /2/mute = 0
2026-08-21T05:46:23.592Z DEBUG OSC out: /1/globalMute = 0
2026-08-21T05:46:23.640Z DEBUG OSC out: /2/mute = 0
2026-08-21T05:46:23.640Z DEBUG OSC out: /1/globalMute = 0
2026-08-21T05:46:23.924Z DEBUG OSC out: /2/mute = 0
2026-08-21T05:46:23.924Z DEBUG OSC out: /1/globalMute = 0
2026-08-21T05:46:23.955Z DEBUG OSC out: /2/mute = 0
2026-08-21T05:46:23.955Z DEBUG OSC out: /1/globalMute = 0
2026-08-21T05:46:24.100Z DEBUG OSC out: /2/mute = 0
2026-08-21T05:46:24.100Z DEBUG OSC out: /1/globalMute = 0
2026-08-21T05:46:24.161Z DEBUG OSC out: /2/mute = 0
2026-08-21T05:46:24.161Z DEBUG OSC out: /1/globalMute = 0
2026-08-21T05:46:24.588Z DEBUG OSC out: /2/mute = 0
2026-08-21T05:46:24.589Z DEBUG OSC out: /1/globalMute = 0
2026-08-21T05:46:24.732Z DEBUG OSC out: /2/mute = 0
2026-08-21T05:46:24.732Z DEBUG OSC out: /1/globalMute = 0
2026-08-21T05:46:24.780Z DEBUG OSC out: /2/mute = 0
2026-08-21T05:46:24.780Z DEBUG OSC out: /1/globalMute = 0
2026-08-21T05:46:24.844Z DEBUG OSC out: /2/mute = 0
2026-08-21T05:46:24.844Z DEBUG OSC out: /1/globalMute = 0
2026-08-21T05:46:25.066Z DEBUG OSC out: /2/mute = 0
2026-08-21T05:46:25.066Z DEBUG OSC out: /1/globalMute = 0
2026-08-21T05:46:25.445Z DEBUG OSC out: /2/mute = 0
2026-08-21T05:46:25.445Z DEBUG OSC out: /1/globalMute = 0
2026-08-21T05:46:25.445Z DEBUG OSC out: /2/mute = 0
2026-08-21T05:46:25.446Z DEBUG OSC out: /1/globalMute = 0
2026-08-21T05:46:25.557Z ERROR OSC send failed: getaddrinfo ENOTFOUND 127
2026-08-21T05:46:25.557Z ERROR OSC send failed: getaddrinfo ENOTFOUND 127
2026-08-21T05:46:25.604Z DEBUG OSC out: /2/mute = 0
2026-08-21T05:46:25.605Z DEBUG OSC out: /1/globalMute = 0
2026-08-21T05:46:25.651Z DEBUG OSC out: /2/mute = 0
2026-08-21T05:46:25.651Z DEBUG OSC out: /1/globalMute = 0
2026-08-21T05:46:25.938Z DEBUG OSC out: /2/mute = 0
2026-08-21T05:46:25.939Z DEBUG OSC out: /1/globalMute = 0
2026-08-21T05:46:25.970Z DEBUG OSC out: /2/mute = 0
2026-08-21T05:46:25.970Z DEBUG OSC out: /1/globalMute = 0
2026-08-21T05:46:26.112Z DEBUG OSC out: /2/mute = 0
2026-08-21T05:46:26.113Z DEBUG OSC out: /1/globalMute = 0
2026-08-21T05:46:26.176Z DEBUG OSC out: /2/mute = 0
2026-08-21T05:46:26.177Z DEBUG OSC out: /1/globalMute = 0
2026-08-21T05:46:26.590Z DEBUG OSC out: /2/mute = 0
2026-08-21T05:46:26.590Z DEBUG OSC out: /1/globalMute = 0
2026-08-21T05:46:26.747Z DEBUG OSC out: /2/mute = 0
2026-08-21T05:46:26.747Z DEBUG OSC out: /1/globalMute = 0
2026-08-21T05:46:26.795Z DEBUG OSC out: /2/mute = 0
2026-08-21T05:46:26.795Z DEBUG OSC out: /1/globalMute = 0
2026-08-21T05:46:26.859Z DEBUG OSC out: /2/mute = 0
2026-08-21T05:46:26.859Z DEBUG OSC out: /1/globalMute = 0
2026-08-21T05:46:27.069Z DEBUG OSC out: /2/mute = 0
2026-08-21T05:46:27.069Z DEBUG OSC out: /1/globalMute = 0
2026-08-21T05:46:27.459Z DEBUG OSC out: /2/mute = 0
2026-08-21T05:46:27.459Z DEBUG OSC out: /1/globalMute = 0
2026-08-21T05:46:27.459Z DEBUG OSC out: /2/mute = 0
2026-08-21T05:46:27.460Z DEBUG OSC out: /1/globalMute = 0
2026-08-21T05:46:27.614Z DEBUG OSC out: /2/mute = 0
2026-08-21T05:46:27.614Z DEBUG OSC out: /1/globalMute = 0
2026-08-21T05:46:27.662Z DEBUG OSC out: /2/mute = 0
2026-08-21T05:46:27.662Z DEBUG OSC out: /1/globalMute = 0
2026-08-21T05:46:27.835Z ERROR OSC send failed: getaddrinfo ENOTFOUND 12
2026-08-21T05:46:27.835Z ERROR OSC send failed: getaddrinfo ENOTFOUND 12
2026-08-21T05:46:27.946Z DEBUG OSC out: /2/mute = 0
2026-08-21T05:46:27.947Z DEBUG OSC out: /1/globalMute = 0
2026-08-21T05:46:27.977Z DEBUG OSC out: /2/mute = 0
2026-08-21T05:46:27.977Z DEBUG OSC out: /1/globalMute = 0
2026-08-21T05:46:28.120Z DEBUG OSC out: /2/mute = 0
2026-08-21T05:46:28.120Z DEBUG OSC out: /1/globalMute = 0
2026-08-21T05:46:28.184Z DEBUG OSC out: /2/mute = 0
2026-08-21T05:46:28.184Z DEBUG OSC out: /1/globalMute = 0
2026-08-21T05:46:28.597Z DEBUG OSC out: /2/mute = 0
2026-08-21T05:46:28.598Z DEBUG OSC out: /1/globalMute = 0
2026-08-21T05:46:28.756Z DEBUG OSC out: /2/mute = 0
2026-08-21T05:46:28.757Z DEBUG OSC out: /1/globalMute = 0
2026-08-21T05:46:28.805Z DEBUG OSC out: /2/mute = 0
2026-08-21T05:46:28.805Z DEBUG OSC out: /1/globalMute = 0
2026-08-21T05:46:28.867Z DEBUG OSC out: /2/mute = 0
2026-08-21T05:46:28.868Z DEBUG OSC out: /1/globalMute = 0
2026-08-21T05:46:29.075Z DEBUG OSC out: /2/mute = 0
2026-08-21T05:46:29.075Z DEBUG OSC out: /1/globalMute = 0
2026-08-21T05:46:29.469Z DEBUG OSC out: /2/mute = 0
2026-08-21T05:46:29.469Z DEBUG OSC out: /1/globalMute = 0
2026-08-21T05:46:29.469Z DEBUG OSC out: /2/mute = 0
2026-08-21T05:46:29.470Z DEBUG OSC out: /1/globalMute = 0
2026-08-21T05:46:29.627Z DEBUG OSC out: /2/mute = 0
2026-08-21T05:46:29.627Z DEBUG OSC out: /1/globalMute = 0
2026-08-21T05:46:29.675Z DEBUG OSC out: /2/mute = 0
2026-08-21T05:46:29.675Z DEBUG OSC out: /1/globalMute = 0
2026-08-21T05:46:29.960Z DEBUG OSC out: /2/mute = 0
2026-08-21T05:46:29.961Z DEBUG OSC out: /1/globalMute = 0
2026-08-21T05:46:29.991Z DEBUG OSC out: /2/mute = 0
2026-08-21T05:46:29.991Z DEBUG OSC out: /1/globalMute = 0
2026-08-21T05:46:30.120Z DEBUG OSC out: /2/mute = 0
2026-08-21T05:46:30.120Z DEBUG OSC out: /1/globalMute = 0
2026-08-21T05:46:30.120Z ERROR OSC send failed: getaddrinfo ENOTFOUND 127
2026-08-21T05:46:30.121Z ERROR OSC send failed: getaddrinfo ENOTFOUND 127
2026-08-21T05:46:30.199Z DEBUG OSC out: /2/mute = 0
2026-08-21T05:46:30.200Z DEBUG OSC out: /1/globalMute = 0
2026-08-21T05:46:30.610Z DEBUG OSC out: /2/mute = 0
2026-08-21T05:46:30.610Z DEBUG OSC out: /1/globalMute = 0
2026-08-21T05:46:30.769Z DEBUG OSC out: /2/mute = 0
2026-08-21T05:46:30.769Z DEBUG OSC out: /1/globalMute = 0
2026-08-21T05:46:30.816Z DEBUG OSC out: /2/mute = 0
2026-08-21T05:46:30.817Z DEBUG OSC out: /1/globalMute = 0
2026-08-21T05:46:30.879Z DEBUG OSC out: /2/mute = 0
2026-08-21T05:46:30.879Z DEBUG OSC out: /1/globalMute = 0
2026-08-21T05:46:31.086Z DEBUG OSC out: /2/mute = 0
2026-08-21T05:46:31.087Z DEBUG OSC out: /1/globalMute = 0
2026-08-21T05:46:31.483Z DEBUG OSC out: /2/mute = 0
2026-08-21T05:46:31.484Z DEBUG OSC out: /1/globalMute = 0
2026-08-21T05:46:31.484Z DEBUG OSC out: /2/mute = 0
2026-08-21T05:46:31.484Z DEBUG OSC out: /1/globalMute = 0
2026-08-21T05:46:31.642Z DEBUG OSC out: /2/mute = 0
2026-08-21T05:46:31.643Z DEBUG OSC out: /1/globalMute = 0
2026-08-21T05:46:31.690Z DEBUG OSC out: /2/mute = 0
2026-08-21T05:46:31.690Z DEBUG OSC out: /1/globalMute = 0
2026-08-21T05:46:31.974Z DEBUG OSC out: /2/mute = 0
2026-08-21T05:46:31.975Z DEBUG OSC out: /1/globalMute = 0
2026-08-21T05:46:32.006Z DEBUG OSC out: /2/mute = 0
2026-08-21T05:46:32.006Z DEBUG OSC out: /1/globalMute = 0
2026-08-21T05:46:32.132Z DEBUG OSC out: /2/mute = 0
2026-08-21T05:46:32.132Z DEBUG OSC out: /1/globalMute = 0
2026-08-21T05:46:32.212Z DEBUG OSC out: /2/mute = 0
2026-08-21T05:46:32.212Z DEBUG OSC out: /1/globalMute = 0
2026-08-21T05:46:32.405Z ERROR OSC send failed: getaddrinfo ENOTFOUND 12
2026-08-21T05:46:32.406Z ERROR OSC send failed: getaddrinfo ENOTFOUND 12
2026-08-21T05:46:32.625Z DEBUG OSC out: /2/mute = 0
2026-08-21T05:46:32.625Z DEBUG OSC out: /1/globalMute = 0
2026-08-21T05:46:32.784Z DEBUG OSC out: /2/mute = 0
2026-08-21T05:46:32.784Z DEBUG OSC out: /1/globalMute = 0
2026-08-21T05:46:32.832Z DEBUG OSC out: /2/mute = 0
2026-08-21T05:46:32.832Z DEBUG OSC out: /1/globalMute = 0
2026-08-21T05:46:32.879Z DEBUG OSC out: /2/mute = 0
2026-08-21T05:46:32.880Z DEBUG OSC out: /1/globalMute = 0
2026-08-21T05:46:33.100Z DEBUG OSC out: /2/mute = 0
2026-08-21T05:46:33.100Z DEBUG OSC out: /1/globalMute = 0
2026-08-21T05:46:33.498Z DEBUG OSC out: /2/mute = 0
2026-08-21T05:46:33.499Z DEBUG OSC out: /1/globalMute = 0
2026-08-21T05:46:33.499Z DEBUG OSC out: /2/mute = 0
2026-08-21T05:46:33.499Z DEBUG OSC out: /1/globalMute = 0
2026-08-21T05:46:33.658Z DEBUG OSC out: /2/mute = 0
2026-08-21T05:46:33.658Z DEBUG OSC out: /1/globalMute = 0
2026-08-21T05:46:33.690Z DEBUG OSC out: /2/mute = 0
2026-08-21T05:46:33.690Z DEBUG OSC out: /1/globalMute = 0
2026-08-21T05:46:33.975Z DEBUG OSC out: /2/mute = 0
2026-08-21T05:46:33.976Z DEBUG OSC out: /1/globalMute = 0
2026-08-21T05:46:34.006Z DEBUG OSC out: /2/mute = 0
2026-08-21T05:46:34.007Z DEBUG OSC out: /1/globalMute = 0
2026-08-21T05:46:34.134Z DEBUG OSC out: /2/mute = 0
2026-08-21T05:46:34.134Z DEBUG OSC out: /1/globalMute = 0
2026-08-21T05:46:34.214Z DEBUG OSC out: /2/mute = 0
2026-08-21T05:46:34.214Z DEBUG OSC out: /1/globalMute = 0
2026-08-21T05:46:34.639Z DEBUG OSC out: /2/mute = 0
2026-08-21T05:46:34.639Z DEBUG OSC out: /1/globalMute = 0
2026-08-21T05:46:34.798Z DEBUG OSC out: /2/mute = 0
2026-08-21T05:46:34.798Z DEBUG OSC out: /1/globalMute = 0
2026-08-21T05:46:34.844Z DEBUG OSC out: /2/mute = 0
2026-08-21T05:46:34.844Z DEBUG OSC out: /1/globalMute = 0
2026-08-21T05:46:34.892Z DEBUG OSC out: /2/mute = 0
2026-08-21T05:46:34.892Z DEBUG OSC out: /1/globalMute = 0
2026-08-21T05:46:35.099Z DEBUG OSC out: /2/mute = 0
2026-08-21T05:46:35.099Z DEBUG OSC out: /1/globalMute = 0
2026-08-21T05:46:35.100Z ERROR OSC send failed: getaddrinfo ENOTFOUND 127
2026-08-21T05:46:35.115Z ERROR OSC send failed: getaddrinfo ENOTFOUND 127
2026-08-21T05:46:35.511Z DEBUG OSC out: /2/mute = 0
2026-08-21T05:46:35.512Z DEBUG OSC out: /1/globalMute = 0
2026-08-21T05:46:35.512Z DEBUG OSC out: /2/mute = 0
2026-08-21T05:46:35.512Z DEBUG OSC out: /1/globalMute = 0
2026-08-21T05:46:35.668Z DEBUG OSC out: /2/mute = 0
2026-08-21T05:46:35.669Z DEBUG OSC out: /1/globalMute = 0
2026-08-21T05:46:35.701Z DEBUG OSC out: /2/mute = 0
2026-08-21T05:46:35.701Z DEBUG OSC out: /1/globalMute = 0
2026-08-21T05:46:35.988Z DEBUG OSC out: /2/mute = 0
2026-08-21T05:46:35.988Z DEBUG OSC out: /1/globalMute = 0
2026-08-21T05:46:36.019Z DEBUG OSC out: /2/mute = 0
2026-08-21T05:46:36.020Z DEBUG OSC out: /1/globalMute = 0
2026-08-21T05:46:36.147Z DEBUG OSC out: /2/mute = 0
2026-08-21T05:46:36.148Z DEBUG OSC out: /1/globalMute = 0
2026-08-21T05:46:36.227Z DEBUG OSC out: /2/mute = 0
2026-08-21T05:46:36.227Z DEBUG OSC out: /1/globalMute = 0
2026-08-21T05:46:36.640Z DEBUG OSC out: /2/mute = 0
2026-08-21T05:46:36.640Z DEBUG OSC out: /1/globalMute = 0
2026-08-21T05:46:36.798Z DEBUG OSC out: /2/mute = 0
2026-08-21T05:46:36.798Z DEBUG OSC out: /1/globalMute = 0
2026-08-21T05:46:36.846Z DEBUG OSC out: /2/mute = 0
2026-08-21T05:46:36.846Z DEBUG OSC out: /1/globalMute = 0
2026-08-21T05:46:36.893Z DEBUG OSC out: /2/mute = 0
2026-08-21T05:46:36.893Z DEBUG OSC out: /1/globalMute = 0
2026-08-21T05:46:37.099Z DEBUG OSC out: /2/mute = 0
2026-08-21T05:46:37.099Z DEBUG OSC out: /1/globalMute = 0
2026-08-21T05:46:37.513Z DEBUG OSC out: /2/mute = 0
2026-08-21T05:46:37.514Z DEBUG OSC out: /1/globalMute = 0
2026-08-21T05:46:37.514Z DEBUG OSC out: /2/mute = 0
2026-08-21T05:46:37.514Z DEBUG OSC out: /1/globalMute = 0
2026-08-21T05:46:37.670Z DEBUG OSC out: /2/mute = 0
2026-08-21T05:46:37.671Z DEBUG OSC out: /1/globalMute = 0
2026-08-21T05:46:37.703Z DEBUG OSC out: /2/mute = 0
2026-08-21T05:46:37.703Z DEBUG OSC out: /1/globalMute = 0
2026-08-21T05:46:37.813Z ERROR OSC send failed: getaddrinfo ENOTFOUND 12
2026-08-21T05:46:37.829Z ERROR OSC send failed: getaddrinfo ENOTFOUND 12
2026-08-21T05:46:38.002Z DEBUG OSC out: /2/mute = 0
2026-08-21T05:46:38.003Z DEBUG OSC out: /1/globalMute = 0
2026-08-21T05:46:38.034Z DEBUG OSC out: /2/mute = 0
2026-08-21T05:46:38.034Z DEBUG OSC out: /1/globalMute = 0
2026-08-21T05:46:38.160Z DEBUG OSC out: /2/mute = 0
2026-08-21T05:46:38.160Z DEBUG OSC out: /1/globalMute = 0
2026-08-21T05:46:38.240Z DEBUG OSC out: /2/mute = 0
2026-08-21T05:46:38.240Z DEBUG OSC out: /1/globalMute = 0
2026-08-21T05:46:38.652Z DEBUG OSC out: /2/mute = 0
2026-08-21T05:46:38.652Z DEBUG OSC out: /1/globalMute = 0
2026-08-21T05:46:38.811Z DEBUG OSC out: /2/mute = 0
2026-08-21T05:46:38.811Z DEBUG OSC out: /1/globalMute = 0
2026-08-21T05:46:38.859Z DEBUG OSC out: /2/mute = 0
2026-08-21T05:46:38.860Z DEBUG OSC out: /1/globalMute = 0
2026-08-21T05:46:38.907Z DEBUG OSC out: /2/mute = 0
2026-08-21T05:46:38.908Z DEBUG OSC out: /1/globalMute = 0
2026-08-21T05:46:39.113Z DEBUG OSC out: /2/mute = 0
2026-08-21T05:46:39.114Z DEBUG OSC out: /1/globalMute = 0
2026-08-21T05:46:39.527Z DEBUG OSC out: /2/mute = 0
2026-08-21T05:46:39.527Z DEBUG OSC out: /1/globalMute = 0
2026-08-21T05:46:39.528Z DEBUG OSC out: /2/mute = 0
2026-08-21T05:46:39.528Z DEBUG OSC out: /1/globalMute = 0
2026-08-21T05:46:39.684Z DEBUG OSC out: /2/mute = 0
2026-08-21T05:46:39.685Z DEBUG OSC out: /1/globalMute = 0
2026-08-21T05:46:39.716Z DEBUG OSC out: /2/mute = 0
2026-08-21T05:46:39.717Z DEBUG OSC out: /1/globalMute = 0
2026-08-21T05:46:40.016Z DEBUG OSC out: /2/mute = 0
2026-08-21T05:46:40.016Z DEBUG OSC out: /1/globalMute = 0
2026-08-21T05:46:40.047Z DEBUG OSC out: /2/mute = 0
2026-08-21T05:46:40.048Z DEBUG OSC out: /1/globalMute = 0
2026-08-21T05:46:40.094Z ERROR OSC send failed: getaddrinfo ENOTFOUND 127
2026-08-21T05:46:40.110Z ERROR OSC send failed: getaddrinfo ENOTFOUND 127
2026-08-21T05:46:40.173Z DEBUG OSC out: /2/mute = 0
2026-08-21T05:46:40.173Z DEBUG OSC out: /1/globalMute = 0
2026-08-21T05:46:40.252Z DEBUG OSC out: /2/mute = 0
2026-08-21T05:46:40.252Z DEBUG OSC out: /1/globalMute = 0
2026-08-21T05:46:40.652Z DEBUG OSC out: /2/mute = 0
2026-08-21T05:46:40.652Z DEBUG OSC out: /1/globalMute = 0
2026-08-21T05:46:40.811Z DEBUG OSC out: /2/mute = 0
2026-08-21T05:46:40.812Z DEBUG OSC out: /1/globalMute = 0
2026-08-21T05:46:40.859Z DEBUG OSC out: /2/mute = 0
2026-08-21T05:46:40.860Z DEBUG OSC out: /1/globalMute = 0
2026-08-21T05:46:40.923Z DEBUG OSC out: /2/mute = 0
2026-08-21T05:46:40.924Z DEBUG OSC out: /1/globalMute = 0
2026-08-21T05:46:41.114Z DEBUG OSC out: /2/mute = 0
2026-08-21T05:46:41.114Z DEBUG OSC out: /1/globalMute = 0
2026-08-21T05:46:41.540Z DEBUG OSC out: /2/mute = 0
2026-08-21T05:46:41.541Z DEBUG OSC out: /1/globalMute = 0
2026-08-21T05:46:41.541Z DEBUG OSC out: /2/mute = 0
2026-08-21T05:46:41.541Z DEBUG OSC out: /1/globalMute = 0
2026-08-21T05:46:41.698Z DEBUG OSC out: /2/mute = 0
2026-08-21T05:46:41.698Z DEBUG OSC out: /1/globalMute = 0
2026-08-21T05:46:41.730Z DEBUG OSC out: /2/mute = 0
2026-08-21T05:46:41.731Z DEBUG OSC out: /1/globalMute = 0
2026-08-21T05:46:42.018Z DEBUG OSC out: /2/mute = 0
2026-08-21T05:46:42.019Z DEBUG OSC out: /1/globalMute = 0
2026-08-21T05:46:42.050Z DEBUG OSC out: /2/mute = 0
2026-08-21T05:46:42.050Z DEBUG OSC out: /1/globalMute = 0
2026-08-21T05:46:42.175Z DEBUG OSC out: /2/mute = 0
2026-08-21T05:46:42.176Z DEBUG OSC out: /1/globalMute = 0
2026-08-21T05:46:42.254Z DEBUG OSC out: /2/mute = 0
2026-08-21T05:46:42.255Z DEBUG OSC out: /1/globalMute = 0
2026-08-21T05:46:42.380Z ERROR OSC send failed: getaddrinfo ENOTFOUND 12
2026-08-21T05:46:42.396Z ERROR OSC send failed: getaddrinfo ENOTFOUND 12
2026-08-21T05:46:42.665Z DEBUG OSC out: /2/mute = 0
2026-08-21T05:46:42.666Z DEBUG OSC out: /1/globalMute = 0
2026-08-21T05:46:42.823Z DEBUG OSC out: /2/mute = 0
2026-08-21T05:46:42.823Z DEBUG OSC out: /1/globalMute = 0
2026-08-21T05:46:42.870Z DEBUG OSC out: /2/mute = 0
2026-08-21T05:46:42.871Z DEBUG OSC out: /1/globalMute = 0
2026-08-21T05:46:42.934Z DEBUG OSC out: /2/mute = 0
2026-08-21T05:46:42.934Z DEBUG OSC out: /1/globalMute = 0
2026-08-21T05:46:43.124Z DEBUG OSC out: /2/mute = 0
2026-08-21T05:46:43.125Z DEBUG OSC out: /1/globalMute = 0
2026-08-21T05:46:43.551Z DEBUG OSC out: /2/mute = 0
2026-08-21T05:46:43.551Z DEBUG OSC out: /1/globalMute = 0
2026-08-21T05:46:43.551Z DEBUG OSC out: /2/mute = 0
2026-08-21T05:46:43.552Z DEBUG OSC out: /1/globalMute = 0
2026-08-21T05:46:43.711Z DEBUG OSC out: /2/mute = 0
2026-08-21T05:46:43.711Z DEBUG OSC out: /1/globalMute = 0
2026-08-21T05:46:43.742Z DEBUG OSC out: /2/mute = 0
2026-08-21T05:46:43.743Z DEBUG OSC out: /1/globalMute = 0
2026-08-21T05:46:44.028Z DEBUG OSC out: /2/mute = 0
2026-08-21T05:46:44.028Z DEBUG OSC out: /1/globalMute = 0
2026-08-21T05:46:44.060Z DEBUG OSC out: /2/mute = 0
2026-08-21T05:46:44.060Z DEBUG OSC out: /1/globalMute = 0
2026-08-21T05:46:44.185Z DEBUG OSC out: /2/mute = 0
2026-08-21T05:46:44.186Z DEBUG OSC out: /1/globalMute = 0
2026-08-21T05:46:44.264Z DEBUG OSC out: /2/mute = 0
2026-08-21T05:46:44.264Z DEBUG OSC out: /1/globalMute = 0
2026-08-21T05:46:44.676Z DEBUG OSC out: /2/mute = 0
2026-08-21T05:46:44.677Z DEBUG OSC out: /1/globalMute = 0
2026-08-21T05:46:44.835Z DEBUG OSC out: /2/mute = 0
2026-08-21T05:46:44.836Z DEBUG OSC out: /1/globalMute = 0
2026-08-21T05:46:44.883Z DEBUG OSC out: /2/mute = 0
2026-08-21T05:46:44.883Z DEBUG OSC out: /1/globalMute = 0
2026-08-21T05:46:44.947Z DEBUG OSC out: /2/mute = 0
2026-08-21T05:46:44.947Z DEBUG OSC out: /1/globalMute = 0
2026-08-21T05:46:45.089Z ERROR OSC send failed: getaddrinfo ENOTFOUND 127
2026-08-21T05:46:45.090Z ERROR OSC send failed: getaddrinfo ENOTFOUND 127
2026-08-21T05:46:45.137Z DEBUG OSC out: /2/mute = 0
2026-08-21T05:46:45.138Z DEBUG OSC out: /1/globalMute = 0
2026-08-21T05:46:45.565Z DEBUG OSC out: /2/mute = 0
2026-08-21T05:46:45.566Z DEBUG OSC out: /1/globalMute = 0
2026-08-21T05:46:45.566Z DEBUG OSC out: /2/mute = 0
2026-08-21T05:46:45.566Z DEBUG OSC out: /1/globalMute = 0
2026-08-21T05:46:45.723Z DEBUG OSC out: /2/mute = 0
2026-08-21T05:46:45.723Z DEBUG OSC out: /1/globalMute = 0
2026-08-21T05:46:45.753Z DEBUG OSC out: /2/mute = 0
2026-08-21T05:46:45.753Z DEBUG OSC out: /1/globalMute = 0
2026-08-21T05:46:46.040Z DEBUG OSC out: /2/mute = 0
2026-08-21T05:46:46.040Z DEBUG OSC out: /1/globalMute = 0
2026-08-21T05:46:46.071Z DEBUG OSC out: /2/mute = 0
2026-08-21T05:46:46.072Z DEBUG OSC out: /1/globalMute = 0
2026-08-21T05:46:46.197Z DEBUG OSC out: /2/mute = 0
2026-08-21T05:46:46.197Z DEBUG OSC out: /1/globalMute = 0
2026-08-21T05:46:46.276Z DEBUG OSC out: /2/mute = 0
2026-08-21T05:46:46.276Z DEBUG OSC out: /1/globalMute = 0
2026-08-21T05:46:46.690Z DEBUG OSC out: /2/mute = 0
2026-08-21T05:46:46.690Z DEBUG OSC out: /1/globalMute = 0
2026-08-21T05:46:46.848Z DEBUG OSC out: /2/mute = 0
2026-08-21T05:46:46.848Z DEBUG OSC out: /1/globalMute = 0
2026-08-21T05:46:46.897Z DEBUG OSC out: /2/mute = 0
2026-08-21T05:46:46.897Z DEBUG OSC out: /1/globalMute = 0
2026-08-21T05:46:46.960Z DEBUG OSC out: /2/mute = 0
2026-08-21T05:46:46.960Z DEBUG OSC out: /1/globalMute = 0
2026-08-21T05:46:47.152Z DEBUG OSC out: /2/mute = 0
2026-08-21T05:46:47.152Z DEBUG OSC out: /1/globalMute = 0
2026-08-21T05:46:47.580Z DEBUG OSC out: /2/mute = 0
2026-08-21T05:46:47.580Z DEBUG OSC out: /1/globalMute = 0
2026-08-21T05:46:47.581Z DEBUG OSC out: /2/mute = 0
2026-08-21T05:46:47.581Z DEBUG OSC out: /1/globalMute = 0
2026-08-21T05:46:47.737Z DEBUG OSC out: /2/mute = 0
2026-08-21T05:46:47.737Z DEBUG OSC out: /1/globalMute = 0
2026-08-21T05:46:47.767Z DEBUG OSC out: /2/mute = 0
2026-08-21T05:46:47.767Z DEBUG OSC out: /1/globalMute = 0
2026-08-21T05:46:47.798Z ERROR OSC send failed: getaddrinfo ENOTFOUND 12
2026-08-21T05:46:47.799Z ERROR OSC send failed: getaddrinfo ENOTFOUND 12
2026-08-21T05:46:48.053Z DEBUG OSC out: /2/mute = 0
2026-08-21T05:46:48.053Z DEBUG OSC out: /1/globalMute = 0
2026-08-21T05:46:48.085Z DEBUG OSC out: /2/mute = 0
2026-08-21T05:46:48.085Z DEBUG OSC out: /1/globalMute = 0
2026-08-21T05:46:48.211Z DEBUG OSC out: /2/mute = 0
2026-08-21T05:46:48.212Z DEBUG OSC out: /1/globalMute = 0
2026-08-21T05:46:48.290Z DEBUG OSC out: /2/mute = 0
2026-08-21T05:46:48.290Z DEBUG OSC out: /1/globalMute = 0
2026-08-21T05:46:48.700Z DEBUG OSC out: /2/mute = 0
2026-08-21T05:46:48.701Z DEBUG OSC out: /1/globalMute = 0
2026-08-21T05:46:48.858Z DEBUG OSC out: /2/mute = 0
2026-08-21T05:46:48.858Z DEBUG OSC out: /1/globalMute = 0
2026-08-21T05:46:48.904Z DEBUG OSC out: /2/mute = 0
2026-08-21T05:46:48.905Z DEBUG OSC out: /1/globalMute = 0
2026-08-21T05:46:48.969Z DEBUG OSC out: /2/mute = 0
2026-08-21T05:46:48.969Z DEBUG OSC out: /1/globalMute = 0
2026-08-21T05:46:49.161Z DEBUG OSC out: /2/mute = 0
2026-08-21T05:46:49.161Z DEBUG OSC out: /1/globalMute = 0
2026-08-21T05:46:49.587Z DEBUG OSC out: /2/mute = 0
2026-08-21T05:46:49.588Z DEBUG OSC out: /1/globalMute = 0
2026-08-21T05:46:49.588Z DEBUG OSC out: /2/mute = 0
2026-08-21T05:46:49.589Z DEBUG OSC out: /1/globalMute = 0
2026-08-21T05:46:49.746Z DEBUG OSC out: /2/mute = 0
2026-08-21T05:46:49.746Z DEBUG OSC out: /1/globalMute = 0
2026-08-21T05:46:49.777Z DEBUG OSC out: /2/mute = 0
2026-08-21T05:46:49.778Z DEBUG OSC out: /1/globalMute = 0
2026-08-21T05:46:50.063Z DEBUG OSC out: /2/mute = 0
2026-08-21T05:46:50.064Z DEBUG OSC out: /1/globalMute = 0
2026-08-21T05:46:50.079Z ERROR OSC send failed: getaddrinfo ENOTFOUND 127
2026-08-21T05:46:50.079Z ERROR OSC send failed: getaddrinfo ENOTFOUND 127
2026-08-21T05:46:50.095Z DEBUG OSC out: /2/mute = 0
2026-08-21T05:46:50.095Z DEBUG OSC out: /1/globalMute = 0
2026-08-21T05:46:50.222Z DEBUG OSC out: /2/mute = 0
2026-08-21T05:46:50.223Z DEBUG OSC out: /1/globalMute = 0
2026-08-21T05:46:50.301Z DEBUG OSC out: /2/mute = 0
2026-08-21T05:46:50.302Z DEBUG OSC out: /1/globalMute = 0
2026-08-21T05:46:50.714Z DEBUG OSC out: /2/mute = 0
2026-08-21T05:46:50.715Z DEBUG OSC out: /1/globalMute = 0
2026-08-21T05:46:50.871Z DEBUG OSC out: /2/mute = 0
2026-08-21T05:46:50.871Z DEBUG OSC out: /1/globalMute = 0
2026-08-21T05:46:50.918Z DEBUG OSC out: /2/mute = 0
2026-08-21T05:46:50.918Z DEBUG OSC out: /1/globalMute = 0
2026-08-21T05:46:50.981Z DEBUG OSC out: /2/mute = 0
2026-08-21T05:46:50.981Z DEBUG OSC out: /1/globalMute = 0
2026-08-21T05:46:51.172Z DEBUG OSC out: /2/mute = 0
2026-08-21T05:46:51.173Z DEBUG OSC out: /1/globalMute = 0
2026-08-21T05:46:51.602Z DEBUG OSC out: /2/mute = 0
2026-08-21T05:46:51.602Z DEBUG OSC out: /1/globalMute = 0
2026-08-21T05:46:51.602Z DEBUG OSC out: /2/mute = 0
2026-08-21T05:46:51.603Z DEBUG OSC out: /1/globalMute = 0
2026-08-21T05:46:51.759Z DEBUG OSC out: /2/mute = 0
2026-08-21T05:46:51.759Z DEBUG OSC out: /1/globalMute = 0
2026-08-21T05:46:51.791Z DEBUG OSC out: /2/mute = 0
2026-08-21T05:46:51.791Z DEBUG OSC out: /1/globalMute = 0
2026-08-21T05:46:52.064Z DEBUG OSC out: /2/mute = 0
2026-08-21T05:46:52.064Z DEBUG OSC out: /1/globalMute = 0
2026-08-21T05:46:52.095Z DEBUG OSC out: /2/mute = 0
2026-08-21T05:46:52.095Z DEBUG OSC out: /1/globalMute = 0
2026-08-21T05:46:52.222Z DEBUG OSC out: /2/mute = 0
2026-08-21T05:46:52.222Z DEBUG OSC out: /1/globalMute = 0
2026-08-21T05:46:52.316Z DEBUG OSC out: /2/mute = 0
2026-08-21T05:46:52.317Z DEBUG OSC out: /1/globalMute = 0
2026-08-21T05:46:52.364Z ERROR OSC send failed: getaddrinfo ENOTFOUND 12
2026-08-21T05:46:52.365Z ERROR OSC send failed: getaddrinfo ENOTFOUND 12
2026-08-21T05:46:52.727Z DEBUG OSC out: /2/mute = 0
2026-08-21T05:46:52.727Z DEBUG OSC out: /1/globalMute = 0
2026-08-21T05:46:52.886Z DEBUG OSC out: /2/mute = 0
2026-08-21T05:46:52.886Z DEBUG OSC out: /1/globalMute = 0
2026-08-21T05:46:52.933Z DEBUG OSC out: /2/mute = 0
2026-08-21T05:46:52.933Z DEBUG OSC out: /1/globalMute = 0
2026-08-21T05:46:52.997Z DEBUG OSC out: /2/mute = 0
2026-08-21T05:46:52.997Z DEBUG OSC out: /1/globalMute = 0
2026-08-21T05:46:53.187Z DEBUG OSC out: /2/mute = 0
2026-08-21T05:46:53.188Z DEBUG OSC out: /1/globalMute = 0
2026-08-21T05:46:53.615Z DEBUG OSC out: /2/mute = 0
2026-08-21T05:46:53.616Z DEBUG OSC out: /1/globalMute = 0
2026-08-21T05:46:53.616Z DEBUG OSC out: /2/mute = 0
2026-08-21T05:46:53.616Z DEBUG OSC out: /1/globalMute = 0
2026-08-21T05:46:53.773Z DEBUG OSC out: /2/mute = 0
2026-08-21T05:46:53.773Z DEBUG OSC out: /1/globalMute = 0
2026-08-21T05:46:53.805Z DEBUG OSC out: /2/mute = 0
2026-08-21T05:46:53.805Z DEBUG OSC out: /1/globalMute = 0
2026-08-21T05:46:54.075Z DEBUG OSC out: /2/mute = 0
2026-08-21T05:46:54.075Z DEBUG OSC out: /1/globalMute = 0
2026-08-21T05:46:54.107Z DEBUG OSC out: /2/mute = 0
2026-08-21T05:46:54.108Z DEBUG OSC out: /1/globalMute = 0
2026-08-21T05:46:54.234Z DEBUG OSC out: /2/mute = 0
2026-08-21T05:46:54.235Z DEBUG OSC out: /1/globalMute = 0
2026-08-21T05:46:54.333Z DEBUG OSC out: /2/mute = 0
2026-08-21T05:46:54.333Z DEBUG OSC out: /1/globalMute = 0
2026-08-21T05:46:54.741Z DEBUG OSC out: /2/mute = 0
2026-08-21T05:46:54.742Z DEBUG OSC out: /1/globalMute = 0
2026-08-21T05:46:54.900Z DEBUG OSC out: /2/mute = 0
2026-08-21T05:46:54.901Z DEBUG OSC out: /1/globalMute = 0
2026-08-21T05:46:54.947Z DEBUG OSC out: /2/mute = 0
2026-08-21T05:46:54.947Z DEBUG OSC out: /1/globalMute = 0
2026-08-21T05:46:55.012Z DEBUG OSC out: /2/mute = 0
2026-08-21T05:46:55.012Z DEBUG OSC out: /1/globalMute = 0
2026-08-21T05:46:55.076Z ERROR OSC send failed: getaddrinfo ENOTFOUND 127
2026-08-21T05:46:55.076Z ERROR OSC send failed: getaddrinfo ENOTFOUND 127
2026-08-21T05:46:55.188Z DEBUG OSC out: /2/mute = 0
2026-08-21T05:46:55.188Z DEBUG OSC out: /1/globalMute = 0
2026-08-21T05:46:55.617Z DEBUG OSC out: /2/mute = 0
2026-08-21T05:46:55.618Z DEBUG OSC out: /1/globalMute = 0
2026-08-21T05:46:55.618Z DEBUG OSC out: /2/mute = 0
2026-08-21T05:46:55.618Z DEBUG OSC out: /1/globalMute = 0
2026-08-21T05:46:55.774Z DEBUG OSC out: /2/mute = 0
2026-08-21T05:46:55.775Z DEBUG OSC out: /1/globalMute = 0
2026-08-21T05:46:55.806Z DEBUG OSC out: /2/mute = 0
2026-08-21T05:46:55.807Z DEBUG OSC out: /1/globalMute = 0
2026-08-21T05:46:56.080Z DEBUG OSC out: /2/mute = 0
2026-08-21T05:46:56.080Z DEBUG OSC out: /1/globalMute = 0
2026-08-21T05:46:56.111Z DEBUG OSC out: /2/mute = 0
2026-08-21T05:46:56.111Z DEBUG OSC out: /1/globalMute = 0
2026-08-21T05:46:56.238Z DEBUG OSC out: /2/mute = 0
2026-08-21T05:46:56.238Z DEBUG OSC out: /1/globalMute = 0
2026-08-21T05:46:56.334Z DEBUG OSC out: /2/mute = 0
2026-08-21T05:46:56.334Z DEBUG OSC out: /1/globalMute = 0
2026-08-21T05:46:56.747Z DEBUG OSC out: /2/mute = 0
2026-08-21T05:46:56.748Z DEBUG OSC out: /1/globalMute = 0
2026-08-21T05:46:56.905Z DEBUG OSC out: /2/mute = 0
2026-08-21T05:46:56.905Z DEBUG OSC out: /1/globalMute = 0
2026-08-21T05:46:56.952Z DEBUG OSC out: /2/mute = 0
2026-08-21T05:46:56.952Z DEBUG OSC out: /1/globalMute = 0
2026-08-21T05:46:57.015Z DEBUG OSC out: /2/mute = 0
2026-08-21T05:46:57.016Z DEBUG OSC out: /1/globalMute = 0
2026-08-21T05:46:57.191Z DEBUG OSC out: /2/mute = 0
2026-08-21T05:46:57.191Z DEBUG OSC out: /1/globalMute = 0
2026-08-21T05:46:57.630Z DEBUG OSC out: /2/mute = 0
2026-08-21T05:46:57.631Z DEBUG OSC out: /1/globalMute = 0
2026-08-21T05:46:57.631Z DEBUG OSC out: /2/mute = 0
2026-08-21T05:46:57.631Z DEBUG OSC out: /1/globalMute = 0
2026-08-21T05:46:57.771Z ERROR OSC send failed: getaddrinfo ENOTFOUND 12
2026-08-21T05:46:57.771Z ERROR OSC send failed: getaddrinfo ENOTFOUND 12
2026-08-21T05:46:57.786Z DEBUG OSC out: /2/mute = 0
2026-08-21T05:46:57.787Z DEBUG OSC out: /1/globalMute = 0
2026-08-21T05:46:57.818Z DEBUG OSC out: /2/mute = 0
2026-08-21T05:46:57.819Z DEBUG OSC out: /1/globalMute = 0
2026-08-21T05:46:58.090Z DEBUG OSC out: /2/mute = 0
2026-08-21T05:46:58.091Z DEBUG OSC out: /1/globalMute = 0
2026-08-21T05:46:58.123Z DEBUG OSC out: /2/mute = 0
2026-08-21T05:46:58.123Z DEBUG OSC out: /1/globalMute = 0
2026-08-21T05:46:58.250Z DEBUG OSC out: /2/mute = 0
2026-08-21T05:46:58.251Z DEBUG OSC out: /1/globalMute = 0
2026-08-21T05:46:58.345Z DEBUG OSC out: /2/mute = 0
2026-08-21T05:46:58.346Z DEBUG OSC out: /1/globalMute = 0
2026-08-21T05:46:58.760Z DEBUG OSC out: /2/mute = 0
2026-08-21T05:46:58.760Z DEBUG OSC out: /1/globalMute = 0
2026-08-21T05:46:58.920Z DEBUG OSC out: /2/mute = 0
2026-08-21T05:46:58.920Z DEBUG OSC out: /1/globalMute = 0
2026-08-21T05:46:58.952Z DEBUG OSC out: /2/mute = 0
2026-08-21T05:46:58.952Z DEBUG OSC out: /1/globalMute = 0
2026-08-21T05:46:59.016Z DEBUG OSC out: /2/mute = 0
2026-08-21T05:46:59.016Z DEBUG OSC out: /1/globalMute = 0
2026-08-21T05:46:59.192Z DEBUG OSC out: /2/mute = 0
2026-08-21T05:46:59.192Z DEBUG OSC out: /1/globalMute = 0
2026-08-21T05:46:59.639Z DEBUG OSC out: /2/mute = 0
2026-08-21T05:46:59.639Z DEBUG OSC out: /1/globalMute = 0
2026-08-21T05:46:59.639Z DEBUG OSC out: /2/mute = 0
2026-08-21T05:46:59.640Z DEBUG OSC out: /1/globalMute = 0
2026-08-21T05:46:59.798Z DEBUG OSC out: /2/mute = 0
2026-08-21T05:46:59.798Z DEBUG OSC out: /1/globalMute = 0
2026-08-21T05:46:59.829Z DEBUG OSC out: /2/mute = 0
2026-08-21T05:46:59.830Z DEBUG OSC out: /1/globalMute = 0
2026-08-21T05:47:00.053Z ERROR OSC send failed: getaddrinfo ENOTFOUND 127
2026-08-21T05:47:00.053Z ERROR OSC send failed: getaddrinfo ENOTFOUND 127
2026-08-21T05:47:00.101Z DEBUG OSC out: /2/mute = 0
2026-08-21T05:47:00.101Z DEBUG OSC out: /1/globalMute = 0
2026-08-21T05:47:00.133Z DEBUG OSC out: /2/mute = 0
2026-08-21T05:47:00.134Z DEBUG OSC out: /1/globalMute = 0
2026-08-21T05:47:00.261Z DEBUG OSC out: /2/mute = 0
2026-08-21T05:47:00.261Z DEBUG OSC out: /1/globalMute = 0
2026-08-21T05:47:00.356Z DEBUG OSC out: /2/mute = 0
2026-08-21T05:47:00.356Z DEBUG OSC out: /1/globalMute = 0
2026-08-21T05:47:00.771Z DEBUG OSC out: /2/mute = 0
2026-08-21T05:47:00.771Z DEBUG OSC out: /1/globalMute = 0
2026-08-21T05:47:00.930Z DEBUG OSC out: /2/mute = 0
2026-08-21T05:47:00.930Z DEBUG OSC out: /1/globalMute = 0
2026-08-21T05:47:00.962Z DEBUG OSC out: /2/mute = 0
2026-08-21T05:47:00.962Z DEBUG OSC out: /1/globalMute = 0
2026-08-21T05:47:01.025Z DEBUG OSC out: /2/mute = 0
2026-08-21T05:47:01.026Z DEBUG OSC out: /1/globalMute = 0
2026-08-21T05:47:01.200Z DEBUG OSC out: /2/mute = 0
2026-08-21T05:47:01.200Z DEBUG OSC out: /1/globalMute = 0
2026-08-21T05:47:01.643Z DEBUG OSC out: /2/mute = 0
2026-08-21T05:47:01.643Z DEBUG OSC out: /1/globalMute = 0
2026-08-21T05:47:01.643Z DEBUG OSC out: /2/mute = 0
2026-08-21T05:47:01.643Z DEBUG OSC out: /1/globalMute = 0
2026-08-21T05:47:01.801Z DEBUG OSC out: /2/mute = 0
2026-08-21T05:47:01.801Z DEBUG OSC out: /1/globalMute = 0
2026-08-21T05:47:01.832Z DEBUG OSC out: /2/mute = 0
2026-08-21T05:47:01.833Z DEBUG OSC out: /1/globalMute = 0
2026-08-21T05:47:02.104Z DEBUG OSC out: /2/mute = 0
2026-08-21T05:47:02.105Z DEBUG OSC out: /1/globalMute = 0
2026-08-21T05:47:02.136Z DEBUG OSC out: /2/mute = 0
2026-08-21T05:47:02.137Z DEBUG OSC out: /1/globalMute = 0
2026-08-21T05:47:02.264Z DEBUG OSC out: /2/mute = 0
2026-08-21T05:47:02.264Z DEBUG OSC out: /1/globalMute = 0
2026-08-21T05:47:02.344Z ERROR OSC send failed: getaddrinfo ENOTFOUND 12
2026-08-21T05:47:02.345Z ERROR OSC send failed: getaddrinfo ENOTFOUND 12
2026-08-21T05:47:02.360Z DEBUG OSC out: /2/mute = 0
2026-08-21T05:47:02.361Z DEBUG OSC out: /1/globalMute = 0
2026-08-21T05:47:02.774Z DEBUG OSC out: /2/mute = 0
2026-08-21T05:47:02.774Z DEBUG OSC out: /1/globalMute = 0
2026-08-21T05:47:02.932Z DEBUG OSC out: /2/mute = 0
2026-08-21T05:47:02.932Z DEBUG OSC out: /1/globalMute = 0
2026-08-21T05:47:02.964Z DEBUG OSC out: /2/mute = 0
2026-08-21T05:47:02.964Z DEBUG OSC out: /1/globalMute = 0
2026-08-21T05:47:03.028Z DEBUG OSC out: /2/mute = 0
2026-08-21T05:47:03.028Z DEBUG OSC out: /1/globalMute = 0
2026-08-21T05:47:03.203Z DEBUG OSC out: /2/mute = 0
2026-08-21T05:47:03.203Z DEBUG OSC out: /1/globalMute = 0
2026-08-21T05:47:03.648Z DEBUG OSC out: /2/mute = 0
2026-08-21T05:47:03.648Z DEBUG OSC out: /1/globalMute = 0
2026-08-21T05:47:03.649Z DEBUG OSC out: /2/mute = 0
2026-08-21T05:47:03.649Z DEBUG OSC out: /1/globalMute = 0
2026-08-21T05:47:03.807Z DEBUG OSC out: /2/mute = 0
2026-08-21T05:47:03.807Z DEBUG OSC out: /1/globalMute = 0
2026-08-21T05:47:03.840Z DEBUG OSC out: /2/mute = 0
2026-08-21T05:47:03.840Z DEBUG OSC out: /1/globalMute = 0
2026-08-21T05:47:04.110Z DEBUG OSC out: /2/mute = 0
2026-08-21T05:47:04.110Z DEBUG OSC out: /1/globalMute = 0
2026-08-21T05:47:04.141Z DEBUG OSC out: /2/mute = 0
2026-08-21T05:47:04.141Z DEBUG OSC out: /1/globalMute = 0
2026-08-21T05:47:04.268Z DEBUG OSC out: /2/mute = 0
2026-08-21T05:47:04.268Z DEBUG OSC out: /1/globalMute = 0
2026-08-21T05:47:04.364Z DEBUG OSC out: /2/mute = 0
2026-08-21T05:47:04.364Z DEBUG OSC out: /1/globalMute = 0
2026-08-21T05:47:04.776Z DEBUG OSC out: /2/mute = 0
2026-08-21T05:47:04.777Z DEBUG OSC out: /1/globalMute = 0
2026-08-21T05:47:04.934Z DEBUG OSC out: /2/mute = 0
2026-08-21T05:47:04.935Z DEBUG OSC out: /1/globalMute = 0
2026-08-21T05:47:04.967Z DEBUG OSC out: /2/mute = 0
2026-08-21T05:47:04.967Z DEBUG OSC out: /1/globalMute = 0
2026-08-21T05:47:05.030Z DEBUG OSC out: /2/mute = 0
2026-08-21T05:47:05.031Z DEBUG OSC out: /1/globalMute = 0
2026-08-21T05:47:05.047Z ERROR OSC send failed: getaddrinfo ENOTFOUND 127
2026-08-21T05:47:05.047Z ERROR OSC send failed: getaddrinfo ENOTFOUND 127
2026-08-21T05:47:05.207Z DEBUG OSC out: /2/mute = 0
2026-08-21T05:47:05.207Z DEBUG OSC out: /1/globalMute = 0
2026-08-21T05:47:05.651Z DEBUG OSC out: /2/mute = 0
2026-08-21T05:47:05.651Z DEBUG OSC out: /1/globalMute = 0
2026-08-21T05:47:05.651Z DEBUG OSC out: /2/mute = 0
2026-08-21T05:47:05.652Z DEBUG OSC out: /1/globalMute = 0
2026-08-21T05:47:05.811Z DEBUG OSC out: /2/mute = 0
2026-08-21T05:47:05.811Z DEBUG OSC out: /1/globalMute = 0
2026-08-21T05:47:05.843Z DEBUG OSC out: /2/mute = 0
2026-08-21T05:47:05.843Z DEBUG OSC out: /1/globalMute = 0
2026-08-21T05:47:06.115Z DEBUG OSC out: /2/mute = 0
2026-08-21T05:47:06.115Z DEBUG OSC out: /1/globalMute = 0
2026-08-21T05:47:06.147Z DEBUG OSC out: /2/mute = 0
2026-08-21T05:47:06.147Z DEBUG OSC out: /1/globalMute = 0
2026-08-21T05:47:06.273Z DEBUG OSC out: /2/mute = 0
2026-08-21T05:47:06.274Z DEBUG OSC out: /1/globalMute = 0
2026-08-21T05:47:06.368Z DEBUG OSC out: /2/mute = 0
2026-08-21T05:47:06.368Z DEBUG OSC out: /1/globalMute = 0
2026-08-21T05:47:06.782Z DEBUG OSC out: /2/mute = 0
2026-08-21T05:47:06.782Z DEBUG OSC out: /1/globalMute = 0
2026-08-21T05:47:06.941Z DEBUG OSC out: /2/mute = 0
2026-08-21T05:47:06.941Z DEBUG OSC out: /1/globalMute = 0
2026-08-21T05:47:06.973Z DEBUG OSC out: /2/mute = 0
2026-08-21T05:47:06.973Z DEBUG OSC out: /1/globalMute = 0
2026-08-21T05:47:07.037Z DEBUG OSC out: /2/mute = 0
2026-08-21T05:47:07.037Z DEBUG OSC out: /1/globalMute = 0
2026-08-21T05:47:07.211Z DEBUG OSC out: /2/mute = 0
2026-08-21T05:47:07.211Z DEBUG OSC out: /1/globalMute = 0
2026-08-21T05:47:07.656Z DEBUG OSC out: /2/mute = 0
2026-08-21T05:47:07.656Z DEBUG OSC out: /1/globalMute = 0
2026-08-21T05:47:07.657Z DEBUG OSC out: /2/mute = 0
2026-08-21T05:47:07.657Z DEBUG OSC out: /1/globalMute = 0
2026-08-21T05:47:07.751Z ERROR OSC send failed: getaddrinfo ENOTFOUND 12
2026-08-21T05:47:07.751Z ERROR OSC send failed: getaddrinfo ENOTFOUND 12
2026-08-21T05:47:07.813Z DEBUG OSC out: /2/mute = 0
2026-08-21T05:47:07.814Z DEBUG OSC out: /1/globalMute = 0
2026-08-21T05:47:07.845Z DEBUG OSC out: /2/mute = 0
2026-08-21T05:47:07.846Z DEBUG OSC out: /1/globalMute = 0
2026-08-21T05:47:08.129Z DEBUG OSC out: /2/mute = 0
2026-08-21T05:47:08.130Z DEBUG OSC out: /1/globalMute = 0
2026-08-21T05:47:08.162Z DEBUG OSC out: /2/mute = 0
2026-08-21T05:47:08.162Z DEBUG OSC out: /1/globalMute = 0
2026-08-21T05:47:08.286Z DEBUG OSC out: /2/mute = 0
2026-08-21T05:47:08.287Z DEBUG OSC out: /1/globalMute = 0
2026-08-21T05:47:08.382Z DEBUG OSC out: /2/mute = 0
2026-08-21T05:47:08.382Z DEBUG OSC out: /1/globalMute = 0
2026-08-21T05:47:08.794Z DEBUG OSC out: /2/mute = 0
2026-08-21T05:47:08.794Z DEBUG OSC out: /1/globalMute = 0
2026-08-21T05:47:08.952Z DEBUG OSC out: /2/mute = 0
2026-08-21T05:47:08.953Z DEBUG OSC out: /1/globalMute = 0
2026-08-21T05:47:08.985Z DEBUG OSC out: /2/mute = 0
2026-08-21T05:47:08.985Z DEBUG OSC out: /1/globalMute = 0
2026-08-21T05:47:09.048Z DEBUG OSC out: /2/mute = 0
2026-08-21T05:47:09.048Z DEBUG OSC out: /1/globalMute = 0
2026-08-21T05:47:09.224Z DEBUG OSC out: /2/mute = 0
2026-08-21T05:47:09.225Z DEBUG OSC out: /1/globalMute = 0
2026-08-21T05:47:09.669Z DEBUG OSC out: /2/mute = 0
2026-08-21T05:47:09.669Z DEBUG OSC out: /1/globalMute = 0
2026-08-21T05:47:09.670Z DEBUG OSC out: /2/mute = 0
2026-08-21T05:47:09.670Z DEBUG OSC out: /1/globalMute = 0
2026-08-21T05:47:09.828Z DEBUG OSC out: /2/mute = 0
2026-08-21T05:47:09.829Z DEBUG OSC out: /1/globalMute = 0
2026-08-21T05:47:09.860Z DEBUG OSC out: /2/mute = 0
2026-08-21T05:47:09.860Z DEBUG OSC out: /1/globalMute = 0
2026-08-21T05:47:10.035Z ERROR OSC send failed: getaddrinfo ENOTFOUND 127
2026-08-21T05:47:10.035Z ERROR OSC send failed: getaddrinfo ENOTFOUND 127
2026-08-21T05:47:10.130Z DEBUG OSC out: /2/mute = 0
2026-08-21T05:47:10.131Z DEBUG OSC out: /1/globalMute = 0
2026-08-21T05:47:10.161Z DEBUG OSC out: /2/mute = 0
2026-08-21T05:47:10.162Z DEBUG OSC out: /1/globalMute = 0
2026-08-21T05:47:10.287Z DEBUG OSC out: /2/mute = 0
2026-08-21T05:47:10.288Z DEBUG OSC out: /1/globalMute = 0
2026-08-21T05:47:10.396Z DEBUG OSC out: /2/mute = 0
2026-08-21T05:47:10.396Z DEBUG OSC out: /1/globalMute = 0
2026-08-21T05:47:10.795Z DEBUG OSC out: /2/mute = 0
2026-08-21T05:47:10.796Z DEBUG OSC out: /1/globalMute = 0
2026-08-21T05:47:10.953Z DEBUG OSC out: /2/mute = 0
2026-08-21T05:47:10.953Z DEBUG OSC out: /1/globalMute = 0
2026-08-21T05:47:10.985Z DEBUG OSC out: /2/mute = 0
2026-08-21T05:47:10.985Z DEBUG OSC out: /1/globalMute = 0
2026-08-21T05:47:11.064Z DEBUG OSC out: /2/mute = 0
2026-08-21T05:47:11.064Z DEBUG OSC out: /1/globalMute = 0
2026-08-21T05:47:11.239Z DEBUG OSC out: /2/mute = 0
2026-08-21T05:47:11.240Z DEBUG OSC out: /1/globalMute = 0
2026-08-21T05:47:11.669Z DEBUG OSC out: /2/mute = 0
2026-08-21T05:47:11.670Z DEBUG OSC out: /1/globalMute = 0
2026-08-21T05:47:11.670Z DEBUG OSC out: /2/mute = 0
2026-08-21T05:47:11.670Z DEBUG OSC out: /1/globalMute = 0
2026-08-21T05:47:11.843Z DEBUG OSC out: /2/mute = 0
2026-08-21T05:47:11.843Z DEBUG OSC out: /1/globalMute = 0
2026-08-21T05:47:11.874Z DEBUG OSC out: /2/mute = 0
2026-08-21T05:47:11.875Z DEBUG OSC out: /1/globalMute = 0
2026-08-21T05:47:12.141Z DEBUG OSC out: /2/mute = 0
2026-08-21T05:47:12.142Z DEBUG OSC out: /1/globalMute = 0
2026-08-21T05:47:12.174Z DEBUG OSC out: /2/mute = 0
2026-08-21T05:47:12.174Z DEBUG OSC out: /1/globalMute = 0
2026-08-21T05:47:12.301Z DEBUG OSC out: /2/mute = 0
2026-08-21T05:47:12.302Z DEBUG OSC out: /1/globalMute = 0
2026-08-21T05:47:12.317Z ERROR OSC send failed: getaddrinfo ENOTFOUND 12
2026-08-21T05:47:12.318Z ERROR OSC send failed: getaddrinfo ENOTFOUND 12
2026-08-21T05:47:12.397Z DEBUG OSC out: /2/mute = 0
2026-08-21T05:47:12.397Z DEBUG OSC out: /1/globalMute = 0
2026-08-21T05:47:12.810Z DEBUG OSC out: /2/mute = 0
2026-08-21T05:47:12.810Z DEBUG OSC out: /1/globalMute = 0
2026-08-21T05:47:12.968Z DEBUG OSC out: /2/mute = 0
2026-08-21T05:47:12.968Z DEBUG OSC out: /1/globalMute = 0
2026-08-21T05:47:13.000Z DEBUG OSC out: /2/mute = 0
2026-08-21T05:47:13.000Z DEBUG OSC out: /1/globalMute = 0
2026-08-21T05:47:13.079Z DEBUG OSC out: /2/mute = 0
2026-08-21T05:47:13.080Z DEBUG OSC out: /1/globalMute = 0
2026-08-21T05:47:13.253Z DEBUG OSC out: /2/mute = 0
2026-08-21T05:47:13.253Z DEBUG OSC out: /1/globalMute = 0
2026-08-21T05:47:13.680Z DEBUG OSC out: /2/mute = 0
2026-08-21T05:47:13.680Z DEBUG OSC out: /1/globalMute = 0
2026-08-21T05:47:13.680Z DEBUG OSC out: /2/mute = 0
2026-08-21T05:47:13.681Z DEBUG OSC out: /1/globalMute = 0
2026-08-21T05:47:13.855Z DEBUG OSC out: /2/mute = 0
2026-08-21T05:47:13.856Z DEBUG OSC out: /1/globalMute = 0
2026-08-21T05:47:13.887Z DEBUG OSC out: /2/mute = 0
2026-08-21T05:47:13.887Z DEBUG OSC out: /1/globalMute = 0
2026-08-21T05:47:14.154Z DEBUG OSC out: /2/mute = 0
2026-08-21T05:47:14.155Z DEBUG OSC out: /1/globalMute = 0
2026-08-21T05:47:14.187Z DEBUG OSC out: /2/mute = 0
2026-08-21T05:47:14.187Z DEBUG OSC out: /1/globalMute = 0
2026-08-21T05:47:14.314Z DEBUG OSC out: /2/mute = 0
2026-08-21T05:47:14.314Z DEBUG OSC out: /1/globalMute = 0
2026-08-21T05:47:14.410Z DEBUG OSC out: /2/mute = 0
2026-08-21T05:47:14.410Z DEBUG OSC out: /1/globalMute = 0
2026-08-21T05:47:14.811Z DEBUG OSC out: /2/mute = 0
2026-08-21T05:47:14.812Z DEBUG OSC out: /1/globalMute = 0
2026-08-21T05:47:14.969Z DEBUG OSC out: /2/mute = 0
2026-08-21T05:47:14.969Z DEBUG OSC out: /1/globalMute = 0
2026-08-21T05:47:15.000Z DEBUG OSC out: /2/mute = 0
2026-08-21T05:47:15.000Z DEBUG OSC out: /1/globalMute = 0
2026-08-21T05:47:15.001Z ERROR OSC send failed: getaddrinfo ENOTFOUND 127
2026-08-21T05:47:15.001Z ERROR OSC send failed: getaddrinfo ENOTFOUND 127
2026-08-21T05:47:15.080Z DEBUG OSC out: /2/mute = 0
2026-08-21T05:47:15.080Z DEBUG OSC out: /1/globalMute = 0
2026-08-21T05:47:15.254Z DEBUG OSC out: /2/mute = 0
2026-08-21T05:47:15.255Z DEBUG OSC out: /1/globalMute = 0
2026-08-21T05:47:15.684Z DEBUG OSC out: /2/mute = 0
2026-08-21T05:47:15.684Z DEBUG OSC out: /1/globalMute = 0
2026-08-21T05:47:15.685Z DEBUG OSC out: /2/mute = 0
2026-08-21T05:47:15.685Z DEBUG OSC out: /1/globalMute = 0
2026-08-21T05:47:15.857Z DEBUG OSC out: /2/mute = 0
2026-08-21T05:47:15.857Z DEBUG OSC out: /1/globalMute = 0
2026-08-21T05:47:15.889Z DEBUG OSC out: /2/mute = 0
2026-08-21T05:47:15.889Z DEBUG OSC out: /1/globalMute = 0
2026-08-21T05:47:16.156Z DEBUG OSC out: /2/mute = 0
2026-08-21T05:47:16.156Z DEBUG OSC out: /1/globalMute = 0
2026-08-21T05:47:16.188Z DEBUG OSC out: /2/mute = 0
2026-08-21T05:47:16.188Z DEBUG OSC out: /1/globalMute = 0
2026-08-21T05:47:16.314Z DEBUG OSC out: /2/mute = 0
2026-08-21T05:47:16.315Z DEBUG OSC out: /1/globalMute = 0
2026-08-21T05:47:16.409Z DEBUG OSC out: /2/mute = 0
2026-08-21T05:47:16.410Z DEBUG OSC out: /1/globalMute = 0
2026-08-21T05:47:16.825Z DEBUG OSC out: /2/mute = 0
2026-08-21T05:47:16.825Z DEBUG OSC out: /1/globalMute = 0
2026-08-21T05:47:16.982Z DEBUG OSC out: /2/mute = 0
2026-08-21T05:47:16.982Z DEBUG OSC out: /1/globalMute = 0
2026-08-21T05:47:17.013Z DEBUG OSC out: /2/mute = 0
2026-08-21T05:47:17.013Z DEBUG OSC out: /1/globalMute = 0
2026-08-21T05:47:17.092Z DEBUG OSC out: /2/mute = 0
2026-08-21T05:47:17.092Z DEBUG OSC out: /1/globalMute = 0
2026-08-21T05:47:17.264Z DEBUG OSC out: /2/mute = 0
2026-08-21T05:47:17.264Z DEBUG OSC out: /1/globalMute = 0
2026-08-21T05:47:17.692Z DEBUG OSC out: /2/mute = 0
2026-08-21T05:47:17.692Z DEBUG OSC out: /1/globalMute = 0
2026-08-21T05:47:17.693Z DEBUG OSC out: /2/mute = 0
2026-08-21T05:47:17.693Z DEBUG OSC out: /1/globalMute = 0
2026-08-21T05:47:17.694Z ERROR OSC send failed: getaddrinfo ENOTFOUND 12
2026-08-21T05:47:17.694Z ERROR OSC send failed: getaddrinfo ENOTFOUND 12
2026-08-21T05:47:17.869Z DEBUG OSC out: /2/mute = 0
2026-08-21T05:47:17.869Z DEBUG OSC out: /1/globalMute = 0
2026-08-21T05:47:17.900Z DEBUG OSC out: /2/mute = 0
2026-08-21T05:47:17.900Z DEBUG OSC out: /1/globalMute = 0
2026-08-21T05:47:18.171Z DEBUG OSC out: /2/mute = 0
2026-08-21T05:47:18.171Z DEBUG OSC out: /1/globalMute = 0
2026-08-21T05:47:18.203Z DEBUG OSC out: /2/mute = 0
2026-08-21T05:47:18.204Z DEBUG OSC out: /1/globalMute = 0
2026-08-21T05:47:18.329Z DEBUG OSC out: /2/mute = 0
2026-08-21T05:47:18.330Z DEBUG OSC out: /1/globalMute = 0
2026-08-21T05:47:18.424Z DEBUG OSC out: /2/mute = 0
2026-08-21T05:47:18.424Z DEBUG OSC out: /1/globalMute = 0
2026-08-21T05:47:18.838Z DEBUG OSC out: /2/mute = 0
2026-08-21T05:47:18.838Z DEBUG OSC out: /1/globalMute = 0
2026-08-21T05:47:18.982Z DEBUG OSC out: /2/mute = 0
2026-08-21T05:47:18.982Z DEBUG OSC out: /1/globalMute = 0
2026-08-21T05:47:19.014Z DEBUG OSC out: /2/mute = 0
2026-08-21T05:47:19.014Z DEBUG OSC out: /1/globalMute = 0
2026-08-21T05:47:19.094Z DEBUG OSC out: /2/mute = 0
2026-08-21T05:47:19.094Z DEBUG OSC out: /1/globalMute = 0
2026-08-21T05:47:19.270Z DEBUG OSC out: /2/mute = 0
2026-08-21T05:47:19.270Z DEBUG OSC out: /1/globalMute = 0
2026-08-21T05:47:19.698Z DEBUG OSC out: /2/mute = 0
2026-08-21T05:47:19.699Z DEBUG OSC out: /1/globalMute = 0
2026-08-21T05:47:19.699Z DEBUG OSC out: /2/mute = 0
2026-08-21T05:47:19.700Z DEBUG OSC out: /1/globalMute = 0
2026-08-21T05:47:19.873Z DEBUG OSC out: /2/mute = 0
2026-08-21T05:47:19.873Z DEBUG OSC out: /1/globalMute = 0
2026-08-21T05:47:19.905Z DEBUG OSC out: /2/mute = 0
2026-08-21T05:47:19.906Z DEBUG OSC out: /1/globalMute = 0
2026-08-21T05:47:19.968Z ERROR OSC send failed: getaddrinfo ENOTFOUND 127
2026-08-21T05:47:19.969Z ERROR OSC send failed: getaddrinfo ENOTFOUND 127
2026-08-21T05:47:20.176Z DEBUG OSC out: /2/mute = 0
2026-08-21T05:47:20.177Z DEBUG OSC out: /1/globalMute = 0
2026-08-21T05:47:20.208Z DEBUG OSC out: /2/mute = 0
2026-08-21T05:47:20.208Z DEBUG OSC out: /1/globalMute = 0
2026-08-21T05:47:20.335Z DEBUG OSC out: /2/mute = 0
2026-08-21T05:47:20.335Z DEBUG OSC out: /1/globalMute = 0
2026-08-21T05:47:20.430Z DEBUG OSC out: /2/mute = 0
2026-08-21T05:47:20.430Z DEBUG OSC out: /1/globalMute = 0
2026-08-21T05:47:20.844Z DEBUG OSC out: /2/mute = 0
2026-08-21T05:47:20.844Z DEBUG OSC out: /1/globalMute = 0
2026-08-21T05:47:20.989Z DEBUG OSC out: /2/mute = 0
2026-08-21T05:47:20.989Z DEBUG OSC out: /1/globalMute = 0
2026-08-21T05:47:21.020Z DEBUG OSC out: /2/mute = 0
2026-08-21T05:47:21.020Z DEBUG OSC out: /1/globalMute = 0
2026-08-21T05:47:21.100Z DEBUG OSC out: /2/mute = 0
2026-08-21T05:47:21.100Z DEBUG OSC out: /1/globalMute = 0
2026-08-21T05:47:21.273Z DEBUG OSC out: /2/mute = 0
2026-08-21T05:47:21.273Z DEBUG OSC out: /1/globalMute = 0
2026-08-21T05:47:21.700Z DEBUG OSC out: /2/mute = 0
2026-08-21T05:47:21.701Z DEBUG OSC out: /1/globalMute = 0
2026-08-21T05:47:21.701Z DEBUG OSC out: /2/mute = 0
2026-08-21T05:47:21.701Z DEBUG OSC out: /1/globalMute = 0
2026-08-21T05:47:21.874Z DEBUG OSC out: /2/mute = 0
2026-08-21T05:47:21.874Z DEBUG OSC out: /1/globalMute = 0
2026-08-21T05:47:21.905Z DEBUG OSC out: /2/mute = 0
2026-08-21T05:47:21.906Z DEBUG OSC out: /1/globalMute = 0
2026-08-21T05:47:22.190Z DEBUG OSC out: /2/mute = 0
2026-08-21T05:47:22.190Z DEBUG OSC out: /1/globalMute = 0
2026-08-21T05:47:22.222Z DEBUG OSC out: /2/mute = 0
2026-08-21T05:47:22.222Z DEBUG OSC out: /1/globalMute = 0
2026-08-21T05:47:22.254Z ERROR OSC send failed: getaddrinfo ENOTFOUND 12
2026-08-21T05:47:22.254Z ERROR OSC send failed: getaddrinfo ENOTFOUND 12
2026-08-21T05:47:22.349Z DEBUG OSC out: /2/mute = 0
2026-08-21T05:47:22.349Z DEBUG OSC out: /1/globalMute = 0
2026-08-21T05:47:22.445Z DEBUG OSC out: /2/mute = 0
2026-08-21T05:47:22.445Z DEBUG OSC out: /1/globalMute = 0
2026-08-21T05:47:22.859Z DEBUG OSC out: /2/mute = 0
2026-08-21T05:47:22.859Z DEBUG OSC out: /1/globalMute = 0
2026-08-21T05:47:23.003Z DEBUG OSC out: /2/mute = 0
2026-08-21T05:47:23.004Z DEBUG OSC out: /1/globalMute = 0
2026-08-21T05:47:23.035Z DEBUG OSC out: /2/mute = 0
2026-08-21T05:47:23.036Z DEBUG OSC out: /1/globalMute = 0
2026-08-21T05:47:23.099Z DEBUG OSC out: /2/mute = 0
2026-08-21T05:47:23.099Z DEBUG OSC out: /1/globalMute = 0
2026-08-21T05:47:23.274Z DEBUG OSC out: /2/mute = 0
2026-08-21T05:47:23.274Z DEBUG OSC out: /1/globalMute = 0
2026-08-21T05:47:23.704Z DEBUG OSC out: /2/mute = 0
2026-08-21T05:47:23.705Z DEBUG OSC out: /1/globalMute = 0
2026-08-21T05:47:23.705Z DEBUG OSC out: /2/mute = 0
2026-08-21T05:47:23.705Z DEBUG OSC out: /1/globalMute = 0
2026-08-21T05:47:23.879Z DEBUG OSC out: /2/mute = 0
2026-08-21T05:47:23.879Z DEBUG OSC out: /1/globalMute = 0
2026-08-21T05:47:23.910Z DEBUG OSC out: /2/mute = 0
2026-08-21T05:47:23.910Z DEBUG OSC out: /1/globalMute = 0
2026-08-21T05:47:24.198Z DEBUG OSC out: /2/mute = 0
2026-08-21T05:47:24.198Z DEBUG OSC out: /1/globalMute = 0
2026-08-21T05:47:24.229Z DEBUG OSC out: /2/mute = 0
2026-08-21T05:47:24.230Z DEBUG OSC out: /1/globalMute = 0
2026-08-21T05:47:24.356Z DEBUG OSC out: /2/mute = 0
2026-08-21T05:47:24.356Z DEBUG OSC out: /1/globalMute = 0
2026-08-21T05:47:24.451Z DEBUG OSC out: /2/mute = 0
2026-08-21T05:47:24.451Z DEBUG OSC out: /1/globalMute = 0
2026-08-21T05:47:24.863Z DEBUG OSC out: /2/mute = 0
2026-08-21T05:47:24.863Z DEBUG OSC out: /1/globalMute = 0
2026-08-21T05:47:24.940Z ERROR OSC send failed: getaddrinfo ENOTFOUND 127
2026-08-21T05:47:24.940Z ERROR OSC send failed: getaddrinfo ENOTFOUND 127
2026-08-21T05:47:25.004Z DEBUG OSC out: /2/mute = 0
2026-08-21T05:47:25.004Z DEBUG OSC out: /1/globalMute = 0
2026-08-21T05:47:25.036Z DEBUG OSC out: /2/mute = 0
2026-08-21T05:47:25.036Z DEBUG OSC out: /1/globalMute = 0
2026-08-21T05:47:25.100Z DEBUG OSC out: /2/mute = 0
2026-08-21T05:47:25.100Z DEBUG OSC out: /1/globalMute = 0
2026-08-21T05:47:25.290Z DEBUG OSC out: /2/mute = 0
2026-08-21T05:47:25.290Z DEBUG OSC out: /1/globalMute = 0
2026-08-21T05:47:25.714Z DEBUG OSC out: /2/mute = 0
2026-08-21T05:47:25.715Z DEBUG OSC out: /1/globalMute = 0
2026-08-21T05:47:25.715Z DEBUG OSC out: /2/mute = 0
2026-08-21T05:47:25.715Z DEBUG OSC out: /1/globalMute = 0
2026-08-21T05:47:25.891Z DEBUG OSC out: /2/mute = 0
2026-08-21T05:47:25.891Z DEBUG OSC out: /1/globalMute = 0
2026-08-21T05:47:25.922Z DEBUG OSC out: /2/mute = 0
2026-08-21T05:47:25.923Z DEBUG OSC out: /1/globalMute = 0
2026-08-21T05:47:26.209Z DEBUG OSC out: /2/mute = 0
2026-08-21T05:47:26.209Z DEBUG OSC out: /1/globalMute = 0
2026-08-21T05:47:26.240Z DEBUG OSC out: /2/mute = 0
2026-08-21T05:47:26.241Z DEBUG OSC out: /1/globalMute = 0
2026-08-21T05:47:26.367Z DEBUG OSC out: /2/mute = 0
2026-08-21T05:47:26.368Z DEBUG OSC out: /1/globalMute = 0
2026-08-21T05:47:26.462Z DEBUG OSC out: /2/mute = 0
2026-08-21T05:47:26.463Z DEBUG OSC out: /1/globalMute = 0
2026-08-21T05:47:26.872Z DEBUG OSC out: /2/mute = 0
2026-08-21T05:47:26.873Z DEBUG OSC out: /1/globalMute = 0
2026-08-21T05:47:27.014Z DEBUG OSC out: /2/mute = 0
2026-08-21T05:47:27.015Z DEBUG OSC out: /1/globalMute = 0
2026-08-21T05:47:27.046Z DEBUG OSC out: /2/mute = 0
2026-08-21T05:47:27.050Z DEBUG OSC out: /1/globalMute = 0
2026-08-21T05:47:27.109Z DEBUG OSC out: /2/mute = 0
2026-08-21T05:47:27.109Z DEBUG OSC out: /1/globalMute = 0
2026-08-21T05:47:27.298Z DEBUG OSC out: /2/mute = 0
2026-08-21T05:47:27.298Z DEBUG OSC out: /1/globalMute = 0
2026-08-21T05:47:27.648Z ERROR OSC send failed: getaddrinfo ENOTFOUND 12
2026-08-21T05:47:27.648Z ERROR OSC send failed: getaddrinfo ENOTFOUND 12
2026-08-21T05:47:27.727Z DEBUG OSC out: /2/mute = 0
2026-08-21T05:47:27.728Z DEBUG OSC out: /1/globalMute = 0
2026-08-21T05:47:27.728Z DEBUG OSC out: /2/mute = 0
2026-08-21T05:47:27.728Z DEBUG OSC out: /1/globalMute = 0
2026-08-21T05:47:27.903Z DEBUG OSC out: /2/mute = 0
2026-08-21T05:47:27.903Z DEBUG OSC out: /1/globalMute = 0
2026-08-21T05:47:27.935Z DEBUG OSC out: /2/mute = 0
2026-08-21T05:47:27.935Z DEBUG OSC out: /1/globalMute = 0
2026-08-21T05:47:28.218Z DEBUG OSC out: /2/mute = 0
2026-08-21T05:47:28.219Z DEBUG OSC out: /1/globalMute = 0
2026-08-21T05:47:28.249Z DEBUG OSC out: /2/mute = 0
2026-08-21T05:47:28.249Z DEBUG OSC out: /1/globalMute = 0
2026-08-21T05:47:28.376Z DEBUG OSC out: /2/mute = 0
2026-08-21T05:47:28.377Z DEBUG OSC out: /1/globalMute = 0
2026-08-21T05:47:28.472Z DEBUG OSC out: /2/mute = 0
2026-08-21T05:47:28.472Z DEBUG OSC out: /1/globalMute = 0
2026-08-21T05:47:28.888Z DEBUG OSC out: /2/mute = 0
2026-08-21T05:47:28.888Z DEBUG OSC out: /1/globalMute = 0
2026-08-21T05:47:29.015Z DEBUG OSC out: /2/mute = 0
2026-08-21T05:47:29.016Z DEBUG OSC out: /1/globalMute = 0
2026-08-21T05:47:29.047Z DEBUG OSC out: /2/mute = 0
2026-08-21T05:47:29.048Z DEBUG OSC out: /1/globalMute = 0
2026-08-21T05:47:29.110Z DEBUG OSC out: /2/mute = 0
2026-08-21T05:47:29.111Z DEBUG OSC out: /1/globalMute = 0
2026-08-21T05:47:29.301Z DEBUG OSC out: /2/mute = 0
2026-08-21T05:47:29.301Z DEBUG OSC out: /1/globalMute = 0
2026-08-21T05:47:29.731Z DEBUG OSC out: /2/mute = 0
2026-08-21T05:47:29.731Z DEBUG OSC out: /1/globalMute = 0
2026-08-21T05:47:29.732Z DEBUG OSC out: /2/mute = 0
2026-08-21T05:47:29.732Z DEBUG OSC out: /1/globalMute = 0
2026-08-21T05:47:29.905Z DEBUG OSC out: /2/mute = 0
2026-08-21T05:47:29.905Z DEBUG OSC out: /1/globalMute = 0
2026-08-21T05:47:29.920Z ERROR OSC send failed: getaddrinfo ENOTFOUND 127
2026-08-21T05:47:29.921Z ERROR OSC send failed: getaddrinfo ENOTFOUND 127
2026-08-21T05:47:29.935Z DEBUG OSC out: /2/mute = 0
2026-08-21T05:47:29.935Z DEBUG OSC out: /1/globalMute = 0
2026-08-21T05:47:30.220Z DEBUG OSC out: /2/mute = 0
2026-08-21T05:47:30.221Z DEBUG OSC out: /1/globalMute = 0
2026-08-21T05:47:30.250Z DEBUG OSC out: /2/mute = 0
2026-08-21T05:47:30.251Z DEBUG OSC out: /1/globalMute = 0
2026-08-21T05:47:30.376Z DEBUG OSC out: /2/mute = 0
2026-08-21T05:47:30.377Z DEBUG OSC out: /1/globalMute = 0
2026-08-21T05:47:30.471Z DEBUG OSC out: /2/mute = 0
2026-08-21T05:47:30.472Z DEBUG OSC out: /1/globalMute = 0
2026-08-21T05:47:30.901Z DEBUG OSC out: /2/mute = 0
2026-08-21T05:47:30.901Z DEBUG OSC out: /1/globalMute = 0
2026-08-21T05:47:31.027Z DEBUG OSC out: /2/mute = 0
2026-08-21T05:47:31.027Z DEBUG OSC out: /1/globalMute = 0
2026-08-21T05:47:31.059Z DEBUG OSC out: /2/mute = 0
2026-08-21T05:47:31.060Z DEBUG OSC out: /1/globalMute = 0
2026-08-21T05:47:31.123Z DEBUG OSC out: /2/mute = 0
2026-08-21T05:47:31.123Z DEBUG OSC out: /1/globalMute = 0
2026-08-21T05:47:31.315Z DEBUG OSC out: /2/mute = 0
2026-08-21T05:47:31.315Z DEBUG OSC out: /1/globalMute = 0
2026-08-21T05:47:31.745Z DEBUG OSC out: /2/mute = 0
2026-08-21T05:47:31.746Z DEBUG OSC out: /1/globalMute = 0
2026-08-21T05:47:31.746Z DEBUG OSC out: /2/mute = 0
2026-08-21T05:47:31.746Z DEBUG OSC out: /1/globalMute = 0
2026-08-21T05:47:31.920Z DEBUG OSC out: /2/mute = 0
2026-08-21T05:47:31.920Z DEBUG OSC out: /1/globalMute = 0
2026-08-21T05:47:31.936Z DEBUG OSC out: /2/mute = 0
2026-08-21T05:47:31.936Z DEBUG OSC out: /1/globalMute = 0
2026-08-21T05:47:32.205Z ERROR OSC send failed: getaddrinfo ENOTFOUND 12
2026-08-21T05:47:32.206Z ERROR OSC send failed: getaddrinfo ENOTFOUND 12
2026-08-21T05:47:32.220Z DEBUG OSC out: /2/mute = 0
2026-08-21T05:47:32.221Z DEBUG OSC out: /1/globalMute = 0
2026-08-21T05:47:32.253Z DEBUG OSC out: /2/mute = 0
2026-08-21T05:47:32.253Z DEBUG OSC out: /1/globalMute = 0
2026-08-21T05:47:32.379Z DEBUG OSC out: /2/mute = 0
2026-08-21T05:47:32.380Z DEBUG OSC out: /1/globalMute = 0
2026-08-21T05:47:32.473Z DEBUG OSC out: /2/mute = 0
2026-08-21T05:47:32.473Z DEBUG OSC out: /1/globalMute = 0
2026-08-21T05:47:32.900Z DEBUG OSC out: /2/mute = 0
2026-08-21T05:47:32.900Z DEBUG OSC out: /1/globalMute = 0
2026-08-21T05:47:33.042Z DEBUG OSC out: /2/mute = 0
2026-08-21T05:47:33.042Z DEBUG OSC out: /1/globalMute = 0
2026-08-21T05:47:33.074Z DEBUG OSC out: /2/mute = 0
2026-08-21T05:47:33.074Z DEBUG OSC out: /1/globalMute = 0
2026-08-21T05:47:33.137Z DEBUG OSC out: /2/mute = 0
2026-08-21T05:47:33.138Z DEBUG OSC out: /1/globalMute = 0
2026-08-21T05:47:33.328Z DEBUG OSC out: /2/mute = 0
2026-08-21T05:47:33.329Z DEBUG OSC out: /1/globalMute = 0
2026-08-21T05:47:33.760Z DEBUG OSC out: /2/mute = 0
2026-08-21T05:47:33.760Z DEBUG OSC out: /1/globalMute = 0
2026-08-21T05:47:33.761Z DEBUG OSC out: /2/mute = 0
2026-08-21T05:47:33.761Z DEBUG OSC out: /1/globalMute = 0
2026-08-21T05:47:33.933Z DEBUG OSC out: /2/mute = 0
2026-08-21T05:47:33.933Z DEBUG OSC out: /1/globalMute = 0
2026-08-21T05:47:33.949Z DEBUG OSC out: /2/mute = 0
2026-08-21T05:47:33.949Z DEBUG OSC out: /1/globalMute = 0
2026-08-21T05:47:34.235Z DEBUG OSC out: /2/mute = 0
2026-08-21T05:47:34.235Z DEBUG OSC out: /1/globalMute = 0
2026-08-21T05:47:34.265Z DEBUG OSC out: /2/mute = 0
2026-08-21T05:47:34.265Z DEBUG OSC out: /1/globalMute = 0
2026-08-21T05:47:34.391Z DEBUG OSC out: /2/mute = 0
2026-08-21T05:47:34.391Z DEBUG OSC out: /1/globalMute = 0
2026-08-21T05:47:34.487Z DEBUG OSC out: /2/mute = 0
2026-08-21T05:47:34.487Z DEBUG OSC out: /1/globalMute = 0
2026-08-21T05:47:34.913Z DEBUG OSC out: /2/mute = 0
2026-08-21T05:47:34.913Z DEBUG OSC out: /1/globalMute = 0
2026-08-21T05:47:34.914Z ERROR OSC send failed: getaddrinfo ENOTFOUND 127
2026-08-21T05:47:34.914Z ERROR OSC send failed: getaddrinfo ENOTFOUND 127
2026-08-21T05:47:35.054Z DEBUG OSC out: /2/mute = 0
2026-08-21T05:47:35.055Z DEBUG OSC out: /1/globalMute = 0
2026-08-21T05:47:35.086Z DEBUG OSC out: /2/mute = 0
2026-08-21T05:47:35.087Z DEBUG OSC out: /1/globalMute = 0
2026-08-21T05:47:35.149Z DEBUG OSC out: /2/mute = 0
2026-08-21T05:47:35.149Z DEBUG OSC out: /1/globalMute = 0
2026-08-21T05:47:35.338Z DEBUG OSC out: /2/mute = 0
2026-08-21T05:47:35.339Z DEBUG OSC out: /1/globalMute = 0
2026-08-21T05:47:35.768Z DEBUG OSC out: /2/mute = 0
2026-08-21T05:47:35.769Z DEBUG OSC out: /1/globalMute = 0
2026-08-21T05:47:35.769Z DEBUG OSC out: /2/mute = 0
2026-08-21T05:47:35.769Z DEBUG OSC out: /1/globalMute = 0
2026-08-21T05:47:35.943Z DEBUG OSC out: /2/mute = 0
2026-08-21T05:47:35.943Z DEBUG OSC out: /1/globalMute = 0
2026-08-21T05:47:35.959Z DEBUG OSC out: /2/mute = 0
2026-08-21T05:47:35.959Z DEBUG OSC out: /1/globalMute = 0
2026-08-21T05:47:36.241Z DEBUG OSC out: /2/mute = 0
2026-08-21T05:47:36.242Z DEBUG OSC out: /1/globalMute = 0
2026-08-21T05:47:36.273Z DEBUG OSC out: /2/mute = 0
2026-08-21T05:47:36.274Z DEBUG OSC out: /1/globalMute = 0
2026-08-21T05:47:36.401Z DEBUG OSC out: /2/mute = 0
2026-08-21T05:47:36.401Z DEBUG OSC out: /1/globalMute = 0
2026-08-21T05:47:36.496Z DEBUG OSC out: /2/mute = 0
2026-08-21T05:47:36.497Z DEBUG OSC out: /1/globalMute = 0
2026-08-21T05:47:36.926Z DEBUG OSC out: /2/mute = 0
2026-08-21T05:47:36.927Z DEBUG OSC out: /1/globalMute = 0
2026-08-21T05:47:37.069Z DEBUG OSC out: /2/mute = 0
2026-08-21T05:47:37.069Z DEBUG OSC out: /1/globalMute = 0
2026-08-21T05:47:37.100Z DEBUG OSC out: /2/mute = 0
2026-08-21T05:47:37.100Z DEBUG OSC out: /1/globalMute = 0
2026-08-21T05:47:37.163Z DEBUG OSC out: /2/mute = 0
2026-08-21T05:47:37.164Z DEBUG OSC out: /1/globalMute = 0
2026-08-21T05:47:37.354Z DEBUG OSC out: /2/mute = 0
2026-08-21T05:47:37.354Z DEBUG OSC out: /1/globalMute = 0
2026-08-21T05:47:37.624Z ERROR OSC send failed: getaddrinfo ENOTFOUND 12
2026-08-21T05:47:37.624Z ERROR OSC send failed: getaddrinfo ENOTFOUND 12
2026-08-21T05:47:37.783Z DEBUG OSC out: /2/mute = 0
2026-08-21T05:47:37.783Z DEBUG OSC out: /1/globalMute = 0
2026-08-21T05:47:37.784Z DEBUG OSC out: /2/mute = 0
2026-08-21T05:47:37.784Z DEBUG OSC out: /1/globalMute = 0
2026-08-21T05:47:37.942Z DEBUG OSC out: /2/mute = 0
2026-08-21T05:47:37.943Z DEBUG OSC out: /1/globalMute = 0
2026-08-21T05:47:37.959Z DEBUG OSC out: /2/mute = 0
2026-08-21T05:47:37.960Z DEBUG OSC out: /1/globalMute = 0
2026-08-21T05:47:38.244Z DEBUG OSC out: /2/mute = 0
2026-08-21T05:47:38.245Z DEBUG OSC out: /1/globalMute = 0
2026-08-21T05:47:38.276Z DEBUG OSC out: /2/mute = 0
2026-08-21T05:47:38.276Z DEBUG OSC out: /1/globalMute = 0
2026-08-21T05:47:38.405Z DEBUG OSC out: /2/mute = 0
2026-08-21T05:47:38.405Z DEBUG OSC out: /1/globalMute = 0
2026-08-21T05:47:38.501Z DEBUG OSC out: /2/mute = 0
2026-08-21T05:47:38.501Z DEBUG OSC out: /1/globalMute = 0
2026-08-21T05:47:38.927Z DEBUG OSC out: /2/mute = 0
2026-08-21T05:47:38.927Z DEBUG OSC out: /1/globalMute = 0
2026-08-21T05:47:39.069Z DEBUG OSC out: /2/mute = 0
2026-08-21T05:47:39.070Z DEBUG OSC out: /1/globalMute = 0
2026-08-21T05:47:39.101Z DEBUG OSC out: /2/mute = 0
2026-08-21T05:47:39.101Z DEBUG OSC out: /1/globalMute = 0
2026-08-21T05:47:39.164Z DEBUG OSC out: /2/mute = 0
2026-08-21T05:47:39.164Z DEBUG OSC out: /1/globalMute = 0
2026-08-21T05:47:39.355Z DEBUG OSC out: /2/mute = 0
2026-08-21T05:47:39.355Z DEBUG OSC out: /1/globalMute = 0
2026-08-21T05:47:39.787Z DEBUG OSC out: /2/mute = 0
2026-08-21T05:47:39.787Z DEBUG OSC out: /1/globalMute = 0
2026-08-21T05:47:39.787Z DEBUG OSC out: /2/mute = 0
2026-08-21T05:47:39.788Z DEBUG OSC out: /1/globalMute = 0
2026-08-21T05:47:39.914Z ERROR OSC send failed: getaddrinfo ENOTFOUND 127
2026-08-21T05:47:39.915Z ERROR OSC send failed: getaddrinfo ENOTFOUND 127
2026-08-21T05:47:39.945Z DEBUG OSC out: /2/mute = 0
2026-08-21T05:47:39.945Z DEBUG OSC out: /1/globalMute = 0
2026-08-21T05:47:39.961Z DEBUG OSC out: /2/mute = 0
2026-08-21T05:47:39.961Z DEBUG OSC out: /1/globalMute = 0
2026-08-21T05:47:40.247Z DEBUG OSC out: /2/mute = 0
2026-08-21T05:47:40.248Z DEBUG OSC out: /1/globalMute = 0
2026-08-21T05:47:40.279Z DEBUG OSC out: /2/mute = 0
2026-08-21T05:47:40.279Z DEBUG OSC out: /1/globalMute = 0
2026-08-21T05:47:40.406Z DEBUG OSC out: /2/mute = 0
2026-08-21T05:47:40.406Z DEBUG OSC out: /1/globalMute = 0
2026-08-21T05:47:40.502Z DEBUG OSC out: /2/mute = 0
2026-08-21T05:47:40.502Z DEBUG OSC out: /1/globalMute = 0
2026-08-21T05:47:40.931Z DEBUG OSC out: /2/mute = 0
2026-08-21T05:47:40.932Z DEBUG OSC out: /1/globalMute = 0
2026-08-21T05:47:41.074Z DEBUG OSC out: /2/mute = 0
2026-08-21T05:47:41.075Z DEBUG OSC out: /1/globalMute = 0
2026-08-21T05:47:41.106Z DEBUG OSC out: /2/mute = 0
2026-08-21T05:47:41.107Z DEBUG OSC out: /1/globalMute = 0
2026-08-21T05:47:41.171Z DEBUG OSC out: /2/mute = 0
2026-08-21T05:47:41.171Z DEBUG OSC out: /1/globalMute = 0
2026-08-21T05:47:41.363Z DEBUG OSC out: /2/mute = 0
2026-08-21T05:47:41.363Z DEBUG OSC out: /1/globalMute = 0
2026-08-21T05:47:41.796Z DEBUG OSC out: /2/mute = 0
2026-08-21T05:47:41.796Z DEBUG OSC out: /1/globalMute = 0
2026-08-21T05:47:41.796Z DEBUG OSC out: /2/mute = 0
2026-08-21T05:47:41.797Z DEBUG OSC out: /1/globalMute = 0
2026-08-21T05:47:41.955Z DEBUG OSC out: /2/mute = 0
2026-08-21T05:47:41.956Z DEBUG OSC out: /1/globalMute = 0
2026-08-21T05:47:41.971Z DEBUG OSC out: /2/mute = 0
2026-08-21T05:47:41.971Z DEBUG OSC out: /1/globalMute = 0
2026-08-21T05:47:42.192Z ERROR OSC send failed: getaddrinfo ENOTFOUND 12
2026-08-21T05:47:42.192Z ERROR OSC send failed: getaddrinfo ENOTFOUND 12
2026-08-21T05:47:42.254Z DEBUG OSC out: /2/mute = 0
2026-08-21T05:47:42.254Z DEBUG OSC out: /1/globalMute = 0
2026-08-21T05:47:42.286Z DEBUG OSC out: /2/mute = 0
2026-08-21T05:47:42.286Z DEBUG OSC out: /1/globalMute = 0
2026-08-21T05:47:42.414Z DEBUG OSC out: /2/mute = 0
2026-08-21T05:47:42.414Z DEBUG OSC out: /1/globalMute = 0
2026-08-21T05:47:42.510Z DEBUG OSC out: /2/mute = 0
2026-08-21T05:47:42.511Z DEBUG OSC out: /1/globalMute = 0
2026-08-21T05:47:42.937Z DEBUG OSC out: /2/mute = 0
2026-08-21T05:47:42.938Z DEBUG OSC out: /1/globalMute = 0
2026-08-21T05:47:43.080Z DEBUG OSC out: /2/mute = 0
2026-08-21T05:47:43.080Z DEBUG OSC out: /1/globalMute = 0
2026-08-21T05:47:43.111Z DEBUG OSC out: /2/mute = 0
2026-08-21T05:47:43.111Z DEBUG OSC out: /1/globalMute = 0
2026-08-21T05:47:43.175Z DEBUG OSC out: /2/mute = 0
2026-08-21T05:47:43.176Z DEBUG OSC out: /1/globalMute = 0
2026-08-21T05:47:43.363Z DEBUG OSC out: /2/mute = 0
2026-08-21T05:47:43.364Z DEBUG OSC out: /1/globalMute = 0
2026-08-21T05:47:43.804Z DEBUG OSC out: /2/mute = 0
2026-08-21T05:47:43.805Z DEBUG OSC out: /1/globalMute = 0
2026-08-21T05:47:43.805Z DEBUG OSC out: /2/mute = 0
2026-08-21T05:47:43.805Z DEBUG OSC out: /1/globalMute = 0
2026-08-21T05:47:43.963Z DEBUG OSC out: /2/mute = 0
2026-08-21T05:47:43.964Z DEBUG OSC out: /1/globalMute = 0
2026-08-21T05:47:43.979Z DEBUG OSC out: /2/mute = 0
2026-08-21T05:47:43.980Z DEBUG OSC out: /1/globalMute = 0
2026-08-21T05:47:44.263Z DEBUG OSC out: /2/mute = 0
2026-08-21T05:47:44.263Z DEBUG OSC out: /1/globalMute = 0
2026-08-21T05:47:44.295Z DEBUG OSC out: /2/mute = 0
2026-08-21T05:47:44.295Z DEBUG OSC out: /1/globalMute = 0
2026-08-21T05:47:44.422Z DEBUG OSC out: /2/mute = 0
2026-08-21T05:47:44.422Z DEBUG OSC out: /1/globalMute = 0
2026-08-21T05:47:44.518Z DEBUG OSC out: /2/mute = 0
2026-08-21T05:47:44.518Z DEBUG OSC out: /1/globalMute = 0
2026-08-21T05:47:44.880Z ERROR OSC send failed: getaddrinfo ENOTFOUND 127
2026-08-21T05:47:44.881Z ERROR OSC send failed: getaddrinfo ENOTFOUND 127
2026-08-21T05:47:44.944Z DEBUG OSC out: /2/mute = 0
2026-08-21T05:47:44.944Z DEBUG OSC out: /1/globalMute = 0
2026-08-21T05:47:45.088Z DEBUG OSC out: /2/mute = 0
2026-08-21T05:47:45.089Z DEBUG OSC out: /1/globalMute = 0
2026-08-21T05:47:45.121Z DEBUG OSC out: /2/mute = 0
2026-08-21T05:47:45.121Z DEBUG OSC out: /1/globalMute = 0
2026-08-21T05:47:45.184Z DEBUG OSC out: /2/mute = 0
2026-08-21T05:47:45.184Z DEBUG OSC out: /1/globalMute = 0
2026-08-21T05:47:45.374Z DEBUG OSC out: /2/mute = 0
2026-08-21T05:47:45.374Z DEBUG OSC out: /1/globalMute = 0
2026-08-21T05:47:45.816Z DEBUG OSC out: /2/mute = 0
2026-08-21T05:47:45.817Z DEBUG OSC out: /1/globalMute = 0
2026-08-21T05:47:45.817Z DEBUG OSC out: /2/mute = 0
2026-08-21T05:47:45.817Z DEBUG OSC out: /1/globalMute = 0
2026-08-21T05:47:45.976Z DEBUG OSC out: /2/mute = 0
2026-08-21T05:47:45.976Z DEBUG OSC out: /1/globalMute = 0
2026-08-21T05:47:45.992Z DEBUG OSC out: /2/mute = 0
2026-08-21T05:47:45.992Z DEBUG OSC out: /1/globalMute = 0
2026-08-21T05:47:46.278Z DEBUG OSC out: /2/mute = 0
2026-08-21T05:47:46.278Z DEBUG OSC out: /1/globalMute = 0
2026-08-21T05:47:46.310Z DEBUG OSC out: /2/mute = 0
2026-08-21T05:47:46.310Z DEBUG OSC out: /1/globalMute = 0
2026-08-21T05:47:46.436Z DEBUG OSC out: /2/mute = 0
2026-08-21T05:47:46.437Z DEBUG OSC out: /1/globalMute = 0
2026-08-21T05:47:46.532Z DEBUG OSC out: /2/mute = 0
2026-08-21T05:47:46.532Z DEBUG OSC out: /1/globalMute = 0
2026-08-21T05:47:46.947Z DEBUG OSC out: /2/mute = 0
2026-08-21T05:47:46.947Z DEBUG OSC out: /1/globalMute = 0
2026-08-21T05:47:47.092Z DEBUG OSC out: /2/mute = 0
2026-08-21T05:47:47.092Z DEBUG OSC out: /1/globalMute = 0
2026-08-21T05:47:47.124Z DEBUG OSC out: /2/mute = 0
2026-08-21T05:47:47.124Z DEBUG OSC out: /1/globalMute = 0
2026-08-21T05:47:47.187Z DEBUG OSC out: /2/mute = 0
2026-08-21T05:47:47.187Z DEBUG OSC out: /1/globalMute = 0
2026-08-21T05:47:47.376Z DEBUG OSC out: /2/mute = 0
2026-08-21T05:47:47.376Z DEBUG OSC out: /1/globalMute = 0
2026-08-21T05:47:47.583Z ERROR OSC send failed: getaddrinfo ENOTFOUND 12
2026-08-21T05:47:47.584Z ERROR OSC send failed: getaddrinfo ENOTFOUND 12
2026-08-21T05:47:47.822Z DEBUG OSC out: /2/mute = 0
2026-08-21T05:47:47.822Z DEBUG OSC out: /1/globalMute = 0
2026-08-21T05:47:47.822Z DEBUG OSC out: /2/mute = 0
2026-08-21T05:47:47.823Z DEBUG OSC out: /1/globalMute = 0
2026-08-21T05:47:47.980Z DEBUG OSC out: /2/mute = 0
2026-08-21T05:47:47.980Z DEBUG OSC out: /1/globalMute = 0
2026-08-21T05:47:47.996Z DEBUG OSC out: /2/mute = 0
2026-08-21T05:47:47.996Z DEBUG OSC out: /1/globalMute = 0
2026-08-21T05:47:48.282Z DEBUG OSC out: /2/mute = 0
2026-08-21T05:47:48.282Z DEBUG OSC out: /1/globalMute = 0
2026-08-21T05:47:48.312Z DEBUG OSC out: /2/mute = 0
2026-08-21T05:47:48.313Z DEBUG OSC out: /1/globalMute = 0
2026-08-21T05:47:48.438Z DEBUG OSC out: /2/mute = 0
2026-08-21T05:47:48.439Z DEBUG OSC out: /1/globalMute = 0
2026-08-21T05:47:48.534Z DEBUG OSC out: /2/mute = 0
2026-08-21T05:47:48.535Z DEBUG OSC out: /1/globalMute = 0
2026-08-21T05:47:48.950Z DEBUG OSC out: /2/mute = 0
2026-08-21T05:47:48.950Z DEBUG OSC out: /1/globalMute = 0
2026-08-21T05:47:49.094Z DEBUG OSC out: /2/mute = 0
2026-08-21T05:47:49.095Z DEBUG OSC out: /1/globalMute = 0
2026-08-21T05:47:49.126Z DEBUG OSC out: /2/mute = 0
2026-08-21T05:47:49.126Z DEBUG OSC out: /1/globalMute = 0
2026-08-21T05:47:49.189Z DEBUG OSC out: /2/mute = 0
2026-08-21T05:47:49.190Z DEBUG OSC out: /1/globalMute = 0
2026-08-21T05:47:49.378Z DEBUG OSC out: /2/mute = 0
2026-08-21T05:47:49.378Z DEBUG OSC out: /1/globalMute = 0
2026-08-21T05:47:49.823Z DEBUG OSC out: /2/mute = 0
2026-08-21T05:47:49.824Z DEBUG OSC out: /1/globalMute = 0
2026-08-21T05:47:49.824Z DEBUG OSC out: /2/mute = 0
2026-08-21T05:47:49.824Z DEBUG OSC out: /1/globalMute = 0
2026-08-21T05:47:49.855Z ERROR OSC send failed: getaddrinfo ENOTFOUND 127
2026-08-21T05:47:49.856Z ERROR OSC send failed: getaddrinfo ENOTFOUND 127
2026-08-21T05:47:49.983Z DEBUG OSC out: /2/mute = 0
2026-08-21T05:47:49.984Z DEBUG OSC out: /1/globalMute = 0
2026-08-21T05:47:50.000Z DEBUG OSC out: /2/mute = 0
2026-08-21T05:47:50.000Z DEBUG OSC out: /1/globalMute = 0
2026-08-21T05:47:50.286Z DEBUG OSC out: /2/mute = 0
2026-08-21T05:47:50.286Z DEBUG OSC out: /1/globalMute = 0
2026-08-21T05:47:50.317Z DEBUG OSC out: /2/mute = 0
2026-08-21T05:47:50.317Z DEBUG OSC out: /1/globalMute = 0
2026-08-21T05:47:50.443Z DEBUG OSC out: /2/mute = 0
2026-08-21T05:47:50.444Z DEBUG OSC out: /1/globalMute = 0
2026-08-21T05:47:50.537Z DEBUG OSC out: /2/mute = 0
2026-08-21T05:47:50.538Z DEBUG OSC out: /1/globalMute = 0
2026-08-21T05:47:50.962Z DEBUG OSC out: /2/mute = 0
2026-08-21T05:47:50.963Z DEBUG OSC out: /1/globalMute = 0
2026-08-21T05:47:51.101Z DEBUG OSC out: /2/mute = 0
2026-08-21T05:47:51.102Z DEBUG OSC out: /1/globalMute = 0
2026-08-21T05:47:51.134Z DEBUG OSC out: /2/mute = 0
2026-08-21T05:47:51.134Z DEBUG OSC out: /1/globalMute = 0
2026-08-21T05:47:51.197Z DEBUG OSC out: /2/mute = 0
2026-08-21T05:47:51.198Z DEBUG OSC out: /1/globalMute = 0
2026-08-21T05:47:51.388Z DEBUG OSC out: /2/mute = 0
2026-08-21T05:47:51.388Z DEBUG OSC out: /1/globalMute = 0
2026-08-21T05:47:51.832Z DEBUG OSC out: /2/mute = 0
2026-08-21T05:47:51.832Z DEBUG OSC out: /1/globalMute = 0
2026-08-21T05:47:51.833Z DEBUG OSC out: /2/mute = 0
2026-08-21T05:47:51.833Z DEBUG OSC out: /1/globalMute = 0
2026-08-21T05:47:51.989Z DEBUG OSC out: /2/mute = 0
2026-08-21T05:47:51.989Z DEBUG OSC out: /1/globalMute = 0
2026-08-21T05:47:52.005Z DEBUG OSC out: /2/mute = 0
2026-08-21T05:47:52.005Z DEBUG OSC out: /1/globalMute = 0
2026-08-21T05:47:52.130Z ERROR OSC send failed: getaddrinfo ENOTFOUND 12
2026-08-21T05:47:52.131Z ERROR OSC send failed: getaddrinfo ENOTFOUND 12
2026-08-21T05:47:52.288Z DEBUG OSC out: /2/mute = 0
2026-08-21T05:47:52.288Z DEBUG OSC out: /1/globalMute = 0
2026-08-21T05:47:52.319Z DEBUG OSC out: /2/mute = 0
2026-08-21T05:47:52.319Z DEBUG OSC out: /1/globalMute = 0
2026-08-21T05:47:52.444Z DEBUG OSC out: /2/mute = 0
2026-08-21T05:47:52.445Z DEBUG OSC out: /1/globalMute = 0
2026-08-21T05:47:52.538Z DEBUG OSC out: /2/mute = 0
2026-08-21T05:47:52.539Z DEBUG OSC out: /1/globalMute = 0
2026-08-21T05:47:52.963Z DEBUG OSC out: /2/mute = 0
2026-08-21T05:47:52.964Z DEBUG OSC out: /1/globalMute = 0
2026-08-21T05:47:53.105Z DEBUG OSC out: /2/mute = 0
2026-08-21T05:47:53.105Z DEBUG OSC out: /1/globalMute = 0
2026-08-21T05:47:53.136Z DEBUG OSC out: /2/mute = 0
2026-08-21T05:47:53.136Z DEBUG OSC out: /1/globalMute = 0
2026-08-21T05:47:53.198Z DEBUG OSC out: /2/mute = 0
2026-08-21T05:47:53.199Z DEBUG OSC out: /1/globalMute = 0
2026-08-21T05:47:53.404Z DEBUG OSC out: /2/mute = 0
2026-08-21T05:47:53.404Z DEBUG OSC out: /1/globalMute = 0
2026-08-21T05:47:53.835Z DEBUG OSC out: /2/mute = 0
2026-08-21T05:47:53.835Z DEBUG OSC out: /1/globalMute = 0
2026-08-21T05:47:53.835Z DEBUG OSC out: /2/mute = 0
2026-08-21T05:47:53.836Z DEBUG OSC out: /1/globalMute = 0
2026-08-21T05:47:53.994Z DEBUG OSC out: /2/mute = 0
2026-08-21T05:47:53.994Z DEBUG OSC out: /1/globalMute = 0
2026-08-21T05:47:54.010Z DEBUG OSC out: /2/mute = 0
2026-08-21T05:47:54.010Z DEBUG OSC out: /1/globalMute = 0
2026-08-21T05:47:54.292Z DEBUG OSC out: /2/mute = 0
2026-08-21T05:47:54.292Z DEBUG OSC out: /1/globalMute = 0
2026-08-21T05:47:54.324Z DEBUG OSC out: /2/mute = 0
2026-08-21T05:47:54.324Z DEBUG OSC out: /1/globalMute = 0
2026-08-21T05:47:54.403Z ERROR OSC send failed: getaddrinfo ENOTFOUND 127
2026-08-21T05:47:54.403Z ERROR OSC send failed: getaddrinfo ENOTFOUND 127
2026-08-21T05:47:54.450Z DEBUG OSC out: /2/mute = 0
2026-08-21T05:47:54.451Z DEBUG OSC out: /1/globalMute = 0
2026-08-21T05:47:54.546Z DEBUG OSC out: /2/mute = 0
2026-08-21T05:47:54.546Z DEBUG OSC out: /1/globalMute = 0
2026-08-21T05:47:54.974Z DEBUG OSC out: /2/mute = 0
2026-08-21T05:47:54.974Z DEBUG OSC out: /1/globalMute = 0
2026-08-21T05:47:55.118Z DEBUG OSC out: /2/mute = 0
2026-08-21T05:47:55.118Z DEBUG OSC out: /1/globalMute = 0
2026-08-21T05:47:55.150Z DEBUG OSC out: /2/mute = 0
2026-08-21T05:47:55.150Z DEBUG OSC out: /1/globalMute = 0
2026-08-21T05:47:55.214Z DEBUG OSC out: /2/mute = 0
2026-08-21T05:47:55.214Z DEBUG OSC out: /1/globalMute = 0
2026-08-21T05:47:55.416Z DEBUG OSC out: /2/mute = 0
2026-08-21T05:47:55.416Z DEBUG OSC out: /1/globalMute = 0
2026-08-21T05:47:55.844Z DEBUG OSC out: /2/mute = 0
2026-08-21T05:47:55.844Z DEBUG OSC out: /1/globalMute = 0
2026-08-21T05:47:55.845Z DEBUG OSC out: /2/mute = 0
2026-08-21T05:47:55.845Z DEBUG OSC out: /1/globalMute = 0
2026-08-21T05:47:56.004Z DEBUG OSC out: /2/mute = 0
2026-08-21T05:47:56.004Z DEBUG OSC out: /1/globalMute = 0
2026-08-21T05:47:56.020Z DEBUG OSC out: /2/mute = 0
2026-08-21T05:47:56.020Z DEBUG OSC out: /1/globalMute = 0
2026-08-21T05:47:56.305Z DEBUG OSC out: /2/mute = 0
2026-08-21T05:47:56.305Z DEBUG OSC out: /1/globalMute = 0
2026-08-21T05:47:56.336Z DEBUG OSC out: /2/mute = 0
2026-08-21T05:47:56.336Z DEBUG OSC out: /1/globalMute = 0
2026-08-21T05:47:56.464Z DEBUG OSC out: /2/mute = 0
2026-08-21T05:47:56.464Z DEBUG OSC out: /1/globalMute = 0
2026-08-21T05:47:56.559Z DEBUG OSC out: /2/mute = 0
2026-08-21T05:47:56.560Z DEBUG OSC out: /1/globalMute = 0
2026-08-21T05:47:56.988Z DEBUG OSC out: /2/mute = 0
2026-08-21T05:47:56.988Z DEBUG OSC out: /1/globalMute = 0
2026-08-21T05:47:57.100Z ERROR OSC send failed: getaddrinfo ENOTFOUND 12
2026-08-21T05:47:57.100Z ERROR OSC send failed: getaddrinfo ENOTFOUND 12
2026-08-21T05:47:57.131Z DEBUG OSC out: /2/mute = 0
2026-08-21T05:47:57.131Z DEBUG OSC out: /1/globalMute = 0
2026-08-21T05:47:57.162Z DEBUG OSC out: /2/mute = 0
2026-08-21T05:47:57.162Z DEBUG OSC out: /1/globalMute = 0
2026-08-21T05:47:57.226Z DEBUG OSC out: /2/mute = 0
2026-08-21T05:47:57.227Z DEBUG OSC out: /1/globalMute = 0
2026-08-21T05:47:57.431Z DEBUG OSC out: /2/mute = 0
2026-08-21T05:47:57.432Z DEBUG OSC out: /1/globalMute = 0
2026-08-21T05:47:57.844Z DEBUG OSC out: /2/mute = 0
2026-08-21T05:47:57.845Z DEBUG OSC out: /1/globalMute = 0
2026-08-21T05:47:57.845Z DEBUG OSC out: /2/mute = 0
2026-08-21T05:47:57.845Z DEBUG OSC out: /1/globalMute = 0
2026-08-21T05:47:58.016Z DEBUG OSC out: /2/mute = 0
2026-08-21T05:47:58.017Z DEBUG OSC out: /1/globalMute = 0
2026-08-21T05:47:58.032Z DEBUG OSC out: /2/mute = 0
2026-08-21T05:47:58.032Z DEBUG OSC out: /1/globalMute = 0
2026-08-21T05:47:58.315Z DEBUG OSC out: /2/mute = 0
2026-08-21T05:47:58.316Z DEBUG OSC out: /1/globalMute = 0
2026-08-21T05:47:58.346Z DEBUG OSC out: /2/mute = 0
2026-08-21T05:47:58.347Z DEBUG OSC out: /1/globalMute = 0
2026-08-21T05:47:58.475Z DEBUG OSC out: /2/mute = 0
2026-08-21T05:47:58.475Z DEBUG OSC out: /1/globalMute = 0
2026-08-21T05:47:58.571Z DEBUG OSC out: /2/mute = 0
2026-08-21T05:47:58.571Z DEBUG OSC out: /1/globalMute = 0
2026-08-21T05:47:58.999Z DEBUG OSC out: /2/mute = 0
2026-08-21T05:47:59.000Z DEBUG OSC out: /1/globalMute = 0
2026-08-21T05:47:59.142Z DEBUG OSC out: /2/mute = 0
2026-08-21T05:47:59.142Z DEBUG OSC out: /1/globalMute = 0
2026-08-21T05:47:59.174Z DEBUG OSC out: /2/mute = 0
2026-08-21T05:47:59.174Z DEBUG OSC out: /1/globalMute = 0
2026-08-21T05:47:59.236Z DEBUG OSC out: /2/mute = 0
2026-08-21T05:47:59.236Z DEBUG OSC out: /1/globalMute = 0
2026-08-21T05:47:59.442Z DEBUG OSC out: /2/mute = 0
2026-08-21T05:47:59.443Z DEBUG OSC out: /1/globalMute = 0
2026-08-21T05:47:59.808Z ERROR OSC send failed: getaddrinfo ENOTFOUND 127
2026-08-21T05:47:59.809Z ERROR OSC send failed: getaddrinfo ENOTFOUND 127
2026-08-21T05:47:59.855Z DEBUG OSC out: /2/mute = 0
2026-08-21T05:47:59.856Z DEBUG OSC out: /1/globalMute = 0
2026-08-21T05:47:59.856Z DEBUG OSC out: /2/mute = 0
2026-08-21T05:47:59.857Z DEBUG OSC out: /1/globalMute = 0
2026-08-21T05:48:00.031Z DEBUG OSC out: /2/mute = 0
2026-08-21T05:48:00.031Z DEBUG OSC out: /1/globalMute = 0
2026-08-21T05:48:00.032Z DEBUG OSC out: /2/mute = 0
2026-08-21T05:48:00.032Z DEBUG OSC out: /1/globalMute = 0
2026-08-21T05:48:00.329Z DEBUG OSC out: /2/mute = 0
2026-08-21T05:48:00.330Z DEBUG OSC out: /1/globalMute = 0
2026-08-21T05:48:00.361Z DEBUG OSC out: /2/mute = 0
2026-08-21T05:48:00.361Z DEBUG OSC out: /1/globalMute = 0
2026-08-21T05:48:00.489Z DEBUG OSC out: /2/mute = 0
2026-08-21T05:48:00.489Z DEBUG OSC out: /1/globalMute = 0
2026-08-21T05:48:00.583Z DEBUG OSC out: /2/mute = 0
2026-08-21T05:48:00.584Z DEBUG OSC out: /1/globalMute = 0
2026-08-21T05:48:01.012Z DEBUG OSC out: /2/mute = 0
2026-08-21T05:48:01.012Z DEBUG OSC out: /1/globalMute = 0
2026-08-21T05:48:01.156Z DEBUG OSC out: /2/mute = 0
2026-08-21T05:48:01.156Z DEBUG OSC out: /1/globalMute = 0
2026-08-21T05:48:01.188Z DEBUG OSC out: /2/mute = 0
2026-08-21T05:48:01.188Z DEBUG OSC out: /1/globalMute = 0
2026-08-21T05:48:01.235Z DEBUG OSC out: /2/mute = 0
2026-08-21T05:48:01.236Z DEBUG OSC out: /1/globalMute = 0
2026-08-21T05:48:01.442Z DEBUG OSC out: /2/mute = 0
2026-08-21T05:48:01.442Z DEBUG OSC out: /1/globalMute = 0
2026-08-21T05:48:01.856Z DEBUG OSC out: /2/mute = 0
2026-08-21T05:48:01.856Z DEBUG OSC out: /1/globalMute = 0
2026-08-21T05:48:01.856Z DEBUG OSC out: /2/mute = 0
2026-08-21T05:48:01.857Z DEBUG OSC out: /1/globalMute = 0
2026-08-21T05:48:02.047Z DEBUG OSC out: /2/mute = 0
2026-08-21T05:48:02.047Z DEBUG OSC out: /1/globalMute = 0
2026-08-21T05:48:02.047Z DEBUG OSC out: /2/mute = 0
2026-08-21T05:48:02.048Z DEBUG OSC out: /1/globalMute = 0
2026-08-21T05:48:02.095Z ERROR OSC send failed: getaddrinfo ENOTFOUND 12
2026-08-21T05:48:02.095Z ERROR OSC send failed: getaddrinfo ENOTFOUND 12
2026-08-21T05:48:02.335Z DEBUG OSC out: /2/mute = 0
2026-08-21T05:48:02.335Z DEBUG OSC out: /1/globalMute = 0
2026-08-21T05:48:02.366Z DEBUG OSC out: /2/mute = 0
2026-08-21T05:48:02.367Z DEBUG OSC out: /1/globalMute = 0
2026-08-21T05:48:02.493Z DEBUG OSC out: /2/mute = 0
2026-08-21T05:48:02.497Z DEBUG OSC out: /1/globalMute = 0
2026-08-21T05:48:02.589Z DEBUG OSC out: /2/mute = 0
2026-08-21T05:48:02.590Z DEBUG OSC out: /1/globalMute = 0
2026-08-21T05:48:03.021Z DEBUG OSC out: /2/mute = 0
2026-08-21T05:48:03.021Z DEBUG OSC out: /1/globalMute = 0
2026-08-21T05:48:03.165Z DEBUG OSC out: /2/mute = 0
2026-08-21T05:48:03.165Z DEBUG OSC out: /1/globalMute = 0
2026-08-21T05:48:03.197Z DEBUG OSC out: /2/mute = 0
2026-08-21T05:48:03.197Z DEBUG OSC out: /1/globalMute = 0
2026-08-21T05:48:03.243Z DEBUG OSC out: /2/mute = 0
2026-08-21T05:48:03.244Z DEBUG OSC out: /1/globalMute = 0
2026-08-21T05:48:03.449Z DEBUG OSC out: /2/mute = 0
2026-08-21T05:48:03.449Z DEBUG OSC out: /1/globalMute = 0
2026-08-21T05:48:03.861Z DEBUG OSC out: /2/mute = 0
2026-08-21T05:48:03.862Z DEBUG OSC out: /1/globalMute = 0
2026-08-21T05:48:03.862Z DEBUG OSC out: /2/mute = 0
2026-08-21T05:48:03.862Z DEBUG OSC out: /1/globalMute = 0
2026-08-21T05:48:04.051Z DEBUG OSC out: /2/mute = 0
2026-08-21T05:48:04.051Z DEBUG OSC out: /1/globalMute = 0
2026-08-21T05:48:04.052Z DEBUG OSC out: /2/mute = 0
2026-08-21T05:48:04.052Z DEBUG OSC out: /1/globalMute = 0
2026-08-21T05:48:04.349Z DEBUG OSC out: /2/mute = 0
2026-08-21T05:48:04.349Z DEBUG OSC out: /1/globalMute = 0
2026-08-21T05:48:04.381Z DEBUG OSC out: /2/mute = 0
2026-08-21T05:48:04.381Z DEBUG OSC out: /1/globalMute = 0
2026-08-21T05:48:04.382Z ERROR OSC send failed: getaddrinfo ENOTFOUND 127
2026-08-21T05:48:04.382Z ERROR OSC send failed: getaddrinfo ENOTFOUND 127
2026-08-21T05:48:04.506Z DEBUG OSC out: /2/mute = 0
2026-08-21T05:48:04.506Z DEBUG OSC out: /1/globalMute = 0
2026-08-21T05:48:04.600Z DEBUG OSC out: /2/mute = 0
2026-08-21T05:48:04.601Z DEBUG OSC out: /1/globalMute = 0
2026-08-21T05:48:05.028Z DEBUG OSC out: /2/mute = 0
2026-08-21T05:48:05.029Z DEBUG OSC out: /1/globalMute = 0
2026-08-21T05:48:05.172Z DEBUG OSC out: /2/mute = 0
2026-08-21T05:48:05.172Z DEBUG OSC out: /1/globalMute = 0
2026-08-21T05:48:05.204Z DEBUG OSC out: /2/mute = 0
2026-08-21T05:48:05.205Z DEBUG OSC out: /1/globalMute = 0
2026-08-21T05:48:05.250Z DEBUG OSC out: /2/mute = 0
2026-08-21T05:48:05.251Z DEBUG OSC out: /1/globalMute = 0
2026-08-21T05:48:05.455Z DEBUG OSC out: /2/mute = 0
2026-08-21T05:48:05.455Z DEBUG OSC out: /1/globalMute = 0
2026-08-21T05:48:05.868Z DEBUG OSC out: /2/mute = 0
2026-08-21T05:48:05.868Z DEBUG OSC out: /1/globalMute = 0
2026-08-21T05:48:05.869Z DEBUG OSC out: /2/mute = 0
2026-08-21T05:48:05.869Z DEBUG OSC out: /1/globalMute = 0
2026-08-21T05:48:06.058Z DEBUG OSC out: /2/mute = 0
2026-08-21T05:48:06.058Z DEBUG OSC out: /1/globalMute = 0
2026-08-21T05:48:06.059Z DEBUG OSC out: /2/mute = 0
2026-08-21T05:48:06.059Z DEBUG OSC out: /1/globalMute = 0
2026-08-21T05:48:06.360Z DEBUG OSC out: /2/mute = 0
2026-08-21T05:48:06.361Z DEBUG OSC out: /1/globalMute = 0
2026-08-21T05:48:06.392Z DEBUG OSC out: /2/mute = 0
2026-08-21T05:48:06.393Z DEBUG OSC out: /1/globalMute = 0
2026-08-21T05:48:06.521Z DEBUG OSC out: /2/mute = 0
2026-08-21T05:48:06.521Z DEBUG OSC out: /1/globalMute = 0
2026-08-21T05:48:06.600Z DEBUG OSC out: /2/mute = 0
2026-08-21T05:48:06.600Z DEBUG OSC out: /1/globalMute = 0
2026-08-21T05:48:07.044Z DEBUG OSC out: /2/mute = 0
2026-08-21T05:48:07.044Z DEBUG OSC out: /1/globalMute = 0
2026-08-21T05:48:07.092Z ERROR OSC send failed: getaddrinfo ENOTFOUND 12
2026-08-21T05:48:07.092Z ERROR OSC send failed: getaddrinfo ENOTFOUND 12
2026-08-21T05:48:07.188Z DEBUG OSC out: /2/mute = 0
2026-08-21T05:48:07.189Z DEBUG OSC out: /1/globalMute = 0
2026-08-21T05:48:07.219Z DEBUG OSC out: /2/mute = 0
2026-08-21T05:48:07.220Z DEBUG OSC out: /1/globalMute = 0
2026-08-21T05:48:07.266Z DEBUG OSC out: /2/mute = 0
2026-08-21T05:48:07.266Z DEBUG OSC out: /1/globalMute = 0
2026-08-21T05:48:07.457Z DEBUG OSC out: /2/mute = 0
2026-08-21T05:48:07.458Z DEBUG OSC out: /1/globalMute = 0
2026-08-21T05:48:07.882Z DEBUG OSC out: /2/mute = 0
2026-08-21T05:48:07.882Z DEBUG OSC out: /1/globalMute = 0
2026-08-21T05:48:07.882Z DEBUG OSC out: /2/mute = 0
2026-08-21T05:48:07.882Z DEBUG OSC out: /1/globalMute = 0
2026-08-21T05:48:08.074Z DEBUG OSC out: /2/mute = 0
2026-08-21T05:48:08.074Z DEBUG OSC out: /1/globalMute = 0
2026-08-21T05:48:08.074Z DEBUG OSC out: /2/mute = 0
2026-08-21T05:48:08.075Z DEBUG OSC out: /1/globalMute = 0
2026-08-21T05:48:08.361Z DEBUG OSC out: /2/mute = 0
2026-08-21T05:48:08.361Z DEBUG OSC out: /1/globalMute = 0
2026-08-21T05:48:08.393Z DEBUG OSC out: /2/mute = 0
2026-08-21T05:48:08.393Z DEBUG OSC out: /1/globalMute = 0
2026-08-21T05:48:08.521Z DEBUG OSC out: /2/mute = 0
2026-08-21T05:48:08.521Z DEBUG OSC out: /1/globalMute = 0
2026-08-21T05:48:08.601Z DEBUG OSC out: /2/mute = 0
2026-08-21T05:48:08.602Z DEBUG OSC out: /1/globalMute = 0
2026-08-21T05:48:09.046Z DEBUG OSC out: /2/mute = 0
2026-08-21T05:48:09.047Z DEBUG OSC out: /1/globalMute = 0
2026-08-21T05:48:09.190Z DEBUG OSC out: /2/mute = 0
2026-08-21T05:48:09.191Z DEBUG OSC out: /1/globalMute = 0
2026-08-21T05:48:09.222Z DEBUG OSC out: /2/mute = 0
2026-08-21T05:48:09.223Z DEBUG OSC out: /1/globalMute = 0
2026-08-21T05:48:09.269Z DEBUG OSC out: /2/mute = 0
2026-08-21T05:48:09.269Z DEBUG OSC out: /1/globalMute = 0
2026-08-21T05:48:09.460Z DEBUG OSC out: /2/mute = 0
2026-08-21T05:48:09.461Z DEBUG OSC out: /1/globalMute = 0
2026-08-21T05:48:09.794Z ERROR OSC send failed: getaddrinfo ENOTFOUND 127
2026-08-21T05:48:09.808Z ERROR OSC send failed: getaddrinfo ENOTFOUND 127
2026-08-21T05:48:09.888Z DEBUG OSC out: /2/mute = 0
2026-08-21T05:48:09.888Z DEBUG OSC out: /1/globalMute = 0
2026-08-21T05:48:09.889Z DEBUG OSC out: /2/mute = 0
2026-08-21T05:48:09.889Z DEBUG OSC out: /1/globalMute = 0
2026-08-21T05:48:10.079Z DEBUG OSC out: /2/mute = 0
2026-08-21T05:48:10.080Z DEBUG OSC out: /1/globalMute = 0
2026-08-21T05:48:10.080Z DEBUG OSC out: /2/mute = 0
2026-08-21T05:48:10.081Z DEBUG OSC out: /1/globalMute = 0
2026-08-21T05:48:10.366Z DEBUG OSC out: /2/mute = 0
2026-08-21T05:48:10.366Z DEBUG OSC out: /1/globalMute = 0
2026-08-21T05:48:10.398Z DEBUG OSC out: /2/mute = 0
2026-08-21T05:48:10.398Z DEBUG OSC out: /1/globalMute = 0
2026-08-21T05:48:10.522Z DEBUG OSC out: /2/mute = 0
2026-08-21T05:48:10.523Z DEBUG OSC out: /1/globalMute = 0
2026-08-21T05:48:10.602Z DEBUG OSC out: /2/mute = 0
2026-08-21T05:48:10.602Z DEBUG OSC out: /1/globalMute = 0
2026-08-21T05:48:11.059Z DEBUG OSC out: /2/mute = 0
2026-08-21T05:48:11.059Z DEBUG OSC out: /1/globalMute = 0
2026-08-21T05:48:11.203Z DEBUG OSC out: /2/mute = 0
2026-08-21T05:48:11.203Z DEBUG OSC out: /1/globalMute = 0
2026-08-21T05:48:11.234Z DEBUG OSC out: /2/mute = 0
2026-08-21T05:48:11.235Z DEBUG OSC out: /1/globalMute = 0
2026-08-21T05:48:11.281Z DEBUG OSC out: /2/mute = 0
2026-08-21T05:48:11.281Z DEBUG OSC out: /1/globalMute = 0
2026-08-21T05:48:11.472Z DEBUG OSC out: /2/mute = 0
2026-08-21T05:48:11.472Z DEBUG OSC out: /1/globalMute = 0
2026-08-21T05:48:11.903Z DEBUG OSC out: /2/mute = 0
2026-08-21T05:48:11.903Z DEBUG OSC out: /1/globalMute = 0
2026-08-21T05:48:11.904Z DEBUG OSC out: /2/mute = 0
2026-08-21T05:48:11.904Z DEBUG OSC out: /1/globalMute = 0
2026-08-21T05:48:12.076Z ERROR OSC send failed: getaddrinfo ENOTFOUND 12
2026-08-21T05:48:12.092Z DEBUG OSC out: /2/mute = 0
2026-08-21T05:48:12.092Z DEBUG OSC out: /1/globalMute = 0
2026-08-21T05:48:12.093Z DEBUG OSC out: /2/mute = 0
2026-08-21T05:48:12.093Z DEBUG OSC out: /1/globalMute = 0
2026-08-21T05:48:12.093Z ERROR OSC send failed: getaddrinfo ENOTFOUND 12
2026-08-21T05:48:12.380Z DEBUG OSC out: /2/mute = 0
2026-08-21T05:48:12.380Z DEBUG OSC out: /1/globalMute = 0
2026-08-21T05:48:12.412Z DEBUG OSC out: /2/mute = 0
2026-08-21T05:48:12.412Z DEBUG OSC out: /1/globalMute = 0
2026-08-21T05:48:12.523Z DEBUG OSC out: /2/mute = 0
2026-08-21T05:48:12.523Z DEBUG OSC out: /1/globalMute = 0
2026-08-21T05:48:12.603Z DEBUG OSC out: /2/mute = 0
2026-08-21T05:48:12.603Z DEBUG OSC out: /1/globalMute = 0
2026-08-21T05:48:13.063Z DEBUG OSC out: /2/mute = 0
2026-08-21T05:48:13.063Z DEBUG OSC out: /1/globalMute = 0
2026-08-21T05:48:13.207Z DEBUG OSC out: /2/mute = 0
2026-08-21T05:48:13.207Z DEBUG OSC out: /1/globalMute = 0
2026-08-21T05:48:13.238Z DEBUG OSC out: /2/mute = 0
2026-08-21T05:48:13.239Z DEBUG OSC out: /1/globalMute = 0
2026-08-21T05:48:13.286Z DEBUG OSC out: /2/mute = 0
2026-08-21T05:48:13.287Z DEBUG OSC out: /1/globalMute = 0
2026-08-21T05:48:13.478Z DEBUG OSC out: /2/mute = 0
2026-08-21T05:48:13.478Z DEBUG OSC out: /1/globalMute = 0
2026-08-21T05:48:13.907Z DEBUG OSC out: /2/mute = 0
2026-08-21T05:48:13.907Z DEBUG OSC out: /1/globalMute = 0
2026-08-21T05:48:13.907Z DEBUG OSC out: /2/mute = 0
2026-08-21T05:48:13.908Z DEBUG OSC out: /1/globalMute = 0
2026-08-21T05:48:14.096Z DEBUG OSC out: /2/mute = 0
2026-08-21T05:48:14.097Z DEBUG OSC out: /1/globalMute = 0
2026-08-21T05:48:14.097Z DEBUG OSC out: /2/mute = 0
2026-08-21T05:48:14.097Z DEBUG OSC out: /1/globalMute = 0
2026-08-21T05:48:14.365Z ERROR OSC send failed: getaddrinfo ENOTFOUND 127
2026-08-21T05:48:14.366Z ERROR OSC send failed: getaddrinfo ENOTFOUND 127
2026-08-21T05:48:14.380Z DEBUG OSC out: /2/mute = 0
2026-08-21T05:48:14.380Z DEBUG OSC out: /1/globalMute = 0
2026-08-21T05:48:14.411Z DEBUG OSC out: /2/mute = 0
2026-08-21T05:48:14.411Z DEBUG OSC out: /1/globalMute = 0
2026-08-21T05:48:14.523Z DEBUG OSC out: /2/mute = 0
2026-08-21T05:48:14.524Z DEBUG OSC out: /1/globalMute = 0
2026-08-21T05:48:14.618Z DEBUG OSC out: /2/mute = 0
2026-08-21T05:48:14.618Z DEBUG OSC out: /1/globalMute = 0
2026-08-21T05:48:15.077Z DEBUG OSC out: /2/mute = 0
2026-08-21T05:48:15.077Z DEBUG OSC out: /1/globalMute = 0
2026-08-21T05:48:15.219Z DEBUG OSC out: /2/mute = 0
2026-08-21T05:48:15.219Z DEBUG OSC out: /1/globalMute = 0
2026-08-21T05:48:15.250Z DEBUG OSC out: /2/mute = 0
2026-08-21T05:48:15.250Z DEBUG OSC out: /1/globalMute = 0
2026-08-21T05:48:15.298Z DEBUG OSC out: /2/mute = 0
2026-08-21T05:48:15.298Z DEBUG OSC out: /1/globalMute = 0
2026-08-21T05:48:15.487Z DEBUG OSC out: /2/mute = 0
2026-08-21T05:48:15.487Z DEBUG OSC out: /1/globalMute = 0
2026-08-21T05:48:15.917Z DEBUG OSC out: /2/mute = 0
2026-08-21T05:48:15.917Z DEBUG OSC out: /1/globalMute = 0
2026-08-21T05:48:15.917Z DEBUG OSC out: /2/mute = 0
2026-08-21T05:48:15.918Z DEBUG OSC out: /1/globalMute = 0
2026-08-21T05:48:16.106Z DEBUG OSC out: /2/mute = 0
2026-08-21T05:48:16.107Z DEBUG OSC out: /1/globalMute = 0
2026-08-21T05:48:16.107Z DEBUG OSC out: /2/mute = 0
2026-08-21T05:48:16.107Z DEBUG OSC out: /1/globalMute = 0
2026-08-21T05:48:16.393Z DEBUG OSC out: /2/mute = 0
2026-08-21T05:48:16.393Z DEBUG OSC out: /1/globalMute = 0
2026-08-21T05:48:16.425Z DEBUG OSC out: /2/mute = 0
2026-08-21T05:48:16.425Z DEBUG OSC out: /1/globalMute = 0
2026-08-21T05:48:16.534Z DEBUG OSC out: /2/mute = 0
2026-08-21T05:48:16.535Z DEBUG OSC out: /1/globalMute = 0
2026-08-21T05:48:16.630Z DEBUG OSC out: /2/mute = 0
2026-08-21T05:48:16.631Z DEBUG OSC out: /1/globalMute = 0
2026-08-21T05:48:16.646Z ERROR OSC send failed: getaddrinfo ENOTFOUND 127
2026-08-21T05:48:16.646Z ERROR OSC send failed: getaddrinfo ENOTFOUND 127
2026-08-21T05:48:17.091Z DEBUG OSC out: /2/mute = 0
2026-08-21T05:48:17.091Z DEBUG OSC out: /1/globalMute = 0
2026-08-21T05:48:17.232Z DEBUG OSC out: /2/mute = 0
2026-08-21T05:48:17.232Z DEBUG OSC out: /1/globalMute = 0
2026-08-21T05:48:17.263Z DEBUG OSC out: /2/mute = 0
2026-08-21T05:48:17.263Z DEBUG OSC out: /1/globalMute = 0
2026-08-21T05:48:17.310Z DEBUG OSC out: /2/mute = 0
2026-08-21T05:48:17.311Z DEBUG OSC out: /1/globalMute = 0
2026-08-21T05:48:17.502Z DEBUG OSC out: /2/mute = 0
2026-08-21T05:48:17.503Z DEBUG OSC out: /1/globalMute = 0
2026-08-21T05:48:17.931Z DEBUG OSC out: /2/mute = 0
2026-08-21T05:48:17.931Z DEBUG OSC out: /1/globalMute = 0
2026-08-21T05:48:17.932Z DEBUG OSC out: /2/mute = 0
2026-08-21T05:48:17.932Z DEBUG OSC out: /1/globalMute = 0
2026-08-21T05:48:18.122Z DEBUG OSC out: /2/mute = 0
2026-08-21T05:48:18.122Z DEBUG OSC out: /1/globalMute = 0
2026-08-21T05:48:18.122Z DEBUG OSC out: /2/mute = 0
2026-08-21T05:48:18.123Z DEBUG OSC out: /1/globalMute = 0
2026-08-21T05:48:18.406Z DEBUG OSC out: /2/mute = 0
2026-08-21T05:48:18.407Z DEBUG OSC out: /1/globalMute = 0
2026-08-21T05:48:18.438Z DEBUG OSC out: /2/mute = 0
2026-08-21T05:48:18.438Z DEBUG OSC out: /1/globalMute = 0
2026-08-21T05:48:18.548Z DEBUG OSC out: /2/mute = 0
2026-08-21T05:48:18.548Z DEBUG OSC out: /1/globalMute = 0
2026-08-21T05:48:18.643Z DEBUG OSC out: /2/mute = 0
2026-08-21T05:48:18.643Z DEBUG OSC out: /1/globalMute = 0
2026-08-21T05:48:19.091Z DEBUG OSC out: /2/mute = 0
2026-08-21T05:48:19.092Z DEBUG OSC out: /1/globalMute = 0
2026-08-21T05:48:19.235Z DEBUG OSC out: /2/mute = 0
2026-08-21T05:48:19.236Z DEBUG OSC out: /1/globalMute = 0
2026-08-21T05:48:19.267Z DEBUG OSC out: /2/mute = 0
2026-08-21T05:48:19.267Z DEBUG OSC out: /1/globalMute = 0
2026-08-21T05:48:19.315Z DEBUG OSC out: /2/mute = 0
2026-08-21T05:48:19.315Z DEBUG OSC out: /1/globalMute = 0
2026-08-21T05:48:19.346Z ERROR OSC send failed: getaddrinfo ENOTFOUND 12
2026-08-21T05:48:19.347Z ERROR OSC send failed: getaddrinfo ENOTFOUND 12
2026-08-21T05:48:19.351Z ERROR OSC send failed: getaddrinfo ENOTFOUND 127.0.
2026-08-21T05:48:19.352Z ERROR OSC send failed: getaddrinfo ENOTFOUND 127.0.
2026-08-21T05:48:19.505Z DEBUG OSC out: /2/mute = 0
2026-08-21T05:48:19.506Z DEBUG OSC out: /1/globalMute = 0
2026-08-21T05:48:19.933Z DEBUG OSC out: /2/mute = 0
2026-08-21T05:48:19.934Z DEBUG OSC out: /1/globalMute = 0
2026-08-21T05:48:19.934Z DEBUG OSC out: /2/mute = 0
2026-08-21T05:48:19.934Z DEBUG OSC out: /1/globalMute = 0
2026-08-21T05:48:20.124Z DEBUG OSC out: /2/mute = 0
2026-08-21T05:48:20.124Z DEBUG OSC out: /1/globalMute = 0
2026-08-21T05:48:20.124Z DEBUG OSC out: /2/mute = 0
2026-08-21T05:48:20.125Z DEBUG OSC out: /1/globalMute = 0
2026-08-21T05:48:20.408Z DEBUG OSC out: /2/mute = 0
2026-08-21T05:48:20.408Z DEBUG OSC out: /1/globalMute = 0
2026-08-21T05:48:20.439Z DEBUG OSC out: /2/mute = 0
2026-08-21T05:48:20.440Z DEBUG OSC out: /1/globalMute = 0
2026-08-21T05:48:20.552Z DEBUG OSC out: /2/mute = 0
2026-08-21T05:48:20.552Z DEBUG OSC out: /1/globalMute = 0
2026-08-21T05:48:20.648Z DEBUG OSC out: /2/mute = 0
2026-08-21T05:48:20.648Z DEBUG OSC out: /1/globalMute = 0
2026-08-21T05:48:21.094Z DEBUG OSC out: /2/mute = 0
2026-08-21T05:48:21.094Z DEBUG OSC out: /1/globalMute = 0
2026-08-21T05:48:21.236Z DEBUG OSC out: /2/mute = 0
2026-08-21T05:48:21.237Z DEBUG OSC out: /1/globalMute = 0
2026-08-21T05:48:21.268Z DEBUG OSC out: /2/mute = 0
2026-08-21T05:48:21.268Z DEBUG OSC out: /1/globalMute = 0
2026-08-21T05:48:21.316Z DEBUG OSC out: /2/mute = 0
2026-08-21T05:48:21.316Z DEBUG OSC out: /1/globalMute = 0
2026-08-21T05:48:21.507Z DEBUG OSC out: /2/mute = 0
2026-08-21T05:48:21.508Z DEBUG OSC out: /1/globalMute = 0
2026-08-21T05:48:21.938Z DEBUG OSC out: /2/mute = 0
2026-08-21T05:48:21.938Z DEBUG OSC out: /1/globalMute = 0
2026-08-21T05:48:21.938Z DEBUG OSC out: /2/mute = 0
2026-08-21T05:48:21.939Z DEBUG OSC out: /1/globalMute = 0
2026-08-21T05:48:22.051Z ERROR OSC send failed: getaddrinfo ENOTFOUND 127
2026-08-21T05:48:22.051Z ERROR OSC send failed: getaddrinfo ENOTFOUND 127
2026-08-21T05:48:22.052Z ERROR OSC send failed: getaddrinfo ENOTFOUND 127.0.0
2026-08-21T05:48:22.052Z ERROR OSC send failed: getaddrinfo ENOTFOUND 127.0.0
2026-08-21T05:48:22.058Z ERROR OSC send failed: getaddrinfo ENOTFOUND 127.0.0.
2026-08-21T05:48:22.058Z ERROR OSC send failed: getaddrinfo ENOTFOUND 127.0.0.
2026-08-21T05:48:22.130Z DEBUG OSC out: /2/mute = 0
2026-08-21T05:48:22.130Z DEBUG OSC out: /1/globalMute = 0
2026-08-21T05:48:22.131Z DEBUG OSC out: /2/mute = 0
2026-08-21T05:48:22.131Z DEBUG OSC out: /1/globalMute = 0
2026-08-21T05:48:22.414Z DEBUG OSC out: /2/mute = 0
2026-08-21T05:48:22.414Z DEBUG OSC out: /1/globalMute = 0
2026-08-21T05:48:22.445Z DEBUG OSC out: /2/mute = 0
2026-08-21T05:48:22.445Z DEBUG OSC out: /1/globalMute = 0
2026-08-21T05:48:22.556Z DEBUG OSC out: /2/mute = 0
2026-08-21T05:48:22.556Z DEBUG OSC out: /1/globalMute = 0
2026-08-21T05:48:22.651Z DEBUG OSC out: /2/mute = 0
2026-08-21T05:48:22.652Z DEBUG OSC out: /1/globalMute = 0
2026-08-21T05:48:23.097Z DEBUG OSC out: /2/mute = 0
2026-08-21T05:48:23.097Z DEBUG OSC out: /1/globalMute = 0
2026-08-21T05:48:23.238Z DEBUG OSC out: /2/mute = 0
2026-08-21T05:48:23.239Z DEBUG OSC out: /1/globalMute = 0
2026-08-21T05:48:23.270Z DEBUG OSC out: /2/mute = 0
2026-08-21T05:48:23.270Z DEBUG OSC out: /1/globalMute = 0
2026-08-21T05:48:23.318Z DEBUG OSC out: /2/mute = 0
2026-08-21T05:48:23.318Z DEBUG OSC out: /1/globalMute = 0
2026-08-21T05:48:23.509Z DEBUG OSC out: /2/mute = 0
2026-08-21T05:48:23.510Z DEBUG OSC out: /1/globalMute = 0
2026-08-21T05:48:23.939Z DEBUG OSC out: /2/mute = 0
2026-08-21T05:48:23.940Z DEBUG OSC out: /1/globalMute = 0
2026-08-21T05:48:23.940Z DEBUG OSC out: /2/mute = 0
2026-08-21T05:48:23.941Z DEBUG OSC out: /1/globalMute = 0
2026-08-21T05:48:24.133Z DEBUG OSC out: /2/mute = 0
2026-08-21T05:48:24.133Z DEBUG OSC out: /1/globalMute = 0
2026-08-21T05:48:24.134Z DEBUG OSC out: /2/mute = 0
2026-08-21T05:48:24.134Z DEBUG OSC out: /1/globalMute = 0
2026-08-21T05:48:24.339Z ERROR OSC send failed: getaddrinfo ENOTFOUND 127
2026-08-21T05:48:24.355Z ERROR OSC send failed: getaddrinfo ENOTFOUND 127
2026-08-21T05:48:24.419Z DEBUG OSC out: /2/mute = 0
2026-08-21T05:48:24.419Z DEBUG OSC out: /1/globalMute = 0
2026-08-21T05:48:24.450Z DEBUG OSC out: /2/mute = 0
2026-08-21T05:48:24.450Z DEBUG OSC out: /1/globalMute = 0
2026-08-21T05:48:24.562Z DEBUG OSC out: /2/mute = 0
2026-08-21T05:48:24.562Z DEBUG OSC out: /1/globalMute = 0
2026-08-21T05:48:24.659Z DEBUG OSC out: /2/mute = 0
2026-08-21T05:48:24.659Z DEBUG OSC out: /1/globalMute = 0
2026-08-21T05:48:25.107Z DEBUG OSC out: /2/mute = 0
2026-08-21T05:48:25.108Z DEBUG OSC out: /1/globalMute = 0
2026-08-21T05:48:25.250Z DEBUG OSC out: /2/mute = 0
2026-08-21T05:48:25.251Z DEBUG OSC out: /1/globalMute = 0
2026-08-21T05:48:25.281Z DEBUG OSC out: /2/mute = 0
2026-08-21T05:48:25.282Z DEBUG OSC out: /1/globalMute = 0
2026-08-21T05:48:25.328Z DEBUG OSC out: /2/mute = 0
2026-08-21T05:48:25.328Z DEBUG OSC out: /1/globalMute = 0
2026-08-21T05:48:25.518Z DEBUG OSC out: /2/mute = 0
2026-08-21T05:48:25.519Z DEBUG OSC out: /1/globalMute = 0
2026-08-21T05:48:25.949Z DEBUG OSC out: /2/mute = 0
2026-08-21T05:48:25.949Z DEBUG OSC out: /1/globalMute = 0
2026-08-21T05:48:25.949Z DEBUG OSC out: /2/mute = 0
2026-08-21T05:48:25.950Z DEBUG OSC out: /1/globalMute = 0
2026-08-21T05:48:26.138Z DEBUG OSC out: /2/mute = 0
2026-08-21T05:48:26.138Z DEBUG OSC out: /1/globalMute = 0
2026-08-21T05:48:26.139Z DEBUG OSC out: /2/mute = 0
2026-08-21T05:48:26.139Z DEBUG OSC out: /1/globalMute = 0
2026-08-21T05:48:26.421Z DEBUG OSC out: /2/mute = 0
2026-08-21T05:48:26.421Z DEBUG OSC out: /1/globalMute = 0
2026-08-21T05:48:26.453Z DEBUG OSC out: /2/mute = 0
2026-08-21T05:48:26.453Z DEBUG OSC out: /1/globalMute = 0
2026-08-21T05:48:26.564Z DEBUG OSC out: /2/mute = 0
2026-08-21T05:48:26.564Z DEBUG OSC out: /1/globalMute = 0
2026-08-21T05:48:26.660Z DEBUG OSC out: /2/mute = 0
2026-08-21T05:48:26.660Z DEBUG OSC out: /1/globalMute = 0
2026-08-21T05:48:27.043Z ERROR OSC send failed: getaddrinfo ENOTFOUND 12
2026-08-21T05:48:27.047Z ERROR OSC send failed: getaddrinfo ENOTFOUND 127.0.
2026-08-21T05:48:27.047Z ERROR OSC send failed: getaddrinfo ENOTFOUND 127.0.
2026-08-21T05:48:27.059Z ERROR OSC send failed: getaddrinfo ENOTFOUND 12
2026-08-21T05:48:27.122Z DEBUG OSC out: /2/mute = 0
2026-08-21T05:48:27.123Z DEBUG OSC out: /1/globalMute = 0
2026-08-21T05:48:27.262Z DEBUG OSC out: /2/mute = 0
2026-08-21T05:48:27.263Z DEBUG OSC out: /1/globalMute = 0
2026-08-21T05:48:27.294Z DEBUG OSC out: /2/mute = 0
2026-08-21T05:48:27.294Z DEBUG OSC out: /1/globalMute = 0
2026-08-21T05:48:27.341Z DEBUG OSC out: /2/mute = 0
2026-08-21T05:48:27.342Z DEBUG OSC out: /1/globalMute = 0
2026-08-21T05:48:27.532Z DEBUG OSC out: /2/mute = 0
2026-08-21T05:48:27.532Z DEBUG OSC out: /1/globalMute = 0
2026-08-21T05:48:27.963Z DEBUG OSC out: /2/mute = 0
2026-08-21T05:48:27.963Z DEBUG OSC out: /1/globalMute = 0
2026-08-21T05:48:27.963Z DEBUG OSC out: /2/mute = 0
2026-08-21T05:48:27.964Z DEBUG OSC out: /1/globalMute = 0
2026-08-21T05:48:28.138Z DEBUG OSC out: /2/mute = 0
2026-08-21T05:48:28.138Z DEBUG OSC out: /1/globalMute = 0
2026-08-21T05:48:28.139Z DEBUG OSC out: /2/mute = 0
2026-08-21T05:48:28.139Z DEBUG OSC out: /1/globalMute = 0
2026-08-21T05:48:28.423Z DEBUG OSC out: /2/mute = 0
2026-08-21T05:48:28.423Z DEBUG OSC out: /1/globalMute = 0
2026-08-21T05:48:28.454Z DEBUG OSC out: /2/mute = 0
2026-08-21T05:48:28.454Z DEBUG OSC out: /1/globalMute = 0
2026-08-21T05:48:28.564Z DEBUG OSC out: /2/mute = 0
2026-08-21T05:48:28.564Z DEBUG OSC out: /1/globalMute = 0
2026-08-21T05:48:28.660Z DEBUG OSC out: /2/mute = 0
2026-08-21T05:48:28.660Z DEBUG OSC out: /1/globalMute = 0
2026-08-21T05:48:29.124Z DEBUG OSC out: /2/mute = 0
2026-08-21T05:48:29.124Z DEBUG OSC out: /1/globalMute = 0
2026-08-21T05:48:29.267Z DEBUG OSC out: /2/mute = 0
2026-08-21T05:48:29.268Z DEBUG OSC out: /1/globalMute = 0
2026-08-21T05:48:29.299Z DEBUG OSC out: /2/mute = 0
2026-08-21T05:48:29.300Z DEBUG OSC out: /1/globalMute = 0
2026-08-21T05:48:29.348Z DEBUG OSC out: /2/mute = 0
2026-08-21T05:48:29.348Z DEBUG OSC out: /1/globalMute = 0
2026-08-21T05:48:29.539Z DEBUG OSC out: /2/mute = 0
2026-08-21T05:48:29.539Z DEBUG OSC out: /1/globalMute = 0
2026-08-21T05:48:29.747Z ERROR OSC send failed: getaddrinfo ENOTFOUND 127
2026-08-21T05:48:29.751Z ERROR OSC send failed: getaddrinfo ENOTFOUND 127.0.0
2026-08-21T05:48:29.751Z ERROR OSC send failed: getaddrinfo ENOTFOUND 127.0.0
2026-08-21T05:48:29.752Z ERROR OSC send failed: getaddrinfo ENOTFOUND 127.0.0.
2026-08-21T05:48:29.752Z ERROR OSC send failed: getaddrinfo ENOTFOUND 127.0.0.
2026-08-21T05:48:29.763Z ERROR OSC send failed: getaddrinfo ENOTFOUND 127
2026-08-21T05:48:29.971Z DEBUG OSC out: /2/mute = 0
2026-08-21T05:48:29.971Z DEBUG OSC out: /1/globalMute = 0
2026-08-21T05:48:29.971Z DEBUG OSC out: /2/mute = 0
2026-08-21T05:48:29.972Z DEBUG OSC out: /1/globalMute = 0
2026-08-21T05:48:30.144Z DEBUG OSC out: /2/mute = 0
2026-08-21T05:48:30.144Z DEBUG OSC out: /1/globalMute = 0
2026-08-21T05:48:30.145Z DEBUG OSC out: /2/mute = 0
2026-08-21T05:48:30.145Z DEBUG OSC out: /1/globalMute = 0
2026-08-21T05:48:30.427Z DEBUG OSC out: /2/mute = 0
2026-08-21T05:48:30.427Z DEBUG OSC out: /1/globalMute = 0
2026-08-21T05:48:30.458Z DEBUG OSC out: /2/mute = 0
2026-08-21T05:48:30.459Z DEBUG OSC out: /1/globalMute = 0
2026-08-21T05:48:30.566Z DEBUG OSC out: /2/mute = 0
2026-08-21T05:48:30.567Z DEBUG OSC out: /1/globalMute = 0
2026-08-21T05:48:30.661Z DEBUG OSC out: /2/mute = 0
2026-08-21T05:48:30.661Z DEBUG OSC out: /1/globalMute = 0
2026-08-21T05:48:31.136Z DEBUG OSC out: /2/mute = 0
2026-08-21T05:48:31.136Z DEBUG OSC out: /1/globalMute = 0
2026-08-21T05:48:31.279Z DEBUG OSC out: /2/mute = 0
2026-08-21T05:48:31.280Z DEBUG OSC out: /1/globalMute = 0
2026-08-21T05:48:31.311Z DEBUG OSC out: /2/mute = 0
2026-08-21T05:48:31.311Z DEBUG OSC out: /1/globalMute = 0
2026-08-21T05:48:31.357Z DEBUG OSC out: /2/mute = 0
2026-08-21T05:48:31.358Z DEBUG OSC out: /1/globalMute = 0
2026-08-21T05:48:31.549Z DEBUG OSC out: /2/mute = 0
2026-08-21T05:48:31.549Z DEBUG OSC out: /1/globalMute = 0
2026-08-21T05:48:31.977Z DEBUG OSC out: /2/mute = 0
2026-08-21T05:48:31.978Z DEBUG OSC out: /1/globalMute = 0
2026-08-21T05:48:31.978Z DEBUG OSC out: /2/mute = 0
2026-08-21T05:48:31.978Z DEBUG OSC out: /1/globalMute = 0
2026-08-21T05:48:32.023Z ERROR OSC send failed: getaddrinfo ENOTFOUND 127
2026-08-21T05:48:32.039Z ERROR OSC send failed: getaddrinfo ENOTFOUND 127
2026-08-21T05:48:32.150Z DEBUG OSC out: /2/mute = 0
2026-08-21T05:48:32.150Z DEBUG OSC out: /1/globalMute = 0
2026-08-21T05:48:32.150Z DEBUG OSC out: /2/mute = 0
2026-08-21T05:48:32.151Z DEBUG OSC out: /1/globalMute = 0
2026-08-21T05:48:32.436Z DEBUG OSC out: /2/mute = 0
2026-08-21T05:48:32.436Z DEBUG OSC out: /1/globalMute = 0
2026-08-21T05:48:32.467Z DEBUG OSC out: /2/mute = 0
2026-08-21T05:48:32.467Z DEBUG OSC out: /1/globalMute = 0
2026-08-21T05:48:32.577Z DEBUG OSC out: /2/mute = 0
2026-08-21T05:48:32.578Z DEBUG OSC out: /1/globalMute = 0
2026-08-21T05:48:32.672Z DEBUG OSC out: /2/mute = 0
2026-08-21T05:48:32.673Z DEBUG OSC out: /1/globalMute = 0
2026-08-21T05:48:33.147Z DEBUG OSC out: /2/mute = 0
2026-08-21T05:48:33.147Z DEBUG OSC out: /1/globalMute = 0
2026-08-21T05:48:33.291Z DEBUG OSC out: /2/mute = 0
2026-08-21T05:48:33.291Z DEBUG OSC out: /1/globalMute = 0
2026-08-21T05:48:33.323Z DEBUG OSC out: /2/mute = 0
2026-08-21T05:48:33.323Z DEBUG OSC out: /1/globalMute = 0
2026-08-21T05:48:33.371Z DEBUG OSC out: /2/mute = 0
2026-08-21T05:48:33.371Z DEBUG OSC out: /1/globalMute = 0
2026-08-21T05:48:33.562Z DEBUG OSC out: /2/mute = 0
2026-08-21T05:48:33.562Z DEBUG OSC out: /1/globalMute = 0
2026-08-21T05:48:33.988Z DEBUG OSC out: /2/mute = 0
2026-08-21T05:48:33.988Z DEBUG OSC out: /1/globalMute = 0
2026-08-21T05:48:33.988Z DEBUG OSC out: /2/mute = 0
2026-08-21T05:48:33.989Z DEBUG OSC out: /1/globalMute = 0
2026-08-21T05:48:34.162Z DEBUG OSC out: /2/mute = 0
2026-08-21T05:48:34.162Z DEBUG OSC out: /1/globalMute = 0
2026-08-21T05:48:34.163Z DEBUG OSC out: /2/mute = 0
2026-08-21T05:48:34.163Z DEBUG OSC out: /1/globalMute = 0
2026-08-21T05:48:34.448Z DEBUG OSC out: /2/mute = 0
2026-08-21T05:48:34.449Z DEBUG OSC out: /1/globalMute = 0
2026-08-21T05:48:34.481Z DEBUG OSC out: /2/mute = 0
2026-08-21T05:48:34.481Z DEBUG OSC out: /1/globalMute = 0
2026-08-21T05:48:34.592Z DEBUG OSC out: /2/mute = 0
2026-08-21T05:48:34.592Z DEBUG OSC out: /1/globalMute = 0
2026-08-21T05:48:34.686Z DEBUG OSC out: /2/mute = 0
2026-08-21T05:48:34.686Z DEBUG OSC out: /1/globalMute = 0
2026-08-21T05:48:34.734Z ERROR OSC send failed: getaddrinfo ENOTFOUND 12
2026-08-21T05:48:34.734Z ERROR OSC send failed: getaddrinfo ENOTFOUND 12
2026-08-21T05:48:34.736Z ERROR OSC send failed: getaddrinfo ENOTFOUND 127.0.
2026-08-21T05:48:34.737Z ERROR OSC send failed: getaddrinfo ENOTFOUND 127.0.
2026-08-21T05:48:35.149Z DEBUG OSC out: /2/mute = 0
2026-08-21T05:48:35.150Z DEBUG OSC out: /1/globalMute = 0
2026-08-21T05:48:35.306Z DEBUG OSC out: /2/mute = 0
2026-08-21T05:48:35.306Z DEBUG OSC out: /1/globalMute = 0
2026-08-21T05:48:35.338Z DEBUG OSC out: /2/mute = 0
2026-08-21T05:48:35.338Z DEBUG OSC out: /1/globalMute = 0
2026-08-21T05:48:35.384Z DEBUG OSC out: /2/mute = 0
2026-08-21T05:48:35.385Z DEBUG OSC out: /1/globalMute = 0
2026-08-21T05:48:35.573Z DEBUG OSC out: /2/mute = 0
2026-08-21T05:48:35.573Z DEBUG OSC out: /1/globalMute = 0
2026-08-21T05:48:36.002Z DEBUG OSC out: /2/mute = 0
2026-08-21T05:48:36.003Z DEBUG OSC out: /1/globalMute = 0
2026-08-21T05:48:36.003Z DEBUG OSC out: /2/mute = 0
2026-08-21T05:48:36.003Z DEBUG OSC out: /1/globalMute = 0
2026-08-21T05:48:36.176Z DEBUG OSC out: /2/mute = 0
2026-08-21T05:48:36.176Z DEBUG OSC out: /1/globalMute = 0
2026-08-21T05:48:36.176Z DEBUG OSC out: /2/mute = 0
2026-08-21T05:48:36.177Z DEBUG OSC out: /1/globalMute = 0
2026-08-21T05:48:36.463Z DEBUG OSC out: /2/mute = 0
2026-08-21T05:48:36.464Z DEBUG OSC out: /1/globalMute = 0
2026-08-21T05:48:36.495Z DEBUG OSC out: /2/mute = 0
2026-08-21T05:48:36.495Z DEBUG OSC out: /1/globalMute = 0
2026-08-21T05:48:36.607Z DEBUG OSC out: /2/mute = 0
2026-08-21T05:48:36.608Z DEBUG OSC out: /1/globalMute = 0
2026-08-21T05:48:36.686Z DEBUG OSC out: /2/mute = 0
2026-08-21T05:48:36.686Z DEBUG OSC out: /1/globalMute = 0
2026-08-21T05:48:37.162Z DEBUG OSC out: /2/mute = 0
2026-08-21T05:48:37.163Z DEBUG OSC out: /1/globalMute = 0
2026-08-21T05:48:37.305Z DEBUG OSC out: /2/mute = 0
2026-08-21T05:48:37.306Z DEBUG OSC out: /1/globalMute = 0
2026-08-21T05:48:37.337Z DEBUG OSC out: /2/mute = 0
2026-08-21T05:48:37.338Z DEBUG OSC out: /1/globalMute = 0
2026-08-21T05:48:37.385Z DEBUG OSC out: /2/mute = 0
2026-08-21T05:48:37.386Z DEBUG OSC out: /1/globalMute = 0
2026-08-21T05:48:37.434Z ERROR OSC send failed: getaddrinfo ENOTFOUND 127
2026-08-21T05:48:37.434Z ERROR OSC send failed: getaddrinfo ENOTFOUND 127
2026-08-21T05:48:37.434Z ERROR OSC send failed: getaddrinfo ENOTFOUND 127.0.0
2026-08-21T05:48:37.435Z ERROR OSC send failed: getaddrinfo ENOTFOUND 127.0.0
2026-08-21T05:48:37.436Z ERROR OSC send failed: getaddrinfo ENOTFOUND 127.0.0.
2026-08-21T05:48:37.436Z ERROR OSC send failed: getaddrinfo ENOTFOUND 127.0.0.
2026-08-21T05:48:37.575Z DEBUG OSC out: /2/mute = 0
2026-08-21T05:48:37.575Z DEBUG OSC out: /1/globalMute = 0
2026-08-21T05:48:38.005Z DEBUG OSC out: /2/mute = 0
2026-08-21T05:48:38.006Z DEBUG OSC out: /1/globalMute = 0
2026-08-21T05:48:38.006Z DEBUG OSC out: /2/mute = 0
2026-08-21T05:48:38.006Z DEBUG OSC out: /1/globalMute = 0
2026-08-21T05:48:38.179Z DEBUG OSC out: /2/mute = 0
2026-08-21T05:48:38.180Z DEBUG OSC out: /1/globalMute = 0
2026-08-21T05:48:38.180Z DEBUG OSC out: /2/mute = 0
2026-08-21T05:48:38.180Z DEBUG OSC out: /1/globalMute = 0
2026-08-21T05:48:38.465Z DEBUG OSC out: /2/mute = 0
2026-08-21T05:48:38.465Z DEBUG OSC out: /1/globalMute = 0
2026-08-21T05:48:38.496Z DEBUG OSC out: /2/mute = 0
2026-08-21T05:48:38.500Z DEBUG OSC out: /1/globalMute = 0
2026-08-21T05:48:38.607Z DEBUG OSC out: /2/mute = 0
2026-08-21T05:48:38.607Z DEBUG OSC out: /1/globalMute = 0
2026-08-21T05:48:38.686Z DEBUG OSC out: /2/mute = 0
2026-08-21T05:48:38.686Z DEBUG OSC out: /1/globalMute = 0
2026-08-21T05:48:39.178Z DEBUG OSC out: /2/mute = 0
2026-08-21T05:48:39.178Z DEBUG OSC out: /1/globalMute = 0
2026-08-21T05:48:39.318Z DEBUG OSC out: /2/mute = 0
2026-08-21T05:48:39.318Z DEBUG OSC out: /1/globalMute = 0
2026-08-21T05:48:39.350Z DEBUG OSC out: /2/mute = 0
2026-08-21T05:48:39.350Z DEBUG OSC out: /1/globalMute = 0
2026-08-21T05:48:39.398Z DEBUG OSC out: /2/mute = 0
2026-08-21T05:48:39.398Z DEBUG OSC out: /1/globalMute = 0
2026-08-21T05:48:39.590Z DEBUG OSC out: /2/mute = 0
2026-08-21T05:48:39.591Z DEBUG OSC out: /1/globalMute = 0
2026-08-21T05:48:39.718Z ERROR OSC send failed: getaddrinfo ENOTFOUND 127
2026-08-21T05:48:39.719Z ERROR OSC send failed: getaddrinfo ENOTFOUND 127
2026-08-21T05:48:40.021Z DEBUG OSC out: /2/mute = 0
2026-08-21T05:48:40.021Z DEBUG OSC out: /1/globalMute = 0
2026-08-21T05:48:40.022Z DEBUG OSC out: /2/mute = 0
2026-08-21T05:48:40.022Z DEBUG OSC out: /1/globalMute = 0
2026-08-21T05:48:40.191Z DEBUG OSC out: /2/mute = 0
2026-08-21T05:48:40.192Z DEBUG OSC out: /1/globalMute = 0
2026-08-21T05:48:40.192Z DEBUG OSC out: /2/mute = 0
2026-08-21T05:48:40.192Z DEBUG OSC out: /1/globalMute = 0
2026-08-21T05:48:40.476Z DEBUG OSC out: /2/mute = 0
2026-08-21T05:48:40.477Z DEBUG OSC out: /1/globalMute = 0
2026-08-21T05:48:40.508Z DEBUG OSC out: /2/mute = 0
2026-08-21T05:48:40.508Z DEBUG OSC out: /1/globalMute = 0
2026-08-21T05:48:40.620Z DEBUG OSC out: /2/mute = 0
2026-08-21T05:48:40.620Z DEBUG OSC out: /1/globalMute = 0
2026-08-21T05:48:40.700Z DEBUG OSC out: /2/mute = 0
2026-08-21T05:48:40.701Z DEBUG OSC out: /1/globalMute = 0
2026-08-21T05:48:41.178Z DEBUG OSC out: /2/mute = 0
2026-08-21T05:48:41.179Z DEBUG OSC out: /1/globalMute = 0
2026-08-21T05:48:41.321Z DEBUG OSC out: /2/mute = 0
2026-08-21T05:48:41.322Z DEBUG OSC out: /1/globalMute = 0
2026-08-21T05:48:41.354Z DEBUG OSC out: /2/mute = 0
2026-08-21T05:48:41.354Z DEBUG OSC out: /1/globalMute = 0
2026-08-21T05:48:41.401Z DEBUG OSC out: /2/mute = 0
2026-08-21T05:48:41.401Z DEBUG OSC out: /1/globalMute = 0
2026-08-21T05:48:41.592Z DEBUG OSC out: /2/mute = 0
2026-08-21T05:48:41.592Z DEBUG OSC out: /1/globalMute = 0
2026-08-21T05:48:42.021Z DEBUG OSC out: /2/mute = 0
2026-08-21T05:48:42.022Z DEBUG OSC out: /1/globalMute = 0
2026-08-21T05:48:42.022Z DEBUG OSC out: /2/mute = 0
2026-08-21T05:48:42.022Z DEBUG OSC out: /1/globalMute = 0
2026-08-21T05:48:42.195Z DEBUG OSC out: /2/mute = 0
2026-08-21T05:48:42.195Z DEBUG OSC out: /1/globalMute = 0
2026-08-21T05:48:42.196Z DEBUG OSC out: /2/mute = 0
2026-08-21T05:48:42.196Z DEBUG OSC out: /1/globalMute = 0
2026-08-21T05:48:42.432Z ERROR OSC send failed: getaddrinfo ENOTFOUND 12
2026-08-21T05:48:42.432Z ERROR OSC send failed: getaddrinfo ENOTFOUND 12
2026-08-21T05:48:42.435Z ERROR OSC send failed: getaddrinfo ENOTFOUND 127.0.
2026-08-21T05:48:42.435Z ERROR OSC send failed: getaddrinfo ENOTFOUND 127.0.
2026-08-21T05:48:42.479Z DEBUG OSC out: /2/mute = 0
2026-08-21T05:48:42.479Z DEBUG OSC out: /1/globalMute = 0
2026-08-21T05:48:42.511Z DEBUG OSC out: /2/mute = 0
2026-08-21T05:48:42.511Z DEBUG OSC out: /1/globalMute = 0
2026-08-21T05:48:42.622Z DEBUG OSC out: /2/mute = 0
2026-08-21T05:48:42.623Z DEBUG OSC out: /1/globalMute = 0
2026-08-21T05:48:42.701Z DEBUG OSC out: /2/mute = 0
2026-08-21T05:48:42.702Z DEBUG OSC out: /1/globalMute = 0
2026-08-21T05:48:43.190Z DEBUG OSC out: /2/mute = 0
2026-08-21T05:48:43.190Z DEBUG OSC out: /1/globalMute = 0
2026-08-21T05:48:43.332Z DEBUG OSC out: /2/mute = 0
2026-08-21T05:48:43.332Z DEBUG OSC out: /1/globalMute = 0
2026-08-21T05:48:43.364Z DEBUG OSC out: /2/mute = 0
2026-08-21T05:48:43.364Z DEBUG OSC out: /1/globalMute = 0
2026-08-21T05:48:43.411Z DEBUG OSC out: /2/mute = 0
2026-08-21T05:48:43.411Z DEBUG OSC out: /1/globalMute = 0
2026-08-21T05:48:43.602Z DEBUG OSC out: /2/mute = 0
2026-08-21T05:48:43.602Z DEBUG OSC out: /1/globalMute = 0
2026-08-21T05:48:44.031Z DEBUG OSC out: /2/mute = 0
2026-08-21T05:48:44.032Z DEBUG OSC out: /1/globalMute = 0
2026-08-21T05:48:44.032Z DEBUG OSC out: /2/mute = 0
2026-08-21T05:48:44.032Z DEBUG OSC out: /1/globalMute = 0
2026-08-21T05:48:44.205Z DEBUG OSC out: /2/mute = 0
2026-08-21T05:48:44.206Z DEBUG OSC out: /1/globalMute = 0
2026-08-21T05:48:44.206Z DEBUG OSC out: /2/mute = 0
2026-08-21T05:48:44.206Z DEBUG OSC out: /1/globalMute = 0
2026-08-21T05:48:44.492Z DEBUG OSC out: /2/mute = 0
2026-08-21T05:48:44.493Z DEBUG OSC out: /1/globalMute = 0
2026-08-21T05:48:44.524Z DEBUG OSC out: /2/mute = 0
2026-08-21T05:48:44.525Z DEBUG OSC out: /1/globalMute = 0
2026-08-21T05:48:44.636Z DEBUG OSC out: /2/mute = 0
2026-08-21T05:48:44.636Z DEBUG OSC out: /1/globalMute = 0
2026-08-21T05:48:44.716Z DEBUG OSC out: /2/mute = 0
2026-08-21T05:48:44.716Z DEBUG OSC out: /1/globalMute = 0
2026-08-21T05:48:45.131Z ERROR OSC send failed: getaddrinfo ENOTFOUND 127
2026-08-21T05:48:45.131Z ERROR OSC send failed: getaddrinfo ENOTFOUND 127
2026-08-21T05:48:45.133Z ERROR OSC send failed: getaddrinfo ENOTFOUND 127.0.0
2026-08-21T05:48:45.133Z ERROR OSC send failed: getaddrinfo ENOTFOUND 127.0.0
2026-08-21T05:48:45.136Z ERROR OSC send failed: getaddrinfo ENOTFOUND 127.0.0.
2026-08-21T05:48:45.137Z ERROR OSC send failed: getaddrinfo ENOTFOUND 127.0.0.
2026-08-21T05:48:45.194Z DEBUG OSC out: /2/mute = 0
2026-08-21T05:48:45.195Z DEBUG OSC out: /1/globalMute = 0
2026-08-21T05:48:45.338Z DEBUG OSC out: /2/mute = 0
2026-08-21T05:48:45.338Z DEBUG OSC out: /1/globalMute = 0
2026-08-21T05:48:45.370Z DEBUG OSC out: /2/mute = 0
2026-08-21T05:48:45.370Z DEBUG OSC out: /1/globalMute = 0
2026-08-21T05:48:45.418Z DEBUG OSC out: /2/mute = 0
2026-08-21T05:48:45.418Z DEBUG OSC out: /1/globalMute = 0
2026-08-21T05:48:45.609Z DEBUG OSC out: /2/mute = 0
2026-08-21T05:48:45.609Z DEBUG OSC out: /1/globalMute = 0
2026-08-21T05:48:46.039Z DEBUG OSC out: /2/mute = 0
2026-08-21T05:48:46.040Z DEBUG OSC out: /1/globalMute = 0
2026-08-21T05:48:46.040Z DEBUG OSC out: /2/mute = 0
2026-08-21T05:48:46.041Z DEBUG OSC out: /1/globalMute = 0
2026-08-21T05:48:46.216Z DEBUG OSC out: /2/mute = 0
2026-08-21T05:48:46.217Z DEBUG OSC out: /1/globalMute = 0
2026-08-21T05:48:46.217Z DEBUG OSC out: /2/mute = 0
2026-08-21T05:48:46.218Z DEBUG OSC out: /1/globalMute = 0
2026-08-21T05:48:46.502Z DEBUG OSC out: /2/mute = 0
2026-08-21T05:48:46.502Z DEBUG OSC out: /1/globalMute = 0
2026-08-21T05:48:46.533Z DEBUG OSC out: /2/mute = 0
2026-08-21T05:48:46.533Z DEBUG OSC out: /1/globalMute = 0
2026-08-21T05:48:46.645Z DEBUG OSC out: /2/mute = 0
2026-08-21T05:48:46.645Z DEBUG OSC out: /1/globalMute = 0
2026-08-21T05:48:46.723Z DEBUG OSC out: /2/mute = 0
2026-08-21T05:48:46.724Z DEBUG OSC out: /1/globalMute = 0
2026-08-21T05:48:47.200Z DEBUG OSC out: /2/mute = 0
2026-08-21T05:48:47.200Z DEBUG OSC out: /1/globalMute = 0
2026-08-21T05:48:47.341Z DEBUG OSC out: /2/mute = 0
2026-08-21T05:48:47.342Z DEBUG OSC out: /1/globalMute = 0
2026-08-21T05:48:47.374Z DEBUG OSC out: /2/mute = 0
2026-08-21T05:48:47.374Z DEBUG OSC out: /1/globalMute = 0
2026-08-21T05:48:47.420Z DEBUG OSC out: /2/mute = 0
2026-08-21T05:48:47.421Z DEBUG OSC out: /1/globalMute = 0
2026-08-21T05:48:47.421Z ERROR OSC send failed: getaddrinfo ENOTFOUND 127
2026-08-21T05:48:47.421Z ERROR OSC send failed: getaddrinfo ENOTFOUND 127
2026-08-21T05:48:47.610Z DEBUG OSC out: /2/mute = 0
2026-08-21T05:48:47.610Z DEBUG OSC out: /1/globalMute = 0
2026-08-21T05:48:48.052Z DEBUG OSC out: /2/mute = 0
2026-08-21T05:48:48.053Z DEBUG OSC out: /1/globalMute = 0
2026-08-21T05:48:48.053Z DEBUG OSC out: /2/mute = 0
2026-08-21T05:48:48.053Z DEBUG OSC out: /1/globalMute = 0
2026-08-21T05:48:48.226Z DEBUG OSC out: /2/mute = 0
2026-08-21T05:48:48.226Z DEBUG OSC out: /1/globalMute = 0
2026-08-21T05:48:48.227Z DEBUG OSC out: /2/mute = 0
2026-08-21T05:48:48.227Z DEBUG OSC out: /1/globalMute = 0
2026-08-21T05:48:48.512Z DEBUG OSC out: /2/mute = 0
2026-08-21T05:48:48.513Z DEBUG OSC out: /1/globalMute = 0
2026-08-21T05:48:48.545Z DEBUG OSC out: /2/mute = 0
2026-08-21T05:48:48.545Z DEBUG OSC out: /1/globalMute = 0
2026-08-21T05:48:48.656Z DEBUG OSC out: /2/mute = 0
2026-08-21T05:48:48.656Z DEBUG OSC out: /1/globalMute = 0
2026-08-21T05:48:48.735Z DEBUG OSC out: /2/mute = 0
2026-08-21T05:48:48.736Z DEBUG OSC out: /1/globalMute = 0
2026-08-21T05:48:49.215Z DEBUG OSC out: /2/mute = 0
2026-08-21T05:48:49.215Z DEBUG OSC out: /1/globalMute = 0
2026-08-21T05:48:49.357Z DEBUG OSC out: /2/mute = 0
2026-08-21T05:48:49.357Z DEBUG OSC out: /1/globalMute = 0
2026-08-21T05:48:49.389Z DEBUG OSC out: /2/mute = 0
2026-08-21T05:48:49.389Z DEBUG OSC out: /1/globalMute = 0
2026-08-21T05:48:49.421Z DEBUG OSC out: /2/mute = 0
2026-08-21T05:48:49.421Z DEBUG OSC out: /1/globalMute = 0
2026-08-21T05:48:49.614Z DEBUG OSC out: /2/mute = 0
2026-08-21T05:48:49.614Z DEBUG OSC out: /1/globalMute = 0
2026-08-21T05:48:50.059Z DEBUG OSC out: /2/mute = 0
2026-08-21T05:48:50.060Z DEBUG OSC out: /1/globalMute = 0
2026-08-21T05:48:50.060Z DEBUG OSC out: /2/mute = 0
2026-08-21T05:48:50.060Z DEBUG OSC out: /1/globalMute = 0
2026-08-21T05:48:50.123Z ERROR OSC send failed: getaddrinfo ENOTFOUND 12
2026-08-21T05:48:50.123Z ERROR OSC send failed: getaddrinfo ENOTFOUND 12
2026-08-21T05:48:50.126Z ERROR OSC send failed: getaddrinfo ENOTFOUND 127.0.
2026-08-21T05:48:50.127Z ERROR OSC send failed: getaddrinfo ENOTFOUND 127.0.
2026-08-21T05:48:50.231Z DEBUG OSC out: /2/mute = 0
2026-08-21T05:48:50.232Z DEBUG OSC out: /1/globalMute = 0
2026-08-21T05:48:50.232Z DEBUG OSC out: /2/mute = 0
2026-08-21T05:48:50.232Z DEBUG OSC out: /1/globalMute = 0
2026-08-21T05:48:50.518Z DEBUG OSC out: /2/mute = 0
2026-08-21T05:48:50.518Z DEBUG OSC out: /1/globalMute = 0
2026-08-21T05:48:50.550Z DEBUG OSC out: /2/mute = 0
2026-08-21T05:48:50.550Z DEBUG OSC out: /1/globalMute = 0
2026-08-21T05:48:50.661Z DEBUG OSC out: /2/mute = 0
2026-08-21T05:48:50.661Z DEBUG OSC out: /1/globalMute = 0
2026-08-21T05:48:50.741Z DEBUG OSC out: /2/mute = 0
2026-08-21T05:48:50.741Z DEBUG OSC out: /1/globalMute = 0
2026-08-21T05:48:51.216Z DEBUG OSC out: /2/mute = 0
2026-08-21T05:48:51.216Z DEBUG OSC out: /1/globalMute = 0
2026-08-21T05:48:51.357Z DEBUG OSC out: /2/mute = 0
2026-08-21T05:48:51.357Z DEBUG OSC out: /1/globalMute = 0
2026-08-21T05:48:51.388Z DEBUG OSC out: /2/mute = 0
2026-08-21T05:48:51.389Z DEBUG OSC out: /1/globalMute = 0
2026-08-21T05:48:51.420Z DEBUG OSC out: /2/mute = 0
2026-08-21T05:48:51.421Z DEBUG OSC out: /1/globalMute = 0
2026-08-21T05:48:51.627Z DEBUG OSC out: /2/mute = 0
2026-08-21T05:48:51.627Z DEBUG OSC out: /1/globalMute = 0
2026-08-21T05:48:52.071Z DEBUG OSC out: /2/mute = 0
2026-08-21T05:48:52.071Z DEBUG OSC out: /1/globalMute = 0
2026-08-21T05:48:52.071Z DEBUG OSC out: /2/mute = 0
2026-08-21T05:48:52.071Z DEBUG OSC out: /1/globalMute = 0
2026-08-21T05:48:52.246Z DEBUG OSC out: /2/mute = 0
2026-08-21T05:48:52.246Z DEBUG OSC out: /1/globalMute = 0
2026-08-21T05:48:52.247Z DEBUG OSC out: /2/mute = 0
2026-08-21T05:48:52.247Z DEBUG OSC out: /1/globalMute = 0
2026-08-21T05:48:52.531Z DEBUG OSC out: /2/mute = 0
2026-08-21T05:48:52.532Z DEBUG OSC out: /1/globalMute = 0
2026-08-21T05:48:52.562Z DEBUG OSC out: /2/mute = 0
2026-08-21T05:48:52.562Z DEBUG OSC out: /1/globalMute = 0
2026-08-21T05:48:52.675Z DEBUG OSC out: /2/mute = 0
2026-08-21T05:48:52.676Z DEBUG OSC out: /1/globalMute = 0
2026-08-21T05:48:52.755Z DEBUG OSC out: /2/mute = 0
2026-08-21T05:48:52.755Z DEBUG OSC out: /1/globalMute = 0
2026-08-21T05:48:52.833Z ERROR OSC send failed: getaddrinfo ENOTFOUND 127
2026-08-21T05:48:52.834Z ERROR OSC send failed: getaddrinfo ENOTFOUND 127
2026-08-21T05:48:52.834Z ERROR OSC send failed: getaddrinfo ENOTFOUND 127.0.0
2026-08-21T05:48:52.834Z ERROR OSC send failed: getaddrinfo ENOTFOUND 127.0.0
2026-08-21T05:48:52.841Z ERROR OSC send failed: getaddrinfo ENOTFOUND 127.0.0.
2026-08-21T05:48:52.841Z ERROR OSC send failed: getaddrinfo ENOTFOUND 127.0.0.
2026-08-21T05:48:53.230Z DEBUG OSC out: /2/mute = 0
2026-08-21T05:48:53.230Z DEBUG OSC out: /1/globalMute = 0
2026-08-21T05:48:53.372Z DEBUG OSC out: /2/mute = 0
2026-08-21T05:48:53.372Z DEBUG OSC out: /1/globalMute = 0
2026-08-21T05:48:53.403Z DEBUG OSC out: /2/mute = 0
2026-08-21T05:48:53.403Z DEBUG OSC out: /1/globalMute = 0
2026-08-21T05:48:53.434Z DEBUG OSC out: /2/mute = 0
2026-08-21T05:48:53.434Z DEBUG OSC out: /1/globalMute = 0
2026-08-21T05:48:53.640Z DEBUG OSC out: /2/mute = 0
2026-08-21T05:48:53.641Z DEBUG OSC out: /1/globalMute = 0
2026-08-21T05:48:54.070Z DEBUG OSC out: /2/mute = 0
2026-08-21T05:48:54.071Z DEBUG OSC out: /1/globalMute = 0
2026-08-21T05:48:54.071Z DEBUG OSC out: /2/mute = 0
2026-08-21T05:48:54.072Z DEBUG OSC out: /1/globalMute = 0
2026-08-21T05:48:54.245Z DEBUG OSC out: /2/mute = 0
2026-08-21T05:48:54.246Z DEBUG OSC out: /1/globalMute = 0
2026-08-21T05:48:54.246Z DEBUG OSC out: /2/mute = 0
2026-08-21T05:48:54.247Z DEBUG OSC out: /1/globalMute = 0
2026-08-21T05:48:54.545Z DEBUG OSC out: /2/mute = 0
2026-08-21T05:48:54.545Z DEBUG OSC out: /1/globalMute = 0
2026-08-21T05:48:54.577Z DEBUG OSC out: /2/mute = 0
2026-08-21T05:48:54.577Z DEBUG OSC out: /1/globalMute = 0
2026-08-21T05:48:54.689Z DEBUG OSC out: /2/mute = 0
2026-08-21T05:48:54.689Z DEBUG OSC out: /1/globalMute = 0
2026-08-21T05:48:54.767Z DEBUG OSC out: /2/mute = 0
2026-08-21T05:48:54.768Z DEBUG OSC out: /1/globalMute = 0
2026-08-21T05:48:55.132Z ERROR OSC send failed: getaddrinfo ENOTFOUND 127
2026-08-21T05:48:55.132Z ERROR OSC send failed: getaddrinfo ENOTFOUND 127
2026-08-21T05:48:55.244Z DEBUG OSC out: /2/mute = 0
2026-08-21T05:48:55.244Z DEBUG OSC out: /1/globalMute = 0
2026-08-21T05:48:55.386Z DEBUG OSC out: /2/mute = 0
2026-08-21T05:48:55.386Z DEBUG OSC out: /1/globalMute = 0
2026-08-21T05:48:55.417Z DEBUG OSC out: /2/mute = 0
2026-08-21T05:48:55.418Z DEBUG OSC out: /1/globalMute = 0
2026-08-21T05:48:55.448Z DEBUG OSC out: /2/mute = 0
2026-08-21T05:48:55.448Z DEBUG OSC out: /1/globalMute = 0
2026-08-21T05:48:55.655Z DEBUG OSC out: /2/mute = 0
2026-08-21T05:48:55.659Z DEBUG OSC out: /1/globalMute = 0
2026-08-21T05:48:56.083Z DEBUG OSC out: /2/mute = 0
2026-08-21T05:48:56.083Z DEBUG OSC out: /1/globalMute = 0
2026-08-21T05:48:56.084Z DEBUG OSC out: /2/mute = 0
2026-08-21T05:48:56.084Z DEBUG OSC out: /1/globalMute = 0
2026-08-21T05:48:56.255Z DEBUG OSC out: /2/mute = 0
2026-08-21T05:48:56.255Z DEBUG OSC out: /1/globalMute = 0
2026-08-21T05:48:56.255Z DEBUG OSC out: /2/mute = 0
2026-08-21T05:48:56.256Z DEBUG OSC out: /1/globalMute = 0
2026-08-21T05:48:56.557Z DEBUG OSC out: /2/mute = 0
2026-08-21T05:48:56.558Z DEBUG OSC out: /1/globalMute = 0
2026-08-21T05:48:56.589Z DEBUG OSC out: /2/mute = 0
2026-08-21T05:48:56.589Z DEBUG OSC out: /1/globalMute = 0
2026-08-21T05:48:56.701Z DEBUG OSC out: /2/mute = 0
2026-08-21T05:48:56.701Z DEBUG OSC out: /1/globalMute = 0
2026-08-21T05:48:56.781Z DEBUG OSC out: /2/mute = 0
2026-08-21T05:48:56.781Z DEBUG OSC out: /1/globalMute = 0
2026-08-21T05:48:57.259Z DEBUG OSC out: /2/mute = 0
2026-08-21T05:48:57.259Z DEBUG OSC out: /1/globalMute = 0
2026-08-21T05:48:57.401Z DEBUG OSC out: /2/mute = 0
2026-08-21T05:48:57.402Z DEBUG OSC out: /1/globalMute = 0
2026-08-21T05:48:57.417Z DEBUG OSC out: /2/mute = 0
2026-08-21T05:48:57.418Z DEBUG OSC out: /1/globalMute = 0
2026-08-21T05:48:57.448Z DEBUG OSC out: /2/mute = 0
2026-08-21T05:48:57.449Z DEBUG OSC out: /1/globalMute = 0
2026-08-21T05:48:57.655Z DEBUG OSC out: /2/mute = 0
2026-08-21T05:48:57.656Z DEBUG OSC out: /1/globalMute = 0
2026-08-21T05:48:57.831Z ERROR OSC send failed: getaddrinfo ENOTFOUND 12
2026-08-21T05:48:57.832Z ERROR OSC send failed: getaddrinfo ENOTFOUND 12
2026-08-21T05:48:57.834Z ERROR OSC send failed: getaddrinfo ENOTFOUND 127.0.
2026-08-21T05:48:57.834Z ERROR OSC send failed: getaddrinfo ENOTFOUND 127.0.
2026-08-21T05:48:58.085Z DEBUG OSC out: /2/mute = 0
2026-08-21T05:48:58.086Z DEBUG OSC out: /1/globalMute = 0
2026-08-21T05:48:58.086Z DEBUG OSC out: /2/mute = 0
2026-08-21T05:48:58.086Z DEBUG OSC out: /1/globalMute = 0
2026-08-21T05:48:58.257Z DEBUG OSC out: /2/mute = 0
2026-08-21T05:48:58.258Z DEBUG OSC out: /1/globalMute = 0
2026-08-21T05:48:58.258Z DEBUG OSC out: /2/mute = 0
2026-08-21T05:48:58.258Z DEBUG OSC out: /1/globalMute = 0
2026-08-21T05:48:58.559Z DEBUG OSC out: /2/mute = 0
2026-08-21T05:48:58.559Z DEBUG OSC out: /1/globalMute = 0
2026-08-21T05:48:58.590Z DEBUG OSC out: /2/mute = 0
2026-08-21T05:48:58.591Z DEBUG OSC out: /1/globalMute = 0
2026-08-21T05:48:58.715Z DEBUG OSC out: /2/mute = 0
2026-08-21T05:48:58.716Z DEBUG OSC out: /1/globalMute = 0
2026-08-21T05:48:58.794Z DEBUG OSC out: /2/mute = 0
2026-08-21T05:48:58.795Z DEBUG OSC out: /1/globalMute = 0
2026-08-21T05:48:59.269Z DEBUG OSC out: /2/mute = 0
2026-08-21T05:48:59.270Z DEBUG OSC out: /1/globalMute = 0
2026-08-21T05:48:59.411Z DEBUG OSC out: /2/mute = 0
2026-08-21T05:48:59.411Z DEBUG OSC out: /1/globalMute = 0
2026-08-21T05:48:59.427Z DEBUG OSC out: /2/mute = 0
2026-08-21T05:48:59.427Z DEBUG OSC out: /1/globalMute = 0
2026-08-21T05:48:59.459Z DEBUG OSC out: /2/mute = 0
2026-08-21T05:48:59.459Z DEBUG OSC out: /1/globalMute = 0
2026-08-21T05:48:59.664Z DEBUG OSC out: /2/mute = 0
2026-08-21T05:48:59.664Z DEBUG OSC out: /1/globalMute = 0
2026-08-21T05:49:00.094Z DEBUG OSC out: /2/mute = 0
2026-08-21T05:49:00.094Z DEBUG OSC out: /1/globalMute = 0
2026-08-21T05:49:00.094Z DEBUG OSC out: /2/mute = 0
2026-08-21T05:49:00.095Z DEBUG OSC out: /1/globalMute = 0
2026-08-21T05:49:00.267Z DEBUG OSC out: /2/mute = 0
2026-08-21T05:49:00.268Z DEBUG OSC out: /1/globalMute = 0
2026-08-21T05:49:00.268Z DEBUG OSC out: /2/mute = 0
2026-08-21T05:49:00.268Z DEBUG OSC out: /1/globalMute = 0
2026-08-21T05:49:00.536Z ERROR OSC send failed: getaddrinfo ENOTFOUND 127
2026-08-21T05:49:00.537Z ERROR OSC send failed: getaddrinfo ENOTFOUND 127
2026-08-21T05:49:00.538Z ERROR OSC send failed: getaddrinfo ENOTFOUND 127.0.0
2026-08-21T05:49:00.538Z ERROR OSC send failed: getaddrinfo ENOTFOUND 127.0.0
2026-08-21T05:49:00.541Z ERROR OSC send failed: getaddrinfo ENOTFOUND 127.0.0.
2026-08-21T05:49:00.542Z ERROR OSC send failed: getaddrinfo ENOTFOUND 127.0.0.
2026-08-21T05:49:00.567Z DEBUG OSC out: /2/mute = 0
2026-08-21T05:49:00.567Z DEBUG OSC out: /1/globalMute = 0
2026-08-21T05:49:00.598Z DEBUG OSC out: /2/mute = 0
2026-08-21T05:49:00.599Z DEBUG OSC out: /1/globalMute = 0
2026-08-21T05:49:00.725Z DEBUG OSC out: /2/mute = 0
2026-08-21T05:49:00.725Z DEBUG OSC out: /1/globalMute = 0
2026-08-21T05:49:00.805Z DEBUG OSC out: /2/mute = 0
2026-08-21T05:49:00.805Z DEBUG OSC out: /1/globalMute = 0
2026-08-21T05:49:01.279Z DEBUG OSC out: /2/mute = 0
2026-08-21T05:49:01.279Z DEBUG OSC out: /1/globalMute = 0
2026-08-21T05:49:01.422Z DEBUG OSC out: /2/mute = 0
2026-08-21T05:49:01.423Z DEBUG OSC out: /1/globalMute = 0
2026-08-21T05:49:01.438Z DEBUG OSC out: /2/mute = 0
2026-08-21T05:49:01.438Z DEBUG OSC out: /1/globalMute = 0
2026-08-21T05:49:01.470Z DEBUG OSC out: /2/mute = 0
2026-08-21T05:49:01.471Z DEBUG OSC out: /1/globalMute = 0
2026-08-21T05:49:01.676Z DEBUG OSC out: /2/mute = 0
2026-08-21T05:49:01.676Z DEBUG OSC out: /1/globalMute = 0
2026-08-21T05:49:02.108Z DEBUG OSC out: /2/mute = 0
2026-08-21T05:49:02.108Z DEBUG OSC out: /1/globalMute = 0
2026-08-21T05:49:02.108Z DEBUG OSC out: /2/mute = 0
2026-08-21T05:49:02.109Z DEBUG OSC out: /1/globalMute = 0
2026-08-21T05:49:02.281Z DEBUG OSC out: /2/mute = 0
2026-08-21T05:49:02.282Z DEBUG OSC out: /1/globalMute = 0
2026-08-21T05:49:02.282Z DEBUG OSC out: /2/mute = 0
2026-08-21T05:49:02.282Z DEBUG OSC out: /1/globalMute = 0
2026-08-21T05:49:02.567Z DEBUG OSC out: /2/mute = 0
2026-08-21T05:49:02.568Z DEBUG OSC out: /1/globalMute = 0
2026-08-21T05:49:02.599Z DEBUG OSC out: /2/mute = 0
2026-08-21T05:49:02.599Z DEBUG OSC out: /1/globalMute = 0
2026-08-21T05:49:02.727Z DEBUG OSC out: /2/mute = 0
2026-08-21T05:49:02.727Z DEBUG OSC out: /1/globalMute = 0
2026-08-21T05:49:02.805Z DEBUG OSC out: /2/mute = 0
2026-08-21T05:49:02.805Z DEBUG OSC out: /1/globalMute = 0
2026-08-21T05:49:02.821Z ERROR OSC send failed: getaddrinfo ENOTFOUND 127
2026-08-21T05:49:02.821Z ERROR OSC send failed: getaddrinfo ENOTFOUND 127
2026-08-21T05:49:03.280Z DEBUG OSC out: /2/mute = 0
2026-08-21T05:49:03.280Z DEBUG OSC out: /1/globalMute = 0
2026-08-21T05:49:03.423Z DEBUG OSC out: /2/mute = 0
2026-08-21T05:49:03.423Z DEBUG OSC out: /1/globalMute = 0
2026-08-21T05:49:03.454Z DEBUG OSC out: /2/mute = 0
2026-08-21T05:49:03.454Z DEBUG OSC out: /1/globalMute = 0
2026-08-21T05:49:03.486Z DEBUG OSC out: /2/mute = 0
2026-08-21T05:49:03.486Z DEBUG OSC out: /1/globalMute = 0
2026-08-21T05:49:03.691Z DEBUG OSC out: /2/mute = 0
2026-08-21T05:49:03.692Z DEBUG OSC out: /1/globalMute = 0
2026-08-21T05:49:04.120Z DEBUG OSC out: /2/mute = 0
2026-08-21T05:49:04.120Z DEBUG OSC out: /1/globalMute = 0
2026-08-21T05:49:04.121Z DEBUG OSC out: /2/mute = 0
2026-08-21T05:49:04.121Z DEBUG OSC out: /1/globalMute = 0
2026-08-21T05:49:04.292Z DEBUG OSC out: /2/mute = 0
2026-08-21T05:49:04.292Z DEBUG OSC out: /1/globalMute = 0
2026-08-21T05:49:04.292Z DEBUG OSC out: /2/mute = 0
2026-08-21T05:49:04.292Z DEBUG OSC out: /1/globalMute = 0
2026-08-21T05:49:04.580Z DEBUG OSC out: /2/mute = 0
2026-08-21T05:49:04.580Z DEBUG OSC out: /1/globalMute = 0
2026-08-21T05:49:04.612Z DEBUG OSC out: /2/mute = 0
2026-08-21T05:49:04.612Z DEBUG OSC out: /1/globalMute = 0
2026-08-21T05:49:04.739Z DEBUG OSC out: /2/mute = 0
2026-08-21T05:49:04.739Z DEBUG OSC out: /1/globalMute = 0
2026-08-21T05:49:04.818Z DEBUG OSC out: /2/mute = 0
2026-08-21T05:49:04.818Z DEBUG OSC out: /1/globalMute = 0
2026-08-21T05:49:05.294Z DEBUG OSC out: /2/mute = 0
2026-08-21T05:49:05.294Z DEBUG OSC out: /1/globalMute = 0
2026-08-21T05:49:05.437Z DEBUG OSC out: /2/mute = 0
2026-08-21T05:49:05.438Z DEBUG OSC out: /1/globalMute = 0
2026-08-21T05:49:05.454Z DEBUG OSC out: /2/mute = 0
2026-08-21T05:49:05.454Z DEBUG OSC out: /1/globalMute = 0
2026-08-21T05:49:05.486Z DEBUG OSC out: /2/mute = 0
2026-08-21T05:49:05.486Z DEBUG OSC out: /1/globalMute = 0
2026-08-21T05:49:05.534Z ERROR OSC send failed: getaddrinfo ENOTFOUND 12
2026-08-21T05:49:05.534Z ERROR OSC send failed: getaddrinfo ENOTFOUND 12
2026-08-21T05:49:05.536Z ERROR OSC send failed: getaddrinfo ENOTFOUND 127.0.
2026-08-21T05:49:05.537Z ERROR OSC send failed: getaddrinfo ENOTFOUND 127.0.
2026-08-21T05:49:05.693Z DEBUG OSC out: /2/mute = 0
2026-08-21T05:49:05.693Z DEBUG OSC out: /1/globalMute = 0
2026-08-21T05:49:06.123Z DEBUG OSC out: /2/mute = 0
2026-08-21T05:49:06.124Z DEBUG OSC out: /1/globalMute = 0
2026-08-21T05:49:06.124Z DEBUG OSC out: /2/mute = 0
2026-08-21T05:49:06.124Z DEBUG OSC out: /1/globalMute = 0
2026-08-21T05:49:06.298Z DEBUG OSC out: /2/mute = 0
2026-08-21T05:49:06.298Z DEBUG OSC out: /1/globalMute = 0
2026-08-21T05:49:06.299Z DEBUG OSC out: /2/mute = 0
2026-08-21T05:49:06.299Z DEBUG OSC out: /1/globalMute = 0
2026-08-21T05:49:06.583Z DEBUG OSC out: /2/mute = 0
2026-08-21T05:49:06.583Z DEBUG OSC out: /1/globalMute = 0
2026-08-21T05:49:06.615Z DEBUG OSC out: /2/mute = 0
2026-08-21T05:49:06.615Z DEBUG OSC out: /1/globalMute = 0
2026-08-21T05:49:06.742Z DEBUG OSC out: /2/mute = 0
2026-08-21T05:49:06.742Z DEBUG OSC out: /1/globalMute = 0
2026-08-21T05:49:06.822Z DEBUG OSC out: /2/mute = 0
2026-08-21T05:49:06.822Z DEBUG OSC out: /1/globalMute = 0
2026-08-21T05:49:07.297Z DEBUG OSC out: /2/mute = 0
2026-08-21T05:49:07.298Z DEBUG OSC out: /1/globalMute = 0
2026-08-21T05:49:07.439Z DEBUG OSC out: /2/mute = 0
2026-08-21T05:49:07.439Z DEBUG OSC out: /1/globalMute = 0
2026-08-21T05:49:07.455Z DEBUG OSC out: /2/mute = 0
2026-08-21T05:49:07.455Z DEBUG OSC out: /1/globalMute = 0
2026-08-21T05:49:07.487Z DEBUG OSC out: /2/mute = 0
2026-08-21T05:49:07.487Z DEBUG OSC out: /1/globalMute = 0
2026-08-21T05:49:07.709Z DEBUG OSC out: /2/mute = 0
2026-08-21T05:49:07.709Z DEBUG OSC out: /1/globalMute = 0
2026-08-21T05:49:08.138Z DEBUG OSC out: /2/mute = 0
2026-08-21T05:49:08.138Z DEBUG OSC out: /1/globalMute = 0
2026-08-21T05:49:08.139Z DEBUG OSC out: /2/mute = 0
2026-08-21T05:49:08.139Z DEBUG OSC out: /1/globalMute = 0
2026-08-21T05:49:08.232Z ERROR OSC send failed: getaddrinfo ENOTFOUND 127
2026-08-21T05:49:08.233Z ERROR OSC send failed: getaddrinfo ENOTFOUND 127
2026-08-21T05:49:08.233Z ERROR OSC send failed: getaddrinfo ENOTFOUND 127.0.0
2026-08-21T05:49:08.234Z ERROR OSC send failed: getaddrinfo ENOTFOUND 127.0.0
2026-08-21T05:49:08.236Z ERROR OSC send failed: getaddrinfo ENOTFOUND 127.0.0.
2026-08-21T05:49:08.236Z ERROR OSC send failed: getaddrinfo ENOTFOUND 127.0.0.
2026-08-21T05:49:08.312Z DEBUG OSC out: /2/mute = 0
2026-08-21T05:49:08.312Z DEBUG OSC out: /1/globalMute = 0
2026-08-21T05:49:08.313Z DEBUG OSC out: /2/mute = 0
2026-08-21T05:49:08.313Z DEBUG OSC out: /1/globalMute = 0
2026-08-21T05:49:08.596Z DEBUG OSC out: /2/mute = 0
2026-08-21T05:49:08.597Z DEBUG OSC out: /1/globalMute = 0
2026-08-21T05:49:08.627Z DEBUG OSC out: /2/mute = 0
2026-08-21T05:49:08.628Z DEBUG OSC out: /1/globalMute = 0
2026-08-21T05:49:08.754Z DEBUG OSC out: /2/mute = 0
2026-08-21T05:49:08.755Z DEBUG OSC out: /1/globalMute = 0
2026-08-21T05:49:08.834Z DEBUG OSC out: /2/mute = 0
2026-08-21T05:49:08.834Z DEBUG OSC out: /1/globalMute = 0
2026-08-21T05:49:09.312Z DEBUG OSC out: /2/mute = 0
2026-08-21T05:49:09.312Z DEBUG OSC out: /1/globalMute = 0
2026-08-21T05:49:09.455Z DEBUG OSC out: /2/mute = 0
2026-08-21T05:49:09.455Z DEBUG OSC out: /1/globalMute = 0
2026-08-21T05:49:09.456Z DEBUG OSC out: /2/mute = 0
2026-08-21T05:49:09.456Z DEBUG OSC out: /1/globalMute = 0
2026-08-21T05:49:09.502Z DEBUG OSC out: /2/mute = 0
2026-08-21T05:49:09.503Z DEBUG OSC out: /1/globalMute = 0
2026-08-21T05:49:09.709Z DEBUG OSC out: /2/mute = 0
2026-08-21T05:49:09.709Z DEBUG OSC out: /1/globalMute = 0
2026-08-21T05:49:10.141Z DEBUG OSC out: /2/mute = 0
2026-08-21T05:49:10.141Z DEBUG OSC out: /1/globalMute = 0
2026-08-21T05:49:10.141Z DEBUG OSC out: /2/mute = 0
2026-08-21T05:49:10.141Z DEBUG OSC out: /1/globalMute = 0
2026-08-21T05:49:10.315Z DEBUG OSC out: /2/mute = 0
2026-08-21T05:49:10.315Z DEBUG OSC out: /1/globalMute = 0
2026-08-21T05:49:10.315Z DEBUG OSC out: /2/mute = 0
2026-08-21T05:49:10.316Z DEBUG OSC out: /1/globalMute = 0
2026-08-21T05:49:10.520Z ERROR OSC send failed: getaddrinfo ENOTFOUND 127
2026-08-21T05:49:10.521Z ERROR OSC send failed: getaddrinfo ENOTFOUND 127
2026-08-21T05:49:10.600Z DEBUG OSC out: /2/mute = 0
2026-08-21T05:49:10.600Z DEBUG OSC out: /1/globalMute = 0
2026-08-21T05:49:10.631Z DEBUG OSC out: /2/mute = 0
2026-08-21T05:49:10.631Z DEBUG OSC out: /1/globalMute = 0
2026-08-21T05:49:10.759Z DEBUG OSC out: /2/mute = 0
2026-08-21T05:49:10.759Z DEBUG OSC out: /1/globalMute = 0
2026-08-21T05:49:10.839Z DEBUG OSC out: /2/mute = 0
2026-08-21T05:49:10.839Z DEBUG OSC out: /1/globalMute = 0
2026-08-21T05:49:11.317Z DEBUG OSC out: /2/mute = 0
2026-08-21T05:49:11.317Z DEBUG OSC out: /1/globalMute = 0
2026-08-21T05:49:11.459Z DEBUG OSC out: /2/mute = 0
2026-08-21T05:49:11.460Z DEBUG OSC out: /1/globalMute = 0
2026-08-21T05:49:11.460Z DEBUG OSC out: /2/mute = 0
2026-08-21T05:49:11.460Z DEBUG OSC out: /1/globalMute = 0
2026-08-21T05:49:11.506Z DEBUG OSC out: /2/mute = 0
2026-08-21T05:49:11.507Z DEBUG OSC out: /1/globalMute = 0
2026-08-21T05:49:11.709Z DEBUG OSC out: /2/mute = 0
2026-08-21T05:49:11.710Z DEBUG OSC out: /1/globalMute = 0
2026-08-21T05:49:12.154Z DEBUG OSC out: /2/mute = 0
2026-08-21T05:49:12.155Z DEBUG OSC out: /1/globalMute = 0
2026-08-21T05:49:12.155Z DEBUG OSC out: /2/mute = 0
2026-08-21T05:49:12.155Z DEBUG OSC out: /1/globalMute = 0
2026-08-21T05:49:12.330Z DEBUG OSC out: /2/mute = 0
2026-08-21T05:49:12.330Z DEBUG OSC out: /1/globalMute = 0
2026-08-21T05:49:12.330Z DEBUG OSC out: /2/mute = 0
2026-08-21T05:49:12.331Z DEBUG OSC out: /1/globalMute = 0
2026-08-21T05:49:12.617Z DEBUG OSC out: /2/mute = 0
2026-08-21T05:49:12.617Z DEBUG OSC out: /1/globalMute = 0
2026-08-21T05:49:12.633Z DEBUG OSC out: /2/mute = 0
2026-08-21T05:49:12.634Z DEBUG OSC out: /1/globalMute = 0
2026-08-21T05:49:12.773Z DEBUG OSC out: /2/mute = 0
2026-08-21T05:49:12.773Z DEBUG OSC out: /1/globalMute = 0
2026-08-21T05:49:12.851Z DEBUG OSC out: /2/mute = 0
2026-08-21T05:49:12.852Z DEBUG OSC out: /1/globalMute = 0
2026-08-21T05:49:13.233Z ERROR OSC send failed: getaddrinfo ENOTFOUND 12
2026-08-21T05:49:13.233Z ERROR OSC send failed: getaddrinfo ENOTFOUND 12
2026-08-21T05:49:13.234Z ERROR OSC send failed: getaddrinfo ENOTFOUND 127.0.
2026-08-21T05:49:13.235Z ERROR OSC send failed: getaddrinfo ENOTFOUND 127.0.
2026-08-21T05:49:13.328Z DEBUG OSC out: /2/mute = 0
2026-08-21T05:49:13.328Z DEBUG OSC out: /1/globalMute = 0
2026-08-21T05:49:13.470Z DEBUG OSC out: /2/mute = 0
2026-08-21T05:49:13.470Z DEBUG OSC out: /1/globalMute = 0
2026-08-21T05:49:13.471Z DEBUG OSC out: /2/mute = 0
2026-08-21T05:49:13.471Z DEBUG OSC out: /1/globalMute = 0
2026-08-21T05:49:13.515Z DEBUG OSC out: /2/mute = 0
2026-08-21T05:49:13.516Z DEBUG OSC out: /1/globalMute = 0
2026-08-21T05:49:13.721Z DEBUG OSC out: /2/mute = 0
2026-08-21T05:49:13.721Z DEBUG OSC out: /1/globalMute = 0
2026-08-21T05:49:14.168Z DEBUG OSC out: /2/mute = 0
2026-08-21T05:49:14.169Z DEBUG OSC out: /1/globalMute = 0
2026-08-21T05:49:14.169Z DEBUG OSC out: /2/mute = 0
2026-08-21T05:49:14.169Z DEBUG OSC out: /1/globalMute = 0
2026-08-21T05:49:14.342Z DEBUG OSC out: /2/mute = 0
2026-08-21T05:49:14.343Z DEBUG OSC out: /1/globalMute = 0
2026-08-21T05:49:14.343Z DEBUG OSC out: /2/mute = 0
2026-08-21T05:49:14.343Z DEBUG OSC out: /1/globalMute = 0
2026-08-21T05:49:14.626Z DEBUG OSC out: /2/mute = 0
2026-08-21T05:49:14.627Z DEBUG OSC out: /1/globalMute = 0
2026-08-21T05:49:14.642Z DEBUG OSC out: /2/mute = 0
2026-08-21T05:49:14.642Z DEBUG OSC out: /1/globalMute = 0
2026-08-21T05:49:14.784Z DEBUG OSC out: /2/mute = 0
2026-08-21T05:49:14.784Z DEBUG OSC out: /1/globalMute = 0
2026-08-21T05:49:14.865Z DEBUG OSC out: /2/mute = 0
2026-08-21T05:49:14.865Z DEBUG OSC out: /1/globalMute = 0
2026-08-21T05:49:15.342Z DEBUG OSC out: /2/mute = 0
2026-08-21T05:49:15.342Z DEBUG OSC out: /1/globalMute = 0
2026-08-21T05:49:15.484Z DEBUG OSC out: /2/mute = 0
2026-08-21T05:49:15.484Z DEBUG OSC out: /1/globalMute = 0
2026-08-21T05:49:15.485Z DEBUG OSC out: /2/mute = 0
2026-08-21T05:49:15.485Z DEBUG OSC out: /1/globalMute = 0
2026-08-21T05:49:15.516Z DEBUG OSC out: /2/mute = 0
2026-08-21T05:49:15.517Z DEBUG OSC out: /1/globalMute = 0
2026-08-21T05:49:15.721Z DEBUG OSC out: /2/mute = 0
2026-08-21T05:49:15.721Z DEBUG OSC out: /1/globalMute = 0
2026-08-21T05:49:15.944Z ERROR OSC send failed: getaddrinfo ENOTFOUND 127
2026-08-21T05:49:15.945Z ERROR OSC send failed: getaddrinfo ENOTFOUND 127
2026-08-21T05:49:15.945Z ERROR OSC send failed: getaddrinfo ENOTFOUND 127.0.0
2026-08-21T05:49:15.945Z ERROR OSC send failed: getaddrinfo ENOTFOUND 127.0.0
2026-08-21T05:49:15.952Z ERROR OSC send failed: getaddrinfo ENOTFOUND 127.0.0.
2026-08-21T05:49:15.952Z ERROR OSC send failed: getaddrinfo ENOTFOUND 127.0.0.
2026-08-21T05:49:16.167Z DEBUG OSC out: /2/mute = 0
2026-08-21T05:49:16.168Z DEBUG OSC out: /1/globalMute = 0
2026-08-21T05:49:16.183Z DEBUG OSC out: /2/mute = 0
2026-08-21T05:49:16.184Z DEBUG OSC out: /1/globalMute = 0
2026-08-21T05:49:16.357Z DEBUG OSC out: /2/mute = 0
2026-08-21T05:49:16.357Z DEBUG OSC out: /1/globalMute = 0
2026-08-21T05:49:16.358Z DEBUG OSC out: /2/mute = 0
2026-08-21T05:49:16.358Z DEBUG OSC out: /1/globalMute = 0
2026-08-21T05:49:16.629Z DEBUG OSC out: /2/mute = 0
2026-08-21T05:49:16.629Z DEBUG OSC out: /1/globalMute = 0
2026-08-21T05:49:16.645Z DEBUG OSC out: /2/mute = 0
2026-08-21T05:49:16.645Z DEBUG OSC out: /1/globalMute = 0
2026-08-21T05:49:16.789Z DEBUG OSC out: /2/mute = 0
2026-08-21T05:49:16.789Z DEBUG OSC out: /1/globalMute = 0
2026-08-21T05:49:16.868Z DEBUG OSC out: /2/mute = 0
2026-08-21T05:49:16.868Z DEBUG OSC out: /1/globalMute = 0
2026-08-21T05:49:17.344Z DEBUG OSC out: /2/mute = 0
2026-08-21T05:49:17.344Z DEBUG OSC out: /1/globalMute = 0
2026-08-21T05:49:17.486Z DEBUG OSC out: /2/mute = 0
2026-08-21T05:49:17.487Z DEBUG OSC out: /1/globalMute = 0
2026-08-21T05:49:17.487Z DEBUG OSC out: /2/mute = 0
2026-08-21T05:49:17.488Z DEBUG OSC out: /1/globalMute = 0
2026-08-21T05:49:17.518Z DEBUG OSC out: /2/mute = 0
2026-08-21T05:49:17.518Z DEBUG OSC out: /1/globalMute = 0
2026-08-21T05:49:17.725Z DEBUG OSC out: /2/mute = 0
2026-08-21T05:49:17.725Z DEBUG OSC out: /1/globalMute = 0
2026-08-21T05:49:18.183Z DEBUG OSC out: /2/mute = 0
2026-08-21T05:49:18.183Z DEBUG OSC out: /1/globalMute = 0
2026-08-21T05:49:18.184Z DEBUG OSC out: /2/mute = 0
2026-08-21T05:49:18.184Z DEBUG OSC out: /1/globalMute = 0
2026-08-21T05:49:18.230Z ERROR OSC send failed: getaddrinfo ENOTFOUND 127
2026-08-21T05:49:18.230Z ERROR OSC send failed: getaddrinfo ENOTFOUND 127
2026-08-21T05:49:18.371Z DEBUG OSC out: /2/mute = 0
2026-08-21T05:49:18.371Z DEBUG OSC out: /1/globalMute = 0
2026-08-21T05:49:18.371Z DEBUG OSC out: /2/mute = 0
2026-08-21T05:49:18.372Z DEBUG OSC out: /1/globalMute = 0
2026-08-21T05:49:18.641Z DEBUG OSC out: /2/mute = 0
2026-08-21T05:49:18.642Z DEBUG OSC out: /1/globalMute = 0
2026-08-21T05:49:18.657Z DEBUG OSC out: /2/mute = 0
2026-08-21T05:49:18.658Z DEBUG OSC out: /1/globalMute = 0
2026-08-21T05:49:18.799Z DEBUG OSC out: /2/mute = 0
2026-08-21T05:49:18.799Z DEBUG OSC out: /1/globalMute = 0
2026-08-21T05:49:18.879Z DEBUG OSC out: /2/mute = 0
2026-08-21T05:49:18.879Z DEBUG OSC out: /1/globalMute = 0
2026-08-21T05:49:19.351Z DEBUG OSC out: /2/mute = 0
2026-08-21T05:49:19.351Z DEBUG OSC out: /1/globalMute = 0
2026-08-21T05:49:19.493Z DEBUG OSC out: /2/mute = 0
2026-08-21T05:49:19.493Z DEBUG OSC out: /1/globalMute = 0
2026-08-21T05:49:19.493Z DEBUG OSC out: /2/mute = 0
2026-08-21T05:49:19.494Z DEBUG OSC out: /1/globalMute = 0
2026-08-21T05:49:19.525Z DEBUG OSC out: /2/mute = 0
2026-08-21T05:49:19.525Z DEBUG OSC out: /1/globalMute = 0
2026-08-21T05:49:19.731Z DEBUG OSC out: /2/mute = 0
2026-08-21T05:49:19.731Z DEBUG OSC out: /1/globalMute = 0
2026-08-21T05:49:20.192Z DEBUG OSC out: /2/mute = 0
2026-08-21T05:49:20.193Z DEBUG OSC out: /1/globalMute = 0
2026-08-21T05:49:20.193Z DEBUG OSC out: /2/mute = 0
2026-08-21T05:49:20.193Z DEBUG OSC out: /1/globalMute = 0
2026-08-21T05:49:20.380Z DEBUG OSC out: /2/mute = 0
2026-08-21T05:49:20.380Z DEBUG OSC out: /1/globalMute = 0
2026-08-21T05:49:20.380Z DEBUG OSC out: /2/mute = 0
2026-08-21T05:49:20.380Z DEBUG OSC out: /1/globalMute = 0
2026-08-21T05:49:20.651Z DEBUG OSC out: /2/mute = 0
2026-08-21T05:49:20.651Z DEBUG OSC out: /1/globalMute = 0
2026-08-21T05:49:20.667Z DEBUG OSC out: /2/mute = 0
2026-08-21T05:49:20.667Z DEBUG OSC out: /1/globalMute = 0
2026-08-21T05:49:20.809Z DEBUG OSC out: /2/mute = 0
2026-08-21T05:49:20.809Z DEBUG OSC out: /1/globalMute = 0
2026-08-21T05:49:20.888Z DEBUG OSC out: /2/mute = 0
2026-08-21T05:49:20.888Z DEBUG OSC out: /1/globalMute = 0
2026-08-21T05:49:20.936Z ERROR OSC send failed: getaddrinfo ENOTFOUND 12
2026-08-21T05:49:20.936Z ERROR OSC send failed: getaddrinfo ENOTFOUND 12
2026-08-21T05:49:20.939Z ERROR OSC send failed: getaddrinfo ENOTFOUND 127.0.
2026-08-21T05:49:20.939Z ERROR OSC send failed: getaddrinfo ENOTFOUND 127.0.
2026-08-21T05:49:21.363Z DEBUG OSC out: /2/mute = 0
2026-08-21T05:49:21.364Z DEBUG OSC out: /1/globalMute = 0
2026-08-21T05:49:21.506Z DEBUG OSC out: /2/mute = 0
2026-08-21T05:49:21.506Z DEBUG OSC out: /1/globalMute = 0
2026-08-21T05:49:21.507Z DEBUG OSC out: /2/mute = 0
2026-08-21T05:49:21.507Z DEBUG OSC out: /1/globalMute = 0
2026-08-21T05:49:21.537Z DEBUG OSC out: /2/mute = 0
2026-08-21T05:49:21.537Z DEBUG OSC out: /1/globalMute = 0
2026-08-21T05:49:21.744Z DEBUG OSC out: /2/mute = 0
2026-08-21T05:49:21.744Z DEBUG OSC out: /1/globalMute = 0
2026-08-21T05:49:22.192Z DEBUG OSC out: /2/mute = 0
2026-08-21T05:49:22.192Z DEBUG OSC out: /1/globalMute = 0
2026-08-21T05:49:22.207Z DEBUG OSC out: /2/mute = 0
2026-08-21T05:49:22.208Z DEBUG OSC out: /1/globalMute = 0
2026-08-21T05:49:22.380Z DEBUG OSC out: /2/mute = 0
2026-08-21T05:49:22.381Z DEBUG OSC out: /1/globalMute = 0
2026-08-21T05:49:22.381Z DEBUG OSC out: /2/mute = 0
2026-08-21T05:49:22.381Z DEBUG OSC out: /1/globalMute = 0
2026-08-21T05:49:22.665Z DEBUG OSC out: /2/mute = 0
2026-08-21T05:49:22.665Z DEBUG OSC out: /1/globalMute = 0
2026-08-21T05:49:22.679Z DEBUG OSC out: /2/mute = 0
2026-08-21T05:49:22.680Z DEBUG OSC out: /1/globalMute = 0
2026-08-21T05:49:22.822Z DEBUG OSC out: /2/mute = 0
2026-08-21T05:49:22.822Z DEBUG OSC out: /1/globalMute = 0
2026-08-21T05:49:22.902Z DEBUG OSC out: /2/mute = 0
2026-08-21T05:49:22.902Z DEBUG OSC out: /1/globalMute = 0
2026-08-21T05:49:23.377Z DEBUG OSC out: /2/mute = 0
2026-08-21T05:49:23.377Z DEBUG OSC out: /1/globalMute = 0
2026-08-21T05:49:23.520Z DEBUG OSC out: /2/mute = 0
2026-08-21T05:49:23.520Z DEBUG OSC out: /1/globalMute = 0
2026-08-21T05:49:23.520Z DEBUG OSC out: /2/mute = 0
2026-08-21T05:49:23.521Z DEBUG OSC out: /1/globalMute = 0
2026-08-21T05:49:23.551Z DEBUG OSC out: /2/mute = 0
2026-08-21T05:49:23.551Z DEBUG OSC out: /1/globalMute = 0
2026-08-21T05:49:23.645Z ERROR OSC send failed: getaddrinfo ENOTFOUND 127
2026-08-21T05:49:23.646Z ERROR OSC send failed: getaddrinfo ENOTFOUND 127
2026-08-21T05:49:23.646Z ERROR OSC send failed: getaddrinfo ENOTFOUND 127.0.0
2026-08-21T05:49:23.646Z ERROR OSC send failed: getaddrinfo ENOTFOUND 127.0.0
2026-08-21T05:49:23.647Z ERROR OSC send failed: getaddrinfo ENOTFOUND 127.0.0.
2026-08-21T05:49:23.648Z ERROR OSC send failed: getaddrinfo ENOTFOUND 127.0.0.
2026-08-21T05:49:23.754Z DEBUG OSC out: /2/mute = 0
2026-08-21T05:49:23.755Z DEBUG OSC out: /1/globalMute = 0
2026-08-21T05:49:24.201Z DEBUG OSC out: /2/mute = 0
2026-08-21T05:49:24.201Z DEBUG OSC out: /1/globalMute = 0
2026-08-21T05:49:24.217Z DEBUG OSC out: /2/mute = 0
2026-08-21T05:49:24.217Z DEBUG OSC out: /1/globalMute = 0
2026-08-21T05:49:24.391Z DEBUG OSC out: /2/mute = 0
2026-08-21T05:49:24.391Z DEBUG OSC out: /1/globalMute = 0
2026-08-21T05:49:24.392Z DEBUG OSC out: /2/mute = 0
2026-08-21T05:49:24.392Z DEBUG OSC out: /1/globalMute = 0
2026-08-21T05:49:24.675Z DEBUG OSC out: /2/mute = 0
2026-08-21T05:49:24.676Z DEBUG OSC out: /1/globalMute = 0
2026-08-21T05:49:24.690Z DEBUG OSC out: /2/mute = 0
2026-08-21T05:49:24.691Z DEBUG OSC out: /1/globalMute = 0
2026-08-21T05:49:24.834Z DEBUG OSC out: /2/mute = 0
2026-08-21T05:49:24.834Z DEBUG OSC out: /1/globalMute = 0
2026-08-21T05:49:24.913Z DEBUG OSC out: /2/mute = 0
2026-08-21T05:49:24.914Z DEBUG OSC out: /1/globalMute = 0
2026-08-21T05:49:25.390Z DEBUG OSC out: /2/mute = 0
2026-08-21T05:49:25.390Z DEBUG OSC out: /1/globalMute = 0
2026-08-21T05:49:25.534Z DEBUG OSC out: /2/mute = 0
2026-08-21T05:49:25.534Z DEBUG OSC out: /1/globalMute = 0
2026-08-21T05:49:25.534Z DEBUG OSC out: /2/mute = 0
2026-08-21T05:49:25.534Z DEBUG OSC out: /1/globalMute = 0
2026-08-21T05:49:25.566Z DEBUG OSC out: /2/mute = 0
2026-08-21T05:49:25.566Z DEBUG OSC out: /1/globalMute = 0
2026-08-21T05:49:25.758Z DEBUG OSC out: /2/mute = 0
2026-08-21T05:49:25.758Z DEBUG OSC out: /1/globalMute = 0
2026-08-21T05:49:25.932Z ERROR OSC send failed: getaddrinfo ENOTFOUND 127
2026-08-21T05:49:25.933Z ERROR OSC send failed: getaddrinfo ENOTFOUND 127
2026-08-21T05:49:26.202Z DEBUG OSC out: /2/mute = 0
2026-08-21T05:49:26.202Z DEBUG OSC out: /1/globalMute = 0
2026-08-21T05:49:26.218Z DEBUG OSC out: /2/mute = 0
2026-08-21T05:49:26.218Z DEBUG OSC out: /1/globalMute = 0
2026-08-21T05:49:26.392Z DEBUG OSC out: /2/mute = 0
2026-08-21T05:49:26.392Z DEBUG OSC out: /1/globalMute = 0
2026-08-21T05:49:26.393Z DEBUG OSC out: /2/mute = 0
2026-08-21T05:49:26.393Z DEBUG OSC out: /1/globalMute = 0
2026-08-21T05:49:26.679Z DEBUG OSC out: /2/mute = 0
2026-08-21T05:49:26.680Z DEBUG OSC out: /1/globalMute = 0
2026-08-21T05:49:26.694Z DEBUG OSC out: /2/mute = 0
2026-08-21T05:49:26.695Z DEBUG OSC out: /1/globalMute = 0
2026-08-21T05:49:26.838Z DEBUG OSC out: /2/mute = 0
2026-08-21T05:49:26.838Z DEBUG OSC out: /1/globalMute = 0
2026-08-21T05:49:26.917Z DEBUG OSC out: /2/mute = 0
2026-08-21T05:49:26.917Z DEBUG OSC out: /1/globalMute = 0
2026-08-21T05:49:27.392Z DEBUG OSC out: /2/mute = 0
2026-08-21T05:49:27.393Z DEBUG OSC out: /1/globalMute = 0
2026-08-21T05:49:27.535Z DEBUG OSC out: /2/mute = 0
2026-08-21T05:49:27.536Z DEBUG OSC out: /1/globalMute = 0
2026-08-21T05:49:27.536Z DEBUG OSC out: /2/mute = 0
2026-08-21T05:49:27.537Z DEBUG OSC out: /1/globalMute = 0
2026-08-21T05:49:27.566Z DEBUG OSC out: /2/mute = 0
2026-08-21T05:49:27.567Z DEBUG OSC out: /1/globalMute = 0
2026-08-21T05:49:27.758Z DEBUG OSC out: /2/mute = 0
2026-08-21T05:49:27.758Z DEBUG OSC out: /1/globalMute = 0
2026-08-21T05:49:28.216Z DEBUG OSC out: /2/mute = 0
2026-08-21T05:49:28.216Z DEBUG OSC out: /1/globalMute = 0
2026-08-21T05:49:28.231Z DEBUG OSC out: /2/mute = 0
2026-08-21T05:49:28.231Z DEBUG OSC out: /1/globalMute = 0
2026-08-21T05:49:28.405Z DEBUG OSC out: /2/mute = 0
2026-08-21T05:49:28.406Z DEBUG OSC out: /1/globalMute = 0
2026-08-21T05:49:28.406Z DEBUG OSC out: /2/mute = 0
2026-08-21T05:49:28.406Z DEBUG OSC out: /1/globalMute = 0
2026-08-21T05:49:28.645Z ERROR OSC send failed: getaddrinfo ENOTFOUND 12
2026-08-21T05:49:28.645Z ERROR OSC send failed: getaddrinfo ENOTFOUND 12
2026-08-21T05:49:28.647Z ERROR OSC send failed: getaddrinfo ENOTFOUND 127.0.
2026-08-21T05:49:28.647Z ERROR OSC send failed: getaddrinfo ENOTFOUND 127.0.
2026-08-21T05:49:28.691Z DEBUG OSC out: /2/mute = 0
2026-08-21T05:49:28.692Z DEBUG OSC out: /1/globalMute = 0
2026-08-21T05:49:28.707Z DEBUG OSC out: /2/mute = 0
2026-08-21T05:49:28.708Z DEBUG OSC out: /1/globalMute = 0
2026-08-21T05:49:28.851Z DEBUG OSC out: /2/mute = 0
2026-08-21T05:49:28.851Z DEBUG OSC out: /1/globalMute = 0
2026-08-21T05:49:28.931Z DEBUG OSC out: /2/mute = 0
2026-08-21T05:49:28.931Z DEBUG OSC out: /1/globalMute = 0
2026-08-21T05:49:29.406Z DEBUG OSC out: /2/mute = 0
2026-08-21T05:49:29.407Z DEBUG OSC out: /1/globalMute = 0
2026-08-21T05:49:29.547Z DEBUG OSC out: /2/mute = 0
2026-08-21T05:49:29.548Z DEBUG OSC out: /1/globalMute = 0
2026-08-21T05:49:29.548Z DEBUG OSC out: /2/mute = 0
2026-08-21T05:49:29.548Z DEBUG OSC out: /1/globalMute = 0
2026-08-21T05:49:29.579Z DEBUG OSC out: /2/mute = 0
2026-08-21T05:49:29.579Z DEBUG OSC out: /1/globalMute = 0
2026-08-21T05:49:29.769Z DEBUG OSC out: /2/mute = 0
2026-08-21T05:49:29.769Z DEBUG OSC out: /1/globalMute = 0
2026-08-21T05:49:30.226Z DEBUG OSC out: /2/mute = 0
2026-08-21T05:49:30.226Z DEBUG OSC out: /1/globalMute = 0
2026-08-21T05:49:30.242Z DEBUG OSC out: /2/mute = 0
2026-08-21T05:49:30.242Z DEBUG OSC out: /1/globalMute = 0
2026-08-21T05:49:30.415Z DEBUG OSC out: /2/mute = 0
2026-08-21T05:49:30.415Z DEBUG OSC out: /1/globalMute = 0
2026-08-21T05:49:30.415Z DEBUG OSC out: /2/mute = 0
2026-08-21T05:49:30.416Z DEBUG OSC out: /1/globalMute = 0
2026-08-21T05:49:30.698Z DEBUG OSC out: /2/mute = 0
2026-08-21T05:49:30.699Z DEBUG OSC out: /1/globalMute = 0
2026-08-21T05:49:30.714Z DEBUG OSC out: /2/mute = 0
2026-08-21T05:49:30.714Z DEBUG OSC out: /1/globalMute = 0
2026-08-21T05:49:30.856Z DEBUG OSC out: /2/mute = 0
2026-08-21T05:49:30.857Z DEBUG OSC out: /1/globalMute = 0
2026-08-21T05:49:30.934Z DEBUG OSC out: /2/mute = 0
2026-08-21T05:49:30.935Z DEBUG OSC out: /1/globalMute = 0
2026-08-21T05:49:31.326Z ERROR OSC send failed: getaddrinfo ENOTFOUND 127
2026-08-21T05:49:31.326Z ERROR OSC send failed: getaddrinfo ENOTFOUND 127
2026-08-21T05:49:31.327Z ERROR OSC send failed: getaddrinfo ENOTFOUND 127.0.0
2026-08-21T05:49:31.327Z ERROR OSC send failed: getaddrinfo ENOTFOUND 127.0.0
2026-08-21T05:49:31.328Z ERROR OSC send failed: getaddrinfo ENOTFOUND 127.0.0.
2026-08-21T05:49:31.329Z ERROR OSC send failed: getaddrinfo ENOTFOUND 127.0.0.
2026-08-21T05:49:31.418Z DEBUG OSC out: /2/mute = 0
2026-08-21T05:49:31.419Z DEBUG OSC out: /1/globalMute = 0
2026-08-21T05:49:31.559Z DEBUG OSC out: /2/mute = 0
2026-08-21T05:49:31.560Z DEBUG OSC out: /1/globalMute = 0
2026-08-21T05:49:31.560Z DEBUG OSC out: /2/mute = 0
2026-08-21T05:49:31.560Z DEBUG OSC out: /1/globalMute = 0
2026-08-21T05:49:31.590Z DEBUG OSC out: /2/mute = 0
2026-08-21T05:49:31.591Z DEBUG OSC out: /1/globalMute = 0
2026-08-21T05:49:31.781Z DEBUG OSC out: /2/mute = 0
2026-08-21T05:49:31.781Z DEBUG OSC out: /1/globalMute = 0
2026-08-21T05:49:32.234Z DEBUG OSC out: /2/mute = 0
2026-08-21T05:49:32.234Z DEBUG OSC out: /1/globalMute = 0
2026-08-21T05:49:32.249Z DEBUG OSC out: /2/mute = 0
2026-08-21T05:49:32.249Z DEBUG OSC out: /1/globalMute = 0
2026-08-21T05:49:32.421Z DEBUG OSC out: /2/mute = 0
2026-08-21T05:49:32.421Z DEBUG OSC out: /1/globalMute = 0
2026-08-21T05:49:32.421Z DEBUG OSC out: /2/mute = 0
2026-08-21T05:49:32.422Z DEBUG OSC out: /1/globalMute = 0
2026-08-21T05:49:32.702Z DEBUG OSC out: /2/mute = 0
2026-08-21T05:49:32.703Z DEBUG OSC out: /1/globalMute = 0
2026-08-21T05:49:32.718Z DEBUG OSC out: /2/mute = 0
2026-08-21T05:49:32.718Z DEBUG OSC out: /1/globalMute = 0
2026-08-21T05:49:32.857Z DEBUG OSC out: /2/mute = 0
2026-08-21T05:49:32.858Z DEBUG OSC out: /1/globalMute = 0
2026-08-21T05:49:32.936Z DEBUG OSC out: /2/mute = 0
2026-08-21T05:49:32.936Z DEBUG OSC out: /1/globalMute = 0
2026-08-21T05:49:33.423Z DEBUG OSC out: /2/mute = 0
2026-08-21T05:49:33.423Z DEBUG OSC out: /1/globalMute = 0
2026-08-21T05:49:33.564Z DEBUG OSC out: /2/mute = 0
2026-08-21T05:49:33.565Z DEBUG OSC out: /1/globalMute = 0
2026-08-21T05:49:33.565Z DEBUG OSC out: /2/mute = 0
2026-08-21T05:49:33.566Z DEBUG OSC out: /1/globalMute = 0
2026-08-21T05:49:33.596Z DEBUG OSC out: /2/mute = 0
2026-08-21T05:49:33.596Z DEBUG OSC out: /1/globalMute = 0
2026-08-21T05:49:33.612Z ERROR OSC send failed: getaddrinfo ENOTFOUND 127
2026-08-21T05:49:33.612Z ERROR OSC send failed: getaddrinfo ENOTFOUND 127
2026-08-21T05:49:33.783Z DEBUG OSC out: /2/mute = 0
2026-08-21T05:49:33.783Z DEBUG OSC out: /1/globalMute = 0
2026-08-21T05:49:34.236Z DEBUG OSC out: /2/mute = 0
2026-08-21T05:49:34.237Z DEBUG OSC out: /1/globalMute = 0
2026-08-21T05:49:34.251Z DEBUG OSC out: /2/mute = 0
2026-08-21T05:49:34.252Z DEBUG OSC out: /1/globalMute = 0
2026-08-21T05:49:34.425Z DEBUG OSC out: /2/mute = 0
2026-08-21T05:49:34.426Z DEBUG OSC out: /1/globalMute = 0
2026-08-21T05:49:34.426Z DEBUG OSC out: /2/mute = 0
2026-08-21T05:49:34.426Z DEBUG OSC out: /1/globalMute = 0
2026-08-21T05:49:34.706Z DEBUG OSC out: /2/mute = 0
2026-08-21T05:49:34.706Z DEBUG OSC out: /1/globalMute = 0
2026-08-21T05:49:34.722Z DEBUG OSC out: /2/mute = 0
2026-08-21T05:49:34.722Z DEBUG OSC out: /1/globalMute = 0
2026-08-21T05:49:34.863Z DEBUG OSC out: /2/mute = 0
2026-08-21T05:49:34.863Z DEBUG OSC out: /1/globalMute = 0
2026-08-21T05:49:34.941Z DEBUG OSC out: /2/mute = 0
2026-08-21T05:49:34.941Z DEBUG OSC out: /1/globalMute = 0
2026-08-21T05:49:35.424Z DEBUG OSC out: /2/mute = 0
2026-08-21T05:49:35.425Z DEBUG OSC out: /1/globalMute = 0
2026-08-21T05:49:35.566Z DEBUG OSC out: /2/mute = 0
2026-08-21T05:49:35.566Z DEBUG OSC out: /1/globalMute = 0
2026-08-21T05:49:35.567Z DEBUG OSC out: /2/mute = 0
2026-08-21T05:49:35.567Z DEBUG OSC out: /1/globalMute = 0
2026-08-21T05:49:35.598Z DEBUG OSC out: /2/mute = 0
2026-08-21T05:49:35.598Z DEBUG OSC out: /1/globalMute = 0
2026-08-21T05:49:35.786Z DEBUG OSC out: /2/mute = 0
2026-08-21T05:49:35.786Z DEBUG OSC out: /1/globalMute = 0
2026-08-21T05:49:36.243Z DEBUG OSC out: /2/mute = 0
2026-08-21T05:49:36.243Z DEBUG OSC out: /1/globalMute = 0
2026-08-21T05:49:36.258Z DEBUG OSC out: /2/mute = 0
2026-08-21T05:49:36.259Z DEBUG OSC out: /1/globalMute = 0
2026-08-21T05:49:36.291Z ERROR OSC send failed: getaddrinfo ENOTFOUND 12
2026-08-21T05:49:36.291Z ERROR OSC send failed: getaddrinfo ENOTFOUND 12
2026-08-21T05:49:36.293Z ERROR OSC send failed: getaddrinfo ENOTFOUND 127.0.
2026-08-21T05:49:36.293Z ERROR OSC send failed: getaddrinfo ENOTFOUND 127.0.
2026-08-21T05:49:36.433Z DEBUG OSC out: /2/mute = 0
2026-08-21T05:49:36.433Z DEBUG OSC out: /1/globalMute = 0
2026-08-21T05:49:36.433Z DEBUG OSC out: /2/mute = 0
2026-08-21T05:49:36.433Z DEBUG OSC out: /1/globalMute = 0
2026-08-21T05:49:36.716Z DEBUG OSC out: /2/mute = 0
2026-08-21T05:49:36.716Z DEBUG OSC out: /1/globalMute = 0
2026-08-21T05:49:36.731Z DEBUG OSC out: /2/mute = 0
2026-08-21T05:49:36.731Z DEBUG OSC out: /1/globalMute = 0
2026-08-21T05:49:36.873Z DEBUG OSC out: /2/mute = 0
2026-08-21T05:49:36.873Z DEBUG OSC out: /1/globalMute = 0
2026-08-21T05:49:36.951Z DEBUG OSC out: /2/mute = 0
2026-08-21T05:49:36.952Z DEBUG OSC out: /1/globalMute = 0
2026-08-21T05:49:37.426Z DEBUG OSC out: /2/mute = 0
2026-08-21T05:49:37.426Z DEBUG OSC out: /1/globalMute = 0
2026-08-21T05:49:37.568Z DEBUG OSC out: /2/mute = 0
2026-08-21T05:49:37.568Z DEBUG OSC out: /1/globalMute = 0
2026-08-21T05:49:37.568Z DEBUG OSC out: /2/mute = 0
2026-08-21T05:49:37.569Z DEBUG OSC out: /1/globalMute = 0
2026-08-21T05:49:37.600Z DEBUG OSC out: /2/mute = 0
2026-08-21T05:49:37.600Z DEBUG OSC out: /1/globalMute = 0
2026-08-21T05:49:37.790Z DEBUG OSC out: /2/mute = 0
2026-08-21T05:49:37.791Z DEBUG OSC out: /1/globalMute = 0
2026-08-21T05:49:38.256Z DEBUG OSC out: /2/mute = 0
2026-08-21T05:49:38.257Z DEBUG OSC out: /1/globalMute = 0
2026-08-21T05:49:38.272Z DEBUG OSC out: /2/mute = 0
2026-08-21T05:49:38.272Z DEBUG OSC out: /1/globalMute = 0
2026-08-21T05:49:38.445Z DEBUG OSC out: /2/mute = 0
2026-08-21T05:49:38.446Z DEBUG OSC out: /1/globalMute = 0
2026-08-21T05:49:38.446Z DEBUG OSC out: /2/mute = 0
2026-08-21T05:49:38.446Z DEBUG OSC out: /1/globalMute = 0
2026-08-21T05:49:38.727Z DEBUG OSC out: /2/mute = 0
2026-08-21T05:49:38.727Z DEBUG OSC out: /1/globalMute = 0
2026-08-21T05:49:38.742Z DEBUG OSC out: /2/mute = 0
2026-08-21T05:49:38.743Z DEBUG OSC out: /1/globalMute = 0
2026-08-21T05:49:38.884Z DEBUG OSC out: /2/mute = 0
2026-08-21T05:49:38.884Z DEBUG OSC out: /1/globalMute = 0
2026-08-21T05:49:38.962Z DEBUG OSC out: /2/mute = 0
2026-08-21T05:49:38.962Z DEBUG OSC out: /1/globalMute = 0
2026-08-21T05:49:38.978Z ERROR OSC send failed: getaddrinfo ENOTFOUND 127
2026-08-21T05:49:38.978Z ERROR OSC send failed: getaddrinfo ENOTFOUND 127
2026-08-21T05:49:38.979Z ERROR OSC send failed: getaddrinfo ENOTFOUND 127.0.0
2026-08-21T05:49:38.979Z ERROR OSC send failed: getaddrinfo ENOTFOUND 127.0.0
2026-08-21T05:49:38.980Z ERROR OSC send failed: getaddrinfo ENOTFOUND 127.0.0.
2026-08-21T05:49:38.981Z ERROR OSC send failed: getaddrinfo ENOTFOUND 127.0.0.
2026-08-21T05:49:39.429Z DEBUG OSC out: /2/mute = 0
2026-08-21T05:49:39.430Z DEBUG OSC out: /1/globalMute = 0
2026-08-21T05:49:39.570Z DEBUG OSC out: /2/mute = 0
2026-08-21T05:49:39.570Z DEBUG OSC out: /1/globalMute = 0
2026-08-21T05:49:39.571Z DEBUG OSC out: /2/mute = 0
2026-08-21T05:49:39.571Z DEBUG OSC out: /1/globalMute = 0
2026-08-21T05:49:39.602Z DEBUG OSC out: /2/mute = 0
2026-08-21T05:49:39.602Z DEBUG OSC out: /1/globalMute = 0
2026-08-21T05:49:39.791Z DEBUG OSC out: /2/mute = 0
2026-08-21T05:49:39.792Z DEBUG OSC out: /1/globalMute = 0
2026-08-21T05:49:40.265Z DEBUG OSC out: /2/mute = 0
2026-08-21T05:49:40.265Z DEBUG OSC out: /1/globalMute = 0
2026-08-21T05:49:40.280Z DEBUG OSC out: /2/mute = 0
2026-08-21T05:49:40.281Z DEBUG OSC out: /1/globalMute = 0
2026-08-21T05:49:40.453Z DEBUG OSC out: /2/mute = 0
2026-08-21T05:49:40.453Z DEBUG OSC out: /1/globalMute = 0
2026-08-21T05:49:40.453Z DEBUG OSC out: /2/mute = 0
2026-08-21T05:49:40.454Z DEBUG OSC out: /1/globalMute = 0
2026-08-21T05:49:40.736Z DEBUG OSC out: /2/mute = 0
2026-08-21T05:49:40.737Z DEBUG OSC out: /1/globalMute = 0
2026-08-21T05:49:40.752Z DEBUG OSC out: /2/mute = 0
2026-08-21T05:49:40.752Z DEBUG OSC out: /1/globalMute = 0
2026-08-21T05:49:40.895Z DEBUG OSC out: /2/mute = 0
2026-08-21T05:49:40.895Z DEBUG OSC out: /1/globalMute = 0
2026-08-21T05:49:40.973Z DEBUG OSC out: /2/mute = 0
2026-08-21T05:49:40.973Z DEBUG OSC out: /1/globalMute = 0
2026-08-21T05:49:41.257Z ERROR OSC send failed: getaddrinfo ENOTFOUND 127
2026-08-21T05:49:41.257Z ERROR OSC send failed: getaddrinfo ENOTFOUND 127
2026-08-21T05:49:41.444Z DEBUG OSC out: /2/mute = 0
2026-08-21T05:49:41.444Z DEBUG OSC out: /1/globalMute = 0
2026-08-21T05:49:41.570Z DEBUG OSC out: /2/mute = 0
2026-08-21T05:49:41.571Z DEBUG OSC out: /1/globalMute = 0
2026-08-21T05:49:41.571Z DEBUG OSC out: /2/mute = 0
2026-08-21T05:49:41.571Z DEBUG OSC out: /1/globalMute = 0
2026-08-21T05:49:41.617Z DEBUG OSC out: /2/mute = 0
2026-08-21T05:49:41.618Z DEBUG OSC out: /1/globalMute = 0
2026-08-21T05:49:41.792Z DEBUG OSC out: /2/mute = 0
2026-08-21T05:49:41.793Z DEBUG OSC out: /1/globalMute = 0
2026-08-21T05:49:42.278Z DEBUG OSC out: /2/mute = 0
2026-08-21T05:49:42.278Z DEBUG OSC out: /1/globalMute = 0
2026-08-21T05:49:42.293Z DEBUG OSC out: /2/mute = 0
2026-08-21T05:49:42.293Z DEBUG OSC out: /1/globalMute = 0
2026-08-21T05:49:42.465Z DEBUG OSC out: /2/mute = 0
2026-08-21T05:49:42.466Z DEBUG OSC out: /1/globalMute = 0
2026-08-21T05:49:42.466Z DEBUG OSC out: /2/mute = 0
2026-08-21T05:49:42.466Z DEBUG OSC out: /1/globalMute = 0
2026-08-21T05:49:42.749Z DEBUG OSC out: /2/mute = 0
2026-08-21T05:49:42.750Z DEBUG OSC out: /1/globalMute = 0
2026-08-21T05:49:42.764Z DEBUG OSC out: /2/mute = 0
2026-08-21T05:49:42.765Z DEBUG OSC out: /1/globalMute = 0
2026-08-21T05:49:42.906Z DEBUG OSC out: /2/mute = 0
2026-08-21T05:49:42.907Z DEBUG OSC out: /1/globalMute = 0
2026-08-21T05:49:42.985Z DEBUG OSC out: /2/mute = 0
2026-08-21T05:49:42.985Z DEBUG OSC out: /1/globalMute = 0
2026-08-21T05:49:43.458Z DEBUG OSC out: /2/mute = 0
2026-08-21T05:49:43.458Z DEBUG OSC out: /1/globalMute = 0
2026-08-21T05:49:43.583Z DEBUG OSC out: /2/mute = 0
2026-08-21T05:49:43.583Z DEBUG OSC out: /1/globalMute = 0
2026-08-21T05:49:43.583Z DEBUG OSC out: /2/mute = 0
2026-08-21T05:49:43.584Z DEBUG OSC out: /1/globalMute = 0
2026-08-21T05:49:43.631Z DEBUG OSC out: /2/mute = 0
2026-08-21T05:49:43.631Z DEBUG OSC out: /1/globalMute = 0
2026-08-21T05:49:43.805Z DEBUG OSC out: /2/mute = 0
2026-08-21T05:49:43.805Z DEBUG OSC out: /1/globalMute = 0
2026-08-21T05:49:43.947Z ERROR OSC send failed: getaddrinfo ENOTFOUND 12
2026-08-21T05:49:43.948Z ERROR OSC send failed: getaddrinfo ENOTFOUND 12
2026-08-21T05:49:43.950Z ERROR OSC send failed: getaddrinfo ENOTFOUND 127.0.
2026-08-21T05:49:43.950Z ERROR OSC send failed: getaddrinfo ENOTFOUND 127.0.
2026-08-21T05:49:44.291Z DEBUG OSC out: /2/mute = 0
2026-08-21T05:49:44.292Z DEBUG OSC out: /1/globalMute = 0
2026-08-21T05:49:44.307Z DEBUG OSC out: /2/mute = 0
2026-08-21T05:49:44.307Z DEBUG OSC out: /1/globalMute = 0
2026-08-21T05:49:44.479Z DEBUG OSC out: /2/mute = 0
2026-08-21T05:49:44.479Z DEBUG OSC out: /1/globalMute = 0
2026-08-21T05:49:44.479Z DEBUG OSC out: /2/mute = 0
2026-08-21T05:49:44.480Z DEBUG OSC out: /1/globalMute = 0
2026-08-21T05:49:44.762Z DEBUG OSC out: /2/mute = 0
2026-08-21T05:49:44.762Z DEBUG OSC out: /1/globalMute = 0
2026-08-21T05:49:44.777Z DEBUG OSC out: /2/mute = 0
2026-08-21T05:49:44.777Z DEBUG OSC out: /1/globalMute = 0
2026-08-21T05:49:44.920Z DEBUG OSC out: /2/mute = 0
2026-08-21T05:49:44.921Z DEBUG OSC out: /1/globalMute = 0
2026-08-21T05:49:44.998Z DEBUG OSC out: /2/mute = 0
2026-08-21T05:49:44.998Z DEBUG OSC out: /1/globalMute = 0
2026-08-21T05:49:45.468Z DEBUG OSC out: /2/mute = 0
2026-08-21T05:49:45.468Z DEBUG OSC out: /1/globalMute = 0
2026-08-21T05:49:45.594Z DEBUG OSC out: /2/mute = 0
2026-08-21T05:49:45.595Z DEBUG OSC out: /1/globalMute = 0
2026-08-21T05:49:45.595Z DEBUG OSC out: /2/mute = 0
2026-08-21T05:49:45.596Z DEBUG OSC out: /1/globalMute = 0
2026-08-21T05:49:45.642Z DEBUG OSC out: /2/mute = 0
2026-08-21T05:49:45.643Z DEBUG OSC out: /1/globalMute = 0
2026-08-21T05:49:45.815Z DEBUG OSC out: /2/mute = 0
2026-08-21T05:49:45.816Z DEBUG OSC out: /1/globalMute = 0
2026-08-21T05:49:46.302Z DEBUG OSC out: /2/mute = 0
2026-08-21T05:49:46.303Z DEBUG OSC out: /1/globalMute = 0
2026-08-21T05:49:46.318Z DEBUG OSC out: /2/mute = 0
2026-08-21T05:49:46.318Z DEBUG OSC out: /1/globalMute = 0
2026-08-21T05:49:46.490Z DEBUG OSC out: /2/mute = 0
2026-08-21T05:49:46.491Z DEBUG OSC out: /1/globalMute = 0
2026-08-21T05:49:46.491Z DEBUG OSC out: /2/mute = 0
2026-08-21T05:49:46.491Z DEBUG OSC out: /1/globalMute = 0
2026-08-21T05:49:46.631Z ERROR OSC send failed: getaddrinfo ENOTFOUND 127
2026-08-21T05:49:46.631Z ERROR OSC send failed: getaddrinfo ENOTFOUND 127
2026-08-21T05:49:46.632Z ERROR OSC send failed: getaddrinfo ENOTFOUND 127.0.0
2026-08-21T05:49:46.632Z ERROR OSC send failed: getaddrinfo ENOTFOUND 127.0.0
2026-08-21T05:49:46.637Z ERROR OSC send failed: getaddrinfo ENOTFOUND 127.0.0.
2026-08-21T05:49:46.637Z ERROR OSC send failed: getaddrinfo ENOTFOUND 127.0.0.
2026-08-21T05:49:46.772Z DEBUG OSC out: /2/mute = 0
2026-08-21T05:49:46.772Z DEBUG OSC out: /1/globalMute = 0
2026-08-21T05:49:46.787Z DEBUG OSC out: /2/mute = 0
2026-08-21T05:49:46.788Z DEBUG OSC out: /1/globalMute = 0
2026-08-21T05:49:46.928Z DEBUG OSC out: /2/mute = 0
2026-08-21T05:49:46.929Z DEBUG OSC out: /1/globalMute = 0
2026-08-21T05:49:47.007Z DEBUG OSC out: /2/mute = 0
2026-08-21T05:49:47.007Z DEBUG OSC out: /1/globalMute = 0
2026-08-21T05:49:47.480Z DEBUG OSC out: /2/mute = 0
2026-08-21T05:49:47.480Z DEBUG OSC out: /1/globalMute = 0
2026-08-21T05:49:47.605Z DEBUG OSC out: /2/mute = 0
2026-08-21T05:49:47.606Z DEBUG OSC out: /1/globalMute = 0
2026-08-21T05:49:47.606Z DEBUG OSC out: /2/mute = 0
2026-08-21T05:49:47.606Z DEBUG OSC out: /1/globalMute = 0
2026-08-21T05:49:47.651Z DEBUG OSC out: /2/mute = 0
2026-08-21T05:49:47.652Z DEBUG OSC out: /1/globalMute = 0
2026-08-21T05:49:47.825Z DEBUG OSC out: /2/mute = 0
2026-08-21T05:49:47.825Z DEBUG OSC out: /1/globalMute = 0
2026-08-21T05:49:48.307Z DEBUG OSC out: /2/mute = 0
2026-08-21T05:49:48.307Z DEBUG OSC out: /1/globalMute = 0
2026-08-21T05:49:48.322Z DEBUG OSC out: /2/mute = 0
2026-08-21T05:49:48.323Z DEBUG OSC out: /1/globalMute = 0
2026-08-21T05:49:48.494Z DEBUG OSC out: /2/mute = 0
2026-08-21T05:49:48.494Z DEBUG OSC out: /1/globalMute = 0
2026-08-21T05:49:48.495Z DEBUG OSC out: /2/mute = 0
2026-08-21T05:49:48.495Z DEBUG OSC out: /1/globalMute = 0
2026-08-21T05:49:48.776Z DEBUG OSC out: /2/mute = 0
2026-08-21T05:49:48.776Z DEBUG OSC out: /1/globalMute = 0
2026-08-21T05:49:48.792Z DEBUG OSC out: /2/mute = 0
2026-08-21T05:49:48.792Z DEBUG OSC out: /1/globalMute = 0
2026-08-21T05:49:48.917Z ERROR OSC send failed: getaddrinfo ENOTFOUND 127
2026-08-21T05:49:48.917Z ERROR OSC send failed: getaddrinfo ENOTFOUND 127
2026-08-21T05:49:48.932Z DEBUG OSC out: /2/mute = 0
2026-08-21T05:49:48.932Z DEBUG OSC out: /1/globalMute = 0
2026-08-21T05:49:49.010Z DEBUG OSC out: /2/mute = 0
2026-08-21T05:49:49.010Z DEBUG OSC out: /1/globalMute = 0
2026-08-21T05:49:49.480Z DEBUG OSC out: /2/mute = 0
2026-08-21T05:49:49.481Z DEBUG OSC out: /1/globalMute = 0
2026-08-21T05:49:49.606Z DEBUG OSC out: /2/mute = 0
2026-08-21T05:49:49.606Z DEBUG OSC out: /1/globalMute = 0
2026-08-21T05:49:49.607Z DEBUG OSC out: /2/mute = 0
2026-08-21T05:49:49.607Z DEBUG OSC out: /1/globalMute = 0
2026-08-21T05:49:49.653Z DEBUG OSC out: /2/mute = 0
2026-08-21T05:49:49.654Z DEBUG OSC out: /1/globalMute = 0
2026-08-21T05:49:49.825Z DEBUG OSC out: /2/mute = 0
2026-08-21T05:49:49.826Z DEBUG OSC out: /1/globalMute = 0
2026-08-21T05:49:50.313Z DEBUG OSC out: /2/mute = 0
2026-08-21T05:49:50.314Z DEBUG OSC out: /1/globalMute = 0
2026-08-21T05:49:50.329Z DEBUG OSC out: /2/mute = 0
2026-08-21T05:49:50.330Z DEBUG OSC out: /1/globalMute = 0
2026-08-21T05:49:50.500Z DEBUG OSC out: /2/mute = 0
2026-08-21T05:49:50.500Z DEBUG OSC out: /1/globalMute = 0
2026-08-21T05:49:50.501Z DEBUG OSC out: /2/mute = 0
2026-08-21T05:49:50.501Z DEBUG OSC out: /1/globalMute = 0
2026-08-21T05:49:50.783Z DEBUG OSC out: /2/mute = 0
2026-08-21T05:49:50.783Z DEBUG OSC out: /1/globalMute = 0
2026-08-21T05:49:50.798Z DEBUG OSC out: /2/mute = 0
2026-08-21T05:49:50.798Z DEBUG OSC out: /1/globalMute = 0
2026-08-21T05:49:50.938Z DEBUG OSC out: /2/mute = 0
2026-08-21T05:49:50.939Z DEBUG OSC out: /1/globalMute = 0
2026-08-21T05:49:51.016Z DEBUG OSC out: /2/mute = 0
2026-08-21T05:49:51.017Z DEBUG OSC out: /1/globalMute = 0
2026-08-21T05:49:51.490Z DEBUG OSC out: /2/mute = 0
2026-08-21T05:49:51.490Z DEBUG OSC out: /1/globalMute = 0
2026-08-21T05:49:51.600Z ERROR OSC send failed: getaddrinfo ENOTFOUND 12
2026-08-21T05:49:51.600Z ERROR OSC send failed: getaddrinfo ENOTFOUND 12
2026-08-21T05:49:51.606Z ERROR OSC send failed: getaddrinfo ENOTFOUND 127.0.
2026-08-21T05:49:51.607Z DEBUG OSC out: /2/mute = 0
2026-08-21T05:49:51.607Z DEBUG OSC out: /1/globalMute = 0
2026-08-21T05:49:51.607Z DEBUG OSC out: /2/mute = 0
2026-08-21T05:49:51.608Z DEBUG OSC out: /1/globalMute = 0
2026-08-21T05:49:51.608Z ERROR OSC send failed: getaddrinfo ENOTFOUND 127.0.
2026-08-21T05:49:51.662Z DEBUG OSC out: /2/mute = 0
2026-08-21T05:49:51.662Z DEBUG OSC out: /1/globalMute = 0
2026-08-21T05:49:51.836Z DEBUG OSC out: /2/mute = 0
2026-08-21T05:49:51.837Z DEBUG OSC out: /1/globalMute = 0
2026-08-21T05:49:52.323Z DEBUG OSC out: /2/mute = 0
2026-08-21T05:49:52.323Z DEBUG OSC out: /1/globalMute = 0
2026-08-21T05:49:52.339Z DEBUG OSC out: /2/mute = 0
2026-08-21T05:49:52.339Z DEBUG OSC out: /1/globalMute = 0
2026-08-21T05:49:52.511Z DEBUG OSC out: /2/mute = 0
2026-08-21T05:49:52.511Z DEBUG OSC out: /1/globalMute = 0
2026-08-21T05:49:52.512Z DEBUG OSC out: /2/mute = 0
2026-08-21T05:49:52.512Z DEBUG OSC out: /1/globalMute = 0
2026-08-21T05:49:52.793Z DEBUG OSC out: /2/mute = 0
2026-08-21T05:49:52.793Z DEBUG OSC out: /1/globalMute = 0
2026-08-21T05:49:52.809Z DEBUG OSC out: /2/mute = 0
2026-08-21T05:49:52.810Z DEBUG OSC out: /1/globalMute = 0
2026-08-21T05:49:52.951Z DEBUG OSC out: /2/mute = 0
2026-08-21T05:49:52.951Z DEBUG OSC out: /1/globalMute = 0
2026-08-21T05:49:53.030Z DEBUG OSC out: /2/mute = 0
2026-08-21T05:49:53.031Z DEBUG OSC out: /1/globalMute = 0
2026-08-21T05:49:53.500Z DEBUG OSC out: /2/mute = 0
2026-08-21T05:49:53.501Z DEBUG OSC out: /1/globalMute = 0
2026-08-21T05:49:53.611Z DEBUG OSC out: /2/mute = 0
2026-08-21T05:49:53.611Z DEBUG OSC out: /1/globalMute = 0
2026-08-21T05:49:53.612Z DEBUG OSC out: /2/mute = 0
2026-08-21T05:49:53.612Z DEBUG OSC out: /1/globalMute = 0
2026-08-21T05:49:53.674Z DEBUG OSC out: /2/mute = 0
2026-08-21T05:49:53.675Z DEBUG OSC out: /1/globalMute = 0
2026-08-21T05:49:53.848Z DEBUG OSC out: /2/mute = 0
2026-08-21T05:49:53.848Z DEBUG OSC out: /1/globalMute = 0
2026-08-21T05:49:54.288Z ERROR OSC send failed: getaddrinfo ENOTFOUND 127
2026-08-21T05:49:54.288Z ERROR OSC send failed: getaddrinfo ENOTFOUND 127
2026-08-21T05:49:54.288Z ERROR OSC send failed: getaddrinfo ENOTFOUND 127.0.0
2026-08-21T05:49:54.288Z ERROR OSC send failed: getaddrinfo ENOTFOUND 127.0.0
2026-08-21T05:49:54.293Z ERROR OSC send failed: getaddrinfo ENOTFOUND 127.0.0.
2026-08-21T05:49:54.294Z ERROR OSC send failed: getaddrinfo ENOTFOUND 127.0.0.
2026-08-21T05:49:54.335Z DEBUG OSC out: /2/mute = 0
2026-08-21T05:49:54.336Z DEBUG OSC out: /1/globalMute = 0
2026-08-21T05:49:54.351Z DEBUG OSC out: /2/mute = 0
2026-08-21T05:49:54.351Z DEBUG OSC out: /1/globalMute = 0
2026-08-21T05:49:54.523Z DEBUG OSC out: /2/mute = 0
2026-08-21T05:49:54.523Z DEBUG OSC out: /1/globalMute = 0
2026-08-21T05:49:54.524Z DEBUG OSC out: /2/mute = 0
2026-08-21T05:49:54.524Z DEBUG OSC out: /1/globalMute = 0
2026-08-21T05:49:54.805Z DEBUG OSC out: /2/mute = 0
2026-08-21T05:49:54.805Z DEBUG OSC out: /1/globalMute = 0
2026-08-21T05:49:54.821Z DEBUG OSC out: /2/mute = 0
2026-08-21T05:49:54.821Z DEBUG OSC out: /1/globalMute = 0
2026-08-21T05:49:54.962Z DEBUG OSC out: /2/mute = 0
2026-08-21T05:49:54.963Z DEBUG OSC out: /1/globalMute = 0
2026-08-21T05:49:55.040Z DEBUG OSC out: /2/mute = 0
2026-08-21T05:49:55.040Z DEBUG OSC out: /1/globalMute = 0
2026-08-21T05:49:55.513Z DEBUG OSC out: /2/mute = 0
2026-08-21T05:49:55.513Z DEBUG OSC out: /1/globalMute = 0
2026-08-21T05:49:55.624Z DEBUG OSC out: /2/mute = 0
2026-08-21T05:49:55.627Z DEBUG OSC out: /1/globalMute = 0
2026-08-21T05:49:55.628Z DEBUG OSC out: /2/mute = 0
2026-08-21T05:49:55.628Z DEBUG OSC out: /1/globalMute = 0
2026-08-21T05:49:55.686Z DEBUG OSC out: /2/mute = 0
2026-08-21T05:49:55.687Z DEBUG OSC out: /1/globalMute = 0
2026-08-21T05:49:55.859Z DEBUG OSC out: /2/mute = 0
2026-08-21T05:49:55.860Z DEBUG OSC out: /1/globalMute = 0
2026-08-21T05:49:56.346Z DEBUG OSC out: /2/mute = 0
2026-08-21T05:49:56.347Z DEBUG OSC out: /1/globalMute = 0
2026-08-21T05:49:56.362Z DEBUG OSC out: /2/mute = 0
2026-08-21T05:49:56.362Z DEBUG OSC out: /1/globalMute = 0
2026-08-21T05:49:56.536Z DEBUG OSC out: /2/mute = 0
2026-08-21T05:49:56.537Z DEBUG OSC out: /1/globalMute = 0
2026-08-21T05:49:56.537Z DEBUG OSC out: /2/mute = 0
2026-08-21T05:49:56.537Z DEBUG OSC out: /1/globalMute = 0
2026-08-21T05:49:56.567Z ERROR OSC send failed: getaddrinfo ENOTFOUND 127
2026-08-21T05:49:56.567Z ERROR OSC send failed: getaddrinfo ENOTFOUND 127
2026-08-21T05:49:56.818Z DEBUG OSC out: /2/mute = 0
2026-08-21T05:49:56.819Z DEBUG OSC out: /1/globalMute = 0
2026-08-21T05:49:56.834Z DEBUG OSC out: /2/mute = 0
2026-08-21T05:49:56.834Z DEBUG OSC out: /1/globalMute = 0
2026-08-21T05:49:56.974Z DEBUG OSC out: /2/mute = 0
2026-08-21T05:49:56.974Z DEBUG OSC out: /1/globalMute = 0
2026-08-21T05:49:57.051Z DEBUG OSC out: /2/mute = 0
2026-08-21T05:49:57.052Z DEBUG OSC out: /1/globalMute = 0
2026-08-21T05:49:57.523Z DEBUG OSC out: /2/mute = 0
2026-08-21T05:49:57.523Z DEBUG OSC out: /1/globalMute = 0
2026-08-21T05:49:57.634Z DEBUG OSC out: /2/mute = 0
2026-08-21T05:49:57.634Z DEBUG OSC out: /1/globalMute = 0
2026-08-21T05:49:57.635Z DEBUG OSC out: /2/mute = 0
2026-08-21T05:49:57.635Z DEBUG OSC out: /1/globalMute = 0
2026-08-21T05:49:57.698Z DEBUG OSC out: /2/mute = 0
2026-08-21T05:49:57.699Z DEBUG OSC out: /1/globalMute = 0
2026-08-21T05:49:57.873Z DEBUG OSC out: /2/mute = 0
2026-08-21T05:49:57.873Z DEBUG OSC out: /1/globalMute = 0
2026-08-21T05:49:58.362Z DEBUG OSC out: /2/mute = 0
2026-08-21T05:49:58.362Z DEBUG OSC out: /1/globalMute = 0
2026-08-21T05:49:58.363Z DEBUG OSC out: /2/mute = 0
2026-08-21T05:49:58.363Z DEBUG OSC out: /1/globalMute = 0
2026-08-21T05:49:58.549Z DEBUG OSC out: /2/mute = 0
2026-08-21T05:49:58.549Z DEBUG OSC out: /1/globalMute = 0
2026-08-21T05:49:58.549Z DEBUG OSC out: /2/mute = 0
2026-08-21T05:49:58.549Z DEBUG OSC out: /1/globalMute = 0
2026-08-21T05:49:58.829Z DEBUG OSC out: /2/mute = 0
2026-08-21T05:49:58.830Z DEBUG OSC out: /1/globalMute = 0
2026-08-21T05:49:58.846Z DEBUG OSC out: /2/mute = 0
2026-08-21T05:49:58.846Z DEBUG OSC out: /1/globalMute = 0
2026-08-21T05:49:58.985Z DEBUG OSC out: /2/mute = 0
2026-08-21T05:49:58.985Z DEBUG OSC out: /1/globalMute = 0
2026-08-21T05:49:59.063Z DEBUG OSC out: /2/mute = 0
2026-08-21T05:49:59.064Z DEBUG OSC out: /1/globalMute = 0
2026-08-21T05:49:59.267Z ERROR OSC send failed: getaddrinfo ENOTFOUND 12
2026-08-21T05:49:59.267Z ERROR OSC send failed: getaddrinfo ENOTFOUND 12
2026-08-21T05:49:59.269Z ERROR OSC send failed: getaddrinfo ENOTFOUND 127.0.
2026-08-21T05:49:59.269Z ERROR OSC send failed: getaddrinfo ENOTFOUND 127.0.
2026-08-21T05:49:59.534Z DEBUG OSC out: /2/mute = 0
2026-08-21T05:49:59.534Z DEBUG OSC out: /1/globalMute = 0
2026-08-21T05:49:59.644Z DEBUG OSC out: /2/mute = 0
2026-08-21T05:49:59.644Z DEBUG OSC out: /1/globalMute = 0
2026-08-21T05:49:59.644Z DEBUG OSC out: /2/mute = 0
2026-08-21T05:49:59.644Z DEBUG OSC out: /1/globalMute = 0
2026-08-21T05:49:59.707Z DEBUG OSC out: /2/mute = 0
2026-08-21T05:49:59.707Z DEBUG OSC out: /1/globalMute = 0
2026-08-21T05:49:59.880Z DEBUG OSC out: /2/mute = 0
2026-08-21T05:49:59.881Z DEBUG OSC out: /1/globalMute = 0
2026-08-21T05:50:00.366Z DEBUG OSC out: /2/mute = 0
2026-08-21T05:50:00.366Z DEBUG OSC out: /1/globalMute = 0
2026-08-21T05:50:00.366Z DEBUG OSC out: /2/mute = 0
2026-08-21T05:50:00.367Z DEBUG OSC out: /1/globalMute = 0
2026-08-21T05:50:00.555Z DEBUG OSC out: /2/mute = 0
2026-08-21T05:50:00.555Z DEBUG OSC out: /1/globalMute = 0
2026-08-21T05:50:00.555Z DEBUG OSC out: /2/mute = 0
2026-08-21T05:50:00.556Z DEBUG OSC out: /1/globalMute = 0
2026-08-21T05:50:00.839Z DEBUG OSC out: /2/mute = 0
2026-08-21T05:50:00.839Z DEBUG OSC out: /1/globalMute = 0
2026-08-21T05:50:00.855Z DEBUG OSC out: /2/mute = 0
2026-08-21T05:50:00.855Z DEBUG OSC out: /1/globalMute = 0
2026-08-21T05:50:00.996Z DEBUG OSC out: /2/mute = 0
2026-08-21T05:50:00.996Z DEBUG OSC out: /1/globalMute = 0
2026-08-21T05:50:01.075Z DEBUG OSC out: /2/mute = 0
2026-08-21T05:50:01.075Z DEBUG OSC out: /1/globalMute = 0
2026-08-21T05:50:01.549Z DEBUG OSC out: /2/mute = 0
2026-08-21T05:50:01.550Z DEBUG OSC out: /1/globalMute = 0
2026-08-21T05:50:01.644Z DEBUG OSC out: /2/mute = 0
2026-08-21T05:50:01.644Z DEBUG OSC out: /1/globalMute = 0
2026-08-21T05:50:01.645Z DEBUG OSC out: /2/mute = 0
2026-08-21T05:50:01.645Z DEBUG OSC out: /1/globalMute = 0
2026-08-21T05:50:01.708Z DEBUG OSC out: /2/mute = 0
2026-08-21T05:50:01.708Z DEBUG OSC out: /1/globalMute = 0
2026-08-21T05:50:01.882Z DEBUG OSC out: /2/mute = 0
2026-08-21T05:50:01.883Z DEBUG OSC out: /1/globalMute = 0
2026-08-21T05:50:01.960Z ERROR OSC send failed: getaddrinfo ENOTFOUND 127
2026-08-21T05:50:01.961Z ERROR OSC send failed: getaddrinfo ENOTFOUND 127
2026-08-21T05:50:01.962Z ERROR OSC send failed: getaddrinfo ENOTFOUND 127.0.0
2026-08-21T05:50:01.963Z ERROR OSC send failed: getaddrinfo ENOTFOUND 127.0.0
2026-08-21T05:50:01.964Z ERROR OSC send failed: getaddrinfo ENOTFOUND 127.0.0.
2026-08-21T05:50:01.964Z ERROR OSC send failed: getaddrinfo ENOTFOUND 127.0.0.
2026-08-21T05:50:02.366Z DEBUG OSC out: /2/mute = 0
2026-08-21T05:50:02.366Z DEBUG OSC out: /1/globalMute = 0
2026-08-21T05:50:02.367Z DEBUG OSC out: /2/mute = 0
2026-08-21T05:50:02.367Z DEBUG OSC out: /1/globalMute = 0
2026-08-21T05:50:02.557Z DEBUG OSC out: /2/mute = 0
2026-08-21T05:50:02.558Z DEBUG OSC out: /1/globalMute = 0
2026-08-21T05:50:02.558Z DEBUG OSC out: /2/mute = 0
2026-08-21T05:50:02.558Z DEBUG OSC out: /1/globalMute = 0
2026-08-21T05:50:02.844Z DEBUG OSC out: /2/mute = 0
2026-08-21T05:50:02.845Z DEBUG OSC out: /1/globalMute = 0
2026-08-21T05:50:02.860Z DEBUG OSC out: /2/mute = 0
2026-08-21T05:50:02.860Z DEBUG OSC out: /1/globalMute = 0
2026-08-21T05:50:03.001Z DEBUG OSC out: /2/mute = 0
2026-08-21T05:50:03.001Z DEBUG OSC out: /1/globalMute = 0
2026-08-21T05:50:03.078Z DEBUG OSC out: /2/mute = 0
2026-08-21T05:50:03.078Z DEBUG OSC out: /1/globalMute = 0
2026-08-21T05:50:03.564Z DEBUG OSC out: /2/mute = 0
2026-08-21T05:50:03.565Z DEBUG OSC out: /1/globalMute = 0
2026-08-21T05:50:03.658Z DEBUG OSC out: /2/mute = 0
2026-08-21T05:50:03.659Z DEBUG OSC out: /1/globalMute = 0
2026-08-21T05:50:03.659Z DEBUG OSC out: /2/mute = 0
2026-08-21T05:50:03.659Z DEBUG OSC out: /1/globalMute = 0
2026-08-21T05:50:03.721Z DEBUG OSC out: /2/mute = 0
2026-08-21T05:50:03.721Z DEBUG OSC out: /1/globalMute = 0
2026-08-21T05:50:03.895Z DEBUG OSC out: /2/mute = 0
2026-08-21T05:50:03.895Z DEBUG OSC out: /1/globalMute = 0
2026-08-21T05:50:04.227Z ERROR OSC send failed: getaddrinfo ENOTFOUND 127
2026-08-21T05:50:04.228Z ERROR OSC send failed: getaddrinfo ENOTFOUND 127
2026-08-21T05:50:04.368Z DEBUG OSC out: /2/mute = 0
2026-08-21T05:50:04.368Z DEBUG OSC out: /1/globalMute = 0
2026-08-21T05:50:04.369Z DEBUG OSC out: /2/mute = 0
2026-08-21T05:50:04.369Z DEBUG OSC out: /1/globalMute = 0
2026-08-21T05:50:04.557Z DEBUG OSC out: /2/mute = 0
2026-08-21T05:50:04.557Z DEBUG OSC out: /1/globalMute = 0
2026-08-21T05:50:04.572Z DEBUG OSC out: /2/mute = 0
2026-08-21T05:50:04.572Z DEBUG OSC out: /1/globalMute = 0
2026-08-21T05:50:04.857Z DEBUG OSC out: /2/mute = 0
2026-08-21T05:50:04.857Z DEBUG OSC out: /1/globalMute = 0
2026-08-21T05:50:04.873Z DEBUG OSC out: /2/mute = 0
2026-08-21T05:50:04.873Z DEBUG OSC out: /1/globalMute = 0
2026-08-21T05:50:05.014Z DEBUG OSC out: /2/mute = 0
2026-08-21T05:50:05.015Z DEBUG OSC out: /1/globalMute = 0
2026-08-21T05:50:05.091Z DEBUG OSC out: /2/mute = 0
2026-08-21T05:50:05.092Z DEBUG OSC out: /1/globalMute = 0
2026-08-21T05:50:05.580Z DEBUG OSC out: /2/mute = 0
2026-08-21T05:50:05.581Z DEBUG OSC out: /1/globalMute = 0
2026-08-21T05:50:05.673Z DEBUG OSC out: /2/mute = 0
2026-08-21T05:50:05.674Z DEBUG OSC out: /1/globalMute = 0
2026-08-21T05:50:05.674Z DEBUG OSC out: /2/mute = 0
2026-08-21T05:50:05.675Z DEBUG OSC out: /1/globalMute = 0
2026-08-21T05:50:05.735Z DEBUG OSC out: /2/mute = 0
2026-08-21T05:50:05.736Z DEBUG OSC out: /1/globalMute = 0
2026-08-21T05:50:05.904Z DEBUG OSC out: /2/mute = 0
2026-08-21T05:50:05.904Z DEBUG OSC out: /1/globalMute = 0
2026-08-21T05:50:06.373Z DEBUG OSC out: /2/mute = 0
2026-08-21T05:50:06.373Z DEBUG OSC out: /1/globalMute = 0
2026-08-21T05:50:06.373Z DEBUG OSC out: /2/mute = 0
2026-08-21T05:50:06.374Z DEBUG OSC out: /1/globalMute = 0
2026-08-21T05:50:06.562Z DEBUG OSC out: /2/mute = 0
2026-08-21T05:50:06.562Z DEBUG OSC out: /1/globalMute = 0
2026-08-21T05:50:06.577Z DEBUG OSC out: /2/mute = 0
2026-08-21T05:50:06.577Z DEBUG OSC out: /1/globalMute = 0
2026-08-21T05:50:06.862Z DEBUG OSC out: /2/mute = 0
2026-08-21T05:50:06.862Z DEBUG OSC out: /1/globalMute = 0
2026-08-21T05:50:06.878Z DEBUG OSC out: /2/mute = 0
2026-08-21T05:50:06.878Z DEBUG OSC out: /1/globalMute = 0
2026-08-21T05:50:06.925Z ERROR OSC send failed: getaddrinfo ENOTFOUND 12
2026-08-21T05:50:06.926Z ERROR OSC send failed: getaddrinfo ENOTFOUND 12
2026-08-21T05:50:06.928Z ERROR OSC send failed: getaddrinfo ENOTFOUND 127.0.
2026-08-21T05:50:06.928Z ERROR OSC send failed: getaddrinfo ENOTFOUND 127.0.
2026-08-21T05:50:07.019Z DEBUG OSC out: /2/mute = 0
2026-08-21T05:50:07.019Z DEBUG OSC out: /1/globalMute = 0
2026-08-21T05:50:07.097Z DEBUG OSC out: /2/mute = 0
2026-08-21T05:50:07.097Z DEBUG OSC out: /1/globalMute = 0
2026-08-21T05:50:07.582Z DEBUG OSC out: /2/mute = 0
2026-08-21T05:50:07.582Z DEBUG OSC out: /1/globalMute = 0
2026-08-21T05:50:07.675Z DEBUG OSC out: /2/mute = 0
2026-08-21T05:50:07.675Z DEBUG OSC out: /1/globalMute = 0
2026-08-21T05:50:07.675Z DEBUG OSC out: /2/mute = 0
2026-08-21T05:50:07.676Z DEBUG OSC out: /1/globalMute = 0
2026-08-21T05:50:07.737Z DEBUG OSC out: /2/mute = 0
2026-08-21T05:50:07.738Z DEBUG OSC out: /1/globalMute = 0
2026-08-21T05:50:07.911Z DEBUG OSC out: /2/mute = 0
2026-08-21T05:50:07.912Z DEBUG OSC out: /1/globalMute = 0
2026-08-21T05:50:08.379Z DEBUG OSC out: /2/mute = 0
2026-08-21T05:50:08.379Z DEBUG OSC out: /1/globalMute = 0
2026-08-21T05:50:08.379Z DEBUG OSC out: /2/mute = 0
2026-08-21T05:50:08.380Z DEBUG OSC out: /1/globalMute = 0
2026-08-21T05:50:08.568Z DEBUG OSC out: /2/mute = 0
2026-08-21T05:50:08.569Z DEBUG OSC out: /1/globalMute = 0
2026-08-21T05:50:08.583Z DEBUG OSC out: /2/mute = 0
2026-08-21T05:50:08.584Z DEBUG OSC out: /1/globalMute = 0
2026-08-21T05:50:08.866Z DEBUG OSC out: /2/mute = 0
2026-08-21T05:50:08.867Z DEBUG OSC out: /1/globalMute = 0
2026-08-21T05:50:08.882Z DEBUG OSC out: /2/mute = 0
2026-08-21T05:50:08.883Z DEBUG OSC out: /1/globalMute = 0
2026-08-21T05:50:09.026Z DEBUG OSC out: /2/mute = 0
2026-08-21T05:50:09.027Z DEBUG OSC out: /1/globalMute = 0
2026-08-21T05:50:09.105Z DEBUG OSC out: /2/mute = 0
2026-08-21T05:50:09.105Z DEBUG OSC out: /1/globalMute = 0
2026-08-21T05:50:09.582Z DEBUG OSC out: /2/mute = 0
2026-08-21T05:50:09.582Z DEBUG OSC out: /1/globalMute = 0
2026-08-21T05:50:09.614Z ERROR OSC send failed: getaddrinfo ENOTFOUND 127
2026-08-21T05:50:09.614Z ERROR OSC send failed: getaddrinfo ENOTFOUND 127
2026-08-21T05:50:09.614Z ERROR OSC send failed: getaddrinfo ENOTFOUND 127.0.0
2026-08-21T05:50:09.614Z ERROR OSC send failed: getaddrinfo ENOTFOUND 127.0.0
2026-08-21T05:50:09.618Z ERROR OSC send failed: getaddrinfo ENOTFOUND 127.0.0.
2026-08-21T05:50:09.618Z ERROR OSC send failed: getaddrinfo ENOTFOUND 127.0.0.
2026-08-21T05:50:09.676Z DEBUG OSC out: /2/mute = 0
2026-08-21T05:50:09.676Z DEBUG OSC out: /1/globalMute = 0
2026-08-21T05:50:09.677Z DEBUG OSC out: /2/mute = 0
2026-08-21T05:50:09.677Z DEBUG OSC out: /1/globalMute = 0
2026-08-21T05:50:09.739Z DEBUG OSC out: /2/mute = 0
2026-08-21T05:50:09.740Z DEBUG OSC out: /1/globalMute = 0
2026-08-21T05:50:09.912Z DEBUG OSC out: /2/mute = 0
2026-08-21T05:50:09.918Z DEBUG OSC out: /1/globalMute = 0
2026-08-21T05:50:10.383Z DEBUG OSC out: /2/mute = 0
2026-08-21T05:50:10.383Z DEBUG OSC out: /1/globalMute = 0
2026-08-21T05:50:10.383Z DEBUG OSC out: /2/mute = 0
2026-08-21T05:50:10.384Z DEBUG OSC out: /1/globalMute = 0
2026-08-21T05:50:10.571Z DEBUG OSC out: /2/mute = 0
2026-08-21T05:50:10.571Z DEBUG OSC out: /1/globalMute = 0
2026-08-21T05:50:10.587Z DEBUG OSC out: /2/mute = 0
2026-08-21T05:50:10.587Z DEBUG OSC out: /1/globalMute = 0
2026-08-21T05:50:10.872Z DEBUG OSC out: /2/mute = 0
2026-08-21T05:50:10.872Z DEBUG OSC out: /1/globalMute = 0
2026-08-21T05:50:10.887Z DEBUG OSC out: /2/mute = 0
2026-08-21T05:50:10.887Z DEBUG OSC out: /1/globalMute = 0
2026-08-21T05:50:11.029Z DEBUG OSC out: /2/mute = 0
2026-08-21T05:50:11.029Z DEBUG OSC out: /1/globalMute = 0
2026-08-21T05:50:11.108Z DEBUG OSC out: /2/mute = 0
2026-08-21T05:50:11.108Z DEBUG OSC out: /1/globalMute = 0
2026-08-21T05:50:11.598Z DEBUG OSC out: /2/mute = 0
2026-08-21T05:50:11.598Z DEBUG OSC out: /1/globalMute = 0
2026-08-21T05:50:11.677Z DEBUG OSC out: /2/mute = 0
2026-08-21T05:50:11.677Z DEBUG OSC out: /1/globalMute = 0
2026-08-21T05:50:11.678Z DEBUG OSC out: /2/mute = 0
2026-08-21T05:50:11.678Z DEBUG OSC out: /1/globalMute = 0
2026-08-21T05:50:11.741Z DEBUG OSC out: /2/mute = 0
2026-08-21T05:50:11.741Z DEBUG OSC out: /1/globalMute = 0
2026-08-21T05:50:11.899Z ERROR OSC send failed: getaddrinfo ENOTFOUND 127
2026-08-21T05:50:11.899Z ERROR OSC send failed: getaddrinfo ENOTFOUND 127
2026-08-21T05:50:11.914Z DEBUG OSC out: /2/mute = 0
2026-08-21T05:50:11.914Z DEBUG OSC out: /1/globalMute = 0
2026-08-21T05:50:12.384Z DEBUG OSC out: /2/mute = 0
2026-08-21T05:50:12.384Z DEBUG OSC out: /1/globalMute = 0
2026-08-21T05:50:12.385Z DEBUG OSC out: /2/mute = 0
2026-08-21T05:50:12.385Z DEBUG OSC out: /1/globalMute = 0
2026-08-21T05:50:12.572Z DEBUG OSC out: /2/mute = 0
2026-08-21T05:50:12.572Z DEBUG OSC out: /1/globalMute = 0
2026-08-21T05:50:12.588Z DEBUG OSC out: /2/mute = 0
2026-08-21T05:50:12.589Z DEBUG OSC out: /1/globalMute = 0
2026-08-21T05:50:12.873Z DEBUG OSC out: /2/mute = 0
2026-08-21T05:50:12.874Z DEBUG OSC out: /1/globalMute = 0
2026-08-21T05:50:12.889Z DEBUG OSC out: /2/mute = 0
2026-08-21T05:50:12.889Z DEBUG OSC out: /1/globalMute = 0
2026-08-21T05:50:13.029Z DEBUG OSC out: /2/mute = 0
2026-08-21T05:50:13.029Z DEBUG OSC out: /1/globalMute = 0
2026-08-21T05:50:13.108Z DEBUG OSC out: /2/mute = 0
2026-08-21T05:50:13.108Z DEBUG OSC out: /1/globalMute = 0
2026-08-21T05:50:13.612Z DEBUG OSC out: /2/mute = 0
2026-08-21T05:50:13.612Z DEBUG OSC out: /1/globalMute = 0
2026-08-21T05:50:13.690Z DEBUG OSC out: /2/mute = 0
2026-08-21T05:50:13.690Z DEBUG OSC out: /1/globalMute = 0
2026-08-21T05:50:13.691Z DEBUG OSC out: /2/mute = 0
2026-08-21T05:50:13.691Z DEBUG OSC out: /1/globalMute = 0
2026-08-21T05:50:13.753Z DEBUG OSC out: /2/mute = 0
2026-08-21T05:50:13.754Z DEBUG OSC out: /1/globalMute = 0
2026-08-21T05:50:13.927Z DEBUG OSC out: /2/mute = 0
2026-08-21T05:50:13.927Z DEBUG OSC out: /1/globalMute = 0
2026-08-21T05:50:14.398Z DEBUG OSC out: /2/mute = 0
2026-08-21T05:50:14.398Z DEBUG OSC out: /1/globalMute = 0
2026-08-21T05:50:14.398Z DEBUG OSC out: /2/mute = 0
2026-08-21T05:50:14.399Z DEBUG OSC out: /1/globalMute = 0
2026-08-21T05:50:14.587Z DEBUG OSC out: /2/mute = 0
2026-08-21T05:50:14.588Z DEBUG OSC out: /1/globalMute = 0
2026-08-21T05:50:14.588Z ERROR OSC send failed: getaddrinfo ENOTFOUND 12
2026-08-21T05:50:14.588Z ERROR OSC send failed: getaddrinfo ENOTFOUND 12
2026-08-21T05:50:14.588Z DEBUG OSC out: /2/mute = 0
2026-08-21T05:50:14.589Z DEBUG OSC out: /1/globalMute = 0
2026-08-21T05:50:14.590Z ERROR OSC send failed: getaddrinfo ENOTFOUND 127.0.
2026-08-21T05:50:14.590Z ERROR OSC send failed: getaddrinfo ENOTFOUND 127.0.
2026-08-21T05:50:14.885Z DEBUG OSC out: /2/mute = 0
2026-08-21T05:50:14.885Z DEBUG OSC out: /1/globalMute = 0
2026-08-21T05:50:14.900Z DEBUG OSC out: /2/mute = 0
2026-08-21T05:50:14.900Z DEBUG OSC out: /1/globalMute = 0
2026-08-21T05:50:15.042Z DEBUG OSC out: /2/mute = 0
2026-08-21T05:50:15.042Z DEBUG OSC out: /1/globalMute = 0
2026-08-21T05:50:15.120Z DEBUG OSC out: /2/mute = 0
2026-08-21T05:50:15.120Z DEBUG OSC out: /1/globalMute = 0
2026-08-21T05:50:15.623Z DEBUG OSC out: /2/mute = 0
2026-08-21T05:50:15.624Z DEBUG OSC out: /1/globalMute = 0
2026-08-21T05:50:15.702Z DEBUG OSC out: /2/mute = 0
2026-08-21T05:50:15.703Z DEBUG OSC out: /1/globalMute = 0
2026-08-21T05:50:15.703Z DEBUG OSC out: /2/mute = 0
2026-08-21T05:50:15.703Z DEBUG OSC out: /1/globalMute = 0
2026-08-21T05:50:15.766Z DEBUG OSC out: /2/mute = 0
2026-08-21T05:50:15.766Z DEBUG OSC out: /1/globalMute = 0
2026-08-21T05:50:15.940Z DEBUG OSC out: /2/mute = 0
2026-08-21T05:50:15.941Z DEBUG OSC out: /1/globalMute = 0
2026-08-21T05:50:16.397Z DEBUG OSC out: /2/mute = 0
2026-08-21T05:50:16.398Z DEBUG OSC out: /1/globalMute = 0
2026-08-21T05:50:16.398Z DEBUG OSC out: /2/mute = 0
2026-08-21T05:50:16.398Z DEBUG OSC out: /1/globalMute = 0
2026-08-21T05:50:16.601Z DEBUG OSC out: /2/mute = 0
2026-08-21T05:50:16.601Z DEBUG OSC out: /1/globalMute = 0
2026-08-21T05:50:16.602Z DEBUG OSC out: /2/mute = 0
2026-08-21T05:50:16.602Z DEBUG OSC out: /1/globalMute = 0
2026-08-21T05:50:16.900Z DEBUG OSC out: /2/mute = 0
2026-08-21T05:50:16.900Z DEBUG OSC out: /1/globalMute = 0
2026-08-21T05:50:16.900Z DEBUG OSC out: /2/mute = 0
2026-08-21T05:50:16.900Z DEBUG OSC out: /1/globalMute = 0
2026-08-21T05:50:17.057Z DEBUG OSC out: /2/mute = 0
2026-08-21T05:50:17.057Z DEBUG OSC out: /1/globalMute = 0
2026-08-21T05:50:17.134Z DEBUG OSC out: /2/mute = 0
2026-08-21T05:50:17.134Z DEBUG OSC out: /1/globalMute = 0
2026-08-21T05:50:17.276Z ERROR OSC send failed: getaddrinfo ENOTFOUND 127
2026-08-21T05:50:17.276Z ERROR OSC send failed: getaddrinfo ENOTFOUND 127
2026-08-21T05:50:17.278Z ERROR OSC send failed: getaddrinfo ENOTFOUND 127.0.0
2026-08-21T05:50:17.278Z ERROR OSC send failed: getaddrinfo ENOTFOUND 127.0.0
2026-08-21T05:50:17.282Z ERROR OSC send failed: getaddrinfo ENOTFOUND 127.0.0.
2026-08-21T05:50:17.282Z ERROR OSC send failed: getaddrinfo ENOTFOUND 127.0.0.
2026-08-21T05:50:17.635Z DEBUG OSC out: /2/mute = 0
2026-08-21T05:50:17.635Z DEBUG OSC out: /1/globalMute = 0
2026-08-21T05:50:17.713Z DEBUG OSC out: /2/mute = 0
2026-08-21T05:50:17.714Z DEBUG OSC out: /1/globalMute = 0
2026-08-21T05:50:17.714Z DEBUG OSC out: /2/mute = 0
2026-08-21T05:50:17.714Z DEBUG OSC out: /1/globalMute = 0
2026-08-21T05:50:17.777Z DEBUG OSC out: /2/mute = 0
2026-08-21T05:50:17.778Z DEBUG OSC out: /1/globalMute = 0
2026-08-21T05:50:17.951Z DEBUG OSC out: /2/mute = 0
2026-08-21T05:50:17.951Z DEBUG OSC out: /1/globalMute = 0
2026-08-21T05:50:18.409Z DEBUG OSC out: /2/mute = 0
2026-08-21T05:50:18.409Z DEBUG OSC out: /1/globalMute = 0
2026-08-21T05:50:18.409Z DEBUG OSC out: /2/mute = 0
2026-08-21T05:50:18.410Z DEBUG OSC out: /1/globalMute = 0
2026-08-21T05:50:18.614Z DEBUG OSC out: /2/mute = 0
2026-08-21T05:50:18.614Z DEBUG OSC out: /1/globalMute = 0
2026-08-21T05:50:18.614Z DEBUG OSC out: /2/mute = 0
2026-08-21T05:50:18.614Z DEBUG OSC out: /1/globalMute = 0
2026-08-21T05:50:18.911Z DEBUG OSC out: /2/mute = 0
2026-08-21T05:50:18.911Z DEBUG OSC out: /1/globalMute = 0
2026-08-21T05:50:18.912Z DEBUG OSC out: /2/mute = 0
2026-08-21T05:50:18.912Z DEBUG OSC out: /1/globalMute = 0
2026-08-21T05:50:19.068Z DEBUG OSC out: /2/mute = 0
2026-08-21T05:50:19.068Z DEBUG OSC out: /1/globalMute = 0
2026-08-21T05:50:19.146Z DEBUG OSC out: /2/mute = 0
2026-08-21T05:50:19.147Z DEBUG OSC out: /1/globalMute = 0
2026-08-21T05:50:19.557Z ERROR OSC send failed: getaddrinfo ENOTFOUND 127
2026-08-21T05:50:19.557Z ERROR OSC send failed: getaddrinfo ENOTFOUND 127
2026-08-21T05:50:19.635Z DEBUG OSC out: /2/mute = 0
2026-08-21T05:50:19.635Z DEBUG OSC out: /1/globalMute = 0
2026-08-21T05:50:19.714Z DEBUG OSC out: /2/mute = 0
2026-08-21T05:50:19.715Z DEBUG OSC out: /1/globalMute = 0
2026-08-21T05:50:19.715Z DEBUG OSC out: /2/mute = 0
2026-08-21T05:50:19.715Z DEBUG OSC out: /1/globalMute = 0
2026-08-21T05:50:19.777Z DEBUG OSC out: /2/mute = 0
2026-08-21T05:50:19.778Z DEBUG OSC out: /1/globalMute = 0
2026-08-21T05:50:19.965Z DEBUG OSC out: /2/mute = 0
2026-08-21T05:50:19.965Z DEBUG OSC out: /1/globalMute = 0
2026-08-21T05:50:20.423Z DEBUG OSC out: /2/mute = 0
2026-08-21T05:50:20.424Z DEBUG OSC out: /1/globalMute = 0
2026-08-21T05:50:20.424Z DEBUG OSC out: /2/mute = 0
2026-08-21T05:50:20.424Z DEBUG OSC out: /1/globalMute = 0
2026-08-21T05:50:20.628Z DEBUG OSC out: /2/mute = 0
2026-08-21T05:50:20.628Z DEBUG OSC out: /1/globalMute = 0
2026-08-21T05:50:20.628Z DEBUG OSC out: /2/mute = 0
2026-08-21T05:50:20.628Z DEBUG OSC out: /1/globalMute = 0
2026-08-21T05:50:20.913Z DEBUG OSC out: /2/mute = 0
2026-08-21T05:50:20.913Z DEBUG OSC out: /1/globalMute = 0
2026-08-21T05:50:20.913Z DEBUG OSC out: /2/mute = 0
2026-08-21T05:50:20.914Z DEBUG OSC out: /1/globalMute = 0
2026-08-21T05:50:21.071Z DEBUG OSC out: /2/mute = 0
2026-08-21T05:50:21.071Z DEBUG OSC out: /1/globalMute = 0
2026-08-21T05:50:21.149Z DEBUG OSC out: /2/mute = 0
2026-08-21T05:50:21.150Z DEBUG OSC out: /1/globalMute = 0
2026-08-21T05:50:21.639Z DEBUG OSC out: /2/mute = 0
2026-08-21T05:50:21.639Z DEBUG OSC out: /1/globalMute = 0
2026-08-21T05:50:21.717Z DEBUG OSC out: /2/mute = 0
2026-08-21T05:50:21.717Z DEBUG OSC out: /1/globalMute = 0
2026-08-21T05:50:21.718Z DEBUG OSC out: /2/mute = 0
2026-08-21T05:50:21.718Z DEBUG OSC out: /1/globalMute = 0
2026-08-21T05:50:21.779Z DEBUG OSC out: /2/mute = 0
2026-08-21T05:50:21.779Z DEBUG OSC out: /1/globalMute = 0
2026-08-21T05:50:21.967Z DEBUG OSC out: /2/mute = 0
2026-08-21T05:50:21.967Z DEBUG OSC out: /1/globalMute = 0
2026-08-21T05:50:22.250Z ERROR OSC send failed: getaddrinfo ENOTFOUND 12
2026-08-21T05:50:22.251Z ERROR OSC send failed: getaddrinfo ENOTFOUND 12
2026-08-21T05:50:22.256Z ERROR OSC send failed: getaddrinfo ENOTFOUND 127.0.
2026-08-21T05:50:22.256Z ERROR OSC send failed: getaddrinfo ENOTFOUND 127.0.
2026-08-21T05:50:22.438Z DEBUG OSC out: /2/mute = 0
2026-08-21T05:50:22.438Z DEBUG OSC out: /1/globalMute = 0
2026-08-21T05:50:22.438Z DEBUG OSC out: /2/mute = 0
2026-08-21T05:50:22.438Z DEBUG OSC out: /1/globalMute = 0
2026-08-21T05:50:22.641Z DEBUG OSC out: /2/mute = 0
2026-08-21T05:50:22.641Z DEBUG OSC out: /1/globalMute = 0
2026-08-21T05:50:22.642Z DEBUG OSC out: /2/mute = 0
2026-08-21T05:50:22.642Z DEBUG OSC out: /1/globalMute = 0
2026-08-21T05:50:22.913Z DEBUG OSC out: /2/mute = 0
2026-08-21T05:50:22.913Z DEBUG OSC out: /1/globalMute = 0
2026-08-21T05:50:22.913Z DEBUG OSC out: /2/mute = 0
2026-08-21T05:50:22.913Z DEBUG OSC out: /1/globalMute = 0
2026-08-21T05:50:23.072Z DEBUG OSC out: /2/mute = 0
2026-08-21T05:50:23.073Z DEBUG OSC out: /1/globalMute = 0
2026-08-21T05:50:23.152Z DEBUG OSC out: /2/mute = 0
2026-08-21T05:50:23.152Z DEBUG OSC out: /1/globalMute = 0
2026-08-21T05:50:23.644Z DEBUG OSC out: /2/mute = 0
2026-08-21T05:50:23.645Z DEBUG OSC out: /1/globalMute = 0
2026-08-21T05:50:23.724Z DEBUG OSC out: /2/mute = 0
2026-08-21T05:50:23.724Z DEBUG OSC out: /1/globalMute = 0
2026-08-21T05:50:23.725Z DEBUG OSC out: /2/mute = 0
2026-08-21T05:50:23.725Z DEBUG OSC out: /1/globalMute = 0
2026-08-21T05:50:23.787Z DEBUG OSC out: /2/mute = 0
2026-08-21T05:50:23.787Z DEBUG OSC out: /1/globalMute = 0
2026-08-21T05:50:23.979Z DEBUG OSC out: /2/mute = 0
2026-08-21T05:50:23.979Z DEBUG OSC out: /1/globalMute = 0
2026-08-21T05:50:24.438Z DEBUG OSC out: /2/mute = 0
2026-08-21T05:50:24.438Z DEBUG OSC out: /1/globalMute = 0
2026-08-21T05:50:24.439Z DEBUG OSC out: /2/mute = 0
2026-08-21T05:50:24.439Z DEBUG OSC out: /1/globalMute = 0
2026-08-21T05:50:24.644Z DEBUG OSC out: /2/mute = 0
2026-08-21T05:50:24.644Z DEBUG OSC out: /1/globalMute = 0
2026-08-21T05:50:24.644Z DEBUG OSC out: /2/mute = 0
2026-08-21T05:50:24.645Z DEBUG OSC out: /1/globalMute = 0
2026-08-21T05:50:24.913Z DEBUG OSC out: /2/mute = 0
2026-08-21T05:50:24.913Z DEBUG OSC out: /1/globalMute = 0
2026-08-21T05:50:24.913Z DEBUG OSC out: /2/mute = 0
2026-08-21T05:50:24.914Z DEBUG OSC out: /1/globalMute = 0
2026-08-21T05:50:24.962Z ERROR OSC send failed: getaddrinfo ENOTFOUND 127
2026-08-21T05:50:24.962Z ERROR OSC send failed: getaddrinfo ENOTFOUND 127
2026-08-21T05:50:24.963Z ERROR OSC send failed: getaddrinfo ENOTFOUND 127.0.0
2026-08-21T05:50:24.963Z ERROR OSC send failed: getaddrinfo ENOTFOUND 127.0.0
2026-08-21T05:50:24.965Z ERROR OSC send failed: getaddrinfo ENOTFOUND 127.0.0.
2026-08-21T05:50:24.966Z ERROR OSC send failed: getaddrinfo ENOTFOUND 127.0.0.
2026-08-21T05:50:25.073Z DEBUG OSC out: /2/mute = 0
2026-08-21T05:50:25.074Z DEBUG OSC out: /1/globalMute = 0
2026-08-21T05:50:25.152Z DEBUG OSC out: /2/mute = 0
2026-08-21T05:50:25.152Z DEBUG OSC out: /1/globalMute = 0
2026-08-21T05:50:25.659Z DEBUG OSC out: /2/mute = 0
2026-08-21T05:50:25.660Z DEBUG OSC out: /1/globalMute = 0
2026-08-21T05:50:25.738Z DEBUG OSC out: /2/mute = 0
2026-08-21T05:50:25.738Z DEBUG OSC out: /1/globalMute = 0
2026-08-21T05:50:25.739Z DEBUG OSC out: /2/mute = 0
2026-08-21T05:50:25.739Z DEBUG OSC out: /1/globalMute = 0
2026-08-21T05:50:25.801Z DEBUG OSC out: /2/mute = 0
2026-08-21T05:50:25.801Z DEBUG OSC out: /1/globalMute = 0
2026-08-21T05:50:25.992Z DEBUG OSC out: /2/mute = 0
2026-08-21T05:50:25.992Z DEBUG OSC out: /1/globalMute = 0
2026-08-21T05:50:26.450Z DEBUG OSC out: /2/mute = 0
2026-08-21T05:50:26.450Z DEBUG OSC out: /1/globalMute = 0
2026-08-21T05:50:26.451Z DEBUG OSC out: /2/mute = 0
2026-08-21T05:50:26.451Z DEBUG OSC out: /1/globalMute = 0
2026-08-21T05:50:26.656Z DEBUG OSC out: /2/mute = 0
2026-08-21T05:50:26.656Z DEBUG OSC out: /1/globalMute = 0
2026-08-21T05:50:26.656Z DEBUG OSC out: /2/mute = 0
2026-08-21T05:50:26.656Z DEBUG OSC out: /1/globalMute = 0
2026-08-21T05:50:26.923Z DEBUG OSC out: /2/mute = 0
2026-08-21T05:50:26.923Z DEBUG OSC out: /1/globalMute = 0
2026-08-21T05:50:26.924Z DEBUG OSC out: /2/mute = 0
2026-08-21T05:50:26.924Z DEBUG OSC out: /1/globalMute = 0
2026-08-21T05:50:27.083Z DEBUG OSC out: /2/mute = 0
2026-08-21T05:50:27.083Z DEBUG OSC out: /1/globalMute = 0
2026-08-21T05:50:27.163Z DEBUG OSC out: /2/mute = 0
2026-08-21T05:50:27.163Z DEBUG OSC out: /1/globalMute = 0
2026-08-21T05:50:27.242Z ERROR OSC send failed: getaddrinfo ENOTFOUND 127
2026-08-21T05:50:27.242Z ERROR OSC send failed: getaddrinfo ENOTFOUND 127
2026-08-21T05:50:27.671Z DEBUG OSC out: /2/mute = 0
2026-08-21T05:50:27.671Z DEBUG OSC out: /1/globalMute = 0
2026-08-21T05:50:27.751Z DEBUG OSC out: /2/mute = 0
2026-08-21T05:50:27.751Z DEBUG OSC out: /1/globalMute = 0
2026-08-21T05:50:27.751Z DEBUG OSC out: /2/mute = 0
2026-08-21T05:50:27.752Z DEBUG OSC out: /1/globalMute = 0
2026-08-21T05:50:27.815Z DEBUG OSC out: /2/mute = 0
2026-08-21T05:50:27.815Z DEBUG OSC out: /1/globalMute = 0
2026-08-21T05:50:28.005Z DEBUG OSC out: /2/mute = 0
2026-08-21T05:50:28.006Z DEBUG OSC out: /1/globalMute = 0
2026-08-21T05:50:28.464Z DEBUG OSC out: /2/mute = 0
2026-08-21T05:50:28.464Z DEBUG OSC out: /1/globalMute = 0
2026-08-21T05:50:28.464Z DEBUG OSC out: /2/mute = 0
2026-08-21T05:50:28.465Z DEBUG OSC out: /1/globalMute = 0
2026-08-21T05:50:28.670Z DEBUG OSC out: /2/mute = 0
2026-08-21T05:50:28.670Z DEBUG OSC out: /1/globalMute = 0
2026-08-21T05:50:28.671Z DEBUG OSC out: /2/mute = 0
2026-08-21T05:50:28.671Z DEBUG OSC out: /1/globalMute = 0
2026-08-21T05:50:28.939Z DEBUG OSC out: /2/mute = 0
2026-08-21T05:50:28.940Z DEBUG OSC out: /1/globalMute = 0
2026-08-21T05:50:28.940Z DEBUG OSC out: /2/mute = 0
2026-08-21T05:50:28.940Z DEBUG OSC out: /1/globalMute = 0
2026-08-21T05:50:29.098Z DEBUG OSC out: /2/mute = 0
2026-08-21T05:50:29.099Z DEBUG OSC out: /1/globalMute = 0
2026-08-21T05:50:29.178Z DEBUG OSC out: /2/mute = 0
2026-08-21T05:50:29.179Z DEBUG OSC out: /1/globalMute = 0
2026-08-21T05:50:29.683Z DEBUG OSC out: /2/mute = 0
2026-08-21T05:50:29.684Z DEBUG OSC out: /1/globalMute = 0
2026-08-21T05:50:29.762Z DEBUG OSC out: /2/mute = 0
2026-08-21T05:50:29.763Z DEBUG OSC out: /1/globalMute = 0
2026-08-21T05:50:29.763Z DEBUG OSC out: /2/mute = 0
2026-08-21T05:50:29.763Z DEBUG OSC out: /1/globalMute = 0
2026-08-21T05:50:29.826Z DEBUG OSC out: /2/mute = 0
2026-08-21T05:50:29.826Z DEBUG OSC out: /1/globalMute = 0
2026-08-21T05:50:29.953Z ERROR OSC send failed: getaddrinfo ENOTFOUND 12
2026-08-21T05:50:29.954Z ERROR OSC send failed: getaddrinfo ENOTFOUND 12
2026-08-21T05:50:29.955Z ERROR OSC send failed: getaddrinfo ENOTFOUND 127.0.
2026-08-21T05:50:29.956Z ERROR OSC send failed: getaddrinfo ENOTFOUND 127.0.
2026-08-21T05:50:30.016Z DEBUG OSC out: /2/mute = 0
2026-08-21T05:50:30.017Z DEBUG OSC out: /1/globalMute = 0
2026-08-21T05:50:30.475Z DEBUG OSC out: /2/mute = 0
2026-08-21T05:50:30.475Z DEBUG OSC out: /1/globalMute = 0
2026-08-21T05:50:30.476Z DEBUG OSC out: /2/mute = 0
2026-08-21T05:50:30.476Z DEBUG OSC out: /1/globalMute = 0
2026-08-21T05:50:30.679Z DEBUG OSC out: /2/mute = 0
2026-08-21T05:50:30.680Z DEBUG OSC out: /1/globalMute = 0
2026-08-21T05:50:30.680Z DEBUG OSC out: /2/mute = 0
2026-08-21T05:50:30.681Z DEBUG OSC out: /1/globalMute = 0
2026-08-21T05:50:30.948Z DEBUG OSC out: /2/mute = 0
2026-08-21T05:50:30.948Z DEBUG OSC out: /1/globalMute = 0
2026-08-21T05:50:30.948Z DEBUG OSC out: /2/mute = 0
2026-08-21T05:50:30.949Z DEBUG OSC out: /1/globalMute = 0
2026-08-21T05:50:31.106Z DEBUG OSC out: /2/mute = 0
2026-08-21T05:50:31.107Z DEBUG OSC out: /1/globalMute = 0
2026-08-21T05:50:31.187Z DEBUG OSC out: /2/mute = 0
2026-08-21T05:50:31.187Z DEBUG OSC out: /1/globalMute = 0
2026-08-21T05:50:31.695Z DEBUG OSC out: /2/mute = 0
2026-08-21T05:50:31.696Z DEBUG OSC out: /1/globalMute = 0
2026-08-21T05:50:31.775Z DEBUG OSC out: /2/mute = 0
2026-08-21T05:50:31.775Z DEBUG OSC out: /1/globalMute = 0
2026-08-21T05:50:31.775Z DEBUG OSC out: /2/mute = 0
2026-08-21T05:50:31.776Z DEBUG OSC out: /1/globalMute = 0
2026-08-21T05:50:31.836Z DEBUG OSC out: /2/mute = 0
2026-08-21T05:50:31.837Z DEBUG OSC out: /1/globalMute = 0
2026-08-21T05:50:32.029Z DEBUG OSC out: /2/mute = 0
2026-08-21T05:50:32.029Z DEBUG OSC out: /1/globalMute = 0
2026-08-21T05:50:32.488Z DEBUG OSC out: /2/mute = 0
2026-08-21T05:50:32.489Z DEBUG OSC out: /1/globalMute = 0
2026-08-21T05:50:32.489Z DEBUG OSC out: /2/mute = 0
2026-08-21T05:50:32.489Z DEBUG OSC out: /1/globalMute = 0
2026-08-21T05:50:32.662Z ERROR OSC send failed: getaddrinfo ENOTFOUND 127
2026-08-21T05:50:32.662Z ERROR OSC send failed: getaddrinfo ENOTFOUND 127
2026-08-21T05:50:32.664Z ERROR OSC send failed: getaddrinfo ENOTFOUND 127.0.0
2026-08-21T05:50:32.664Z ERROR OSC send failed: getaddrinfo ENOTFOUND 127.0.0
2026-08-21T05:50:32.666Z ERROR OSC send failed: getaddrinfo ENOTFOUND 127.0.0.
2026-08-21T05:50:32.666Z ERROR OSC send failed: getaddrinfo ENOTFOUND 127.0.0.
2026-08-21T05:50:32.694Z DEBUG OSC out: /2/mute = 0
2026-08-21T05:50:32.694Z DEBUG OSC out: /1/globalMute = 0
2026-08-21T05:50:32.695Z DEBUG OSC out: /2/mute = 0
2026-08-21T05:50:32.695Z DEBUG OSC out: /1/globalMute = 0
2026-08-21T05:50:32.950Z DEBUG OSC out: /2/mute = 0
2026-08-21T05:50:32.950Z DEBUG OSC out: /1/globalMute = 0
2026-08-21T05:50:32.950Z DEBUG OSC out: /2/mute = 0
2026-08-21T05:50:32.950Z DEBUG OSC out: /1/globalMute = 0
2026-08-21T05:50:33.109Z DEBUG OSC out: /2/mute = 0
2026-08-21T05:50:33.109Z DEBUG OSC out: /1/globalMute = 0
2026-08-21T05:50:33.188Z DEBUG OSC out: /2/mute = 0
2026-08-21T05:50:33.188Z DEBUG OSC out: /1/globalMute = 0
2026-08-21T05:50:33.707Z DEBUG OSC out: /2/mute = 0
2026-08-21T05:50:33.707Z DEBUG OSC out: /1/globalMute = 0
2026-08-21T05:50:33.786Z DEBUG OSC out: /2/mute = 0
2026-08-21T05:50:33.786Z DEBUG OSC out: /1/globalMute = 0
2026-08-21T05:50:33.787Z DEBUG OSC out: /2/mute = 0
2026-08-21T05:50:33.787Z DEBUG OSC out: /1/globalMute = 0
2026-08-21T05:50:33.847Z DEBUG OSC out: /2/mute = 0
2026-08-21T05:50:33.848Z DEBUG OSC out: /1/globalMute = 0
2026-08-21T05:50:34.039Z DEBUG OSC out: /2/mute = 0
2026-08-21T05:50:34.039Z DEBUG OSC out: /1/globalMute = 0
2026-08-21T05:50:34.499Z DEBUG OSC out: /2/mute = 0
2026-08-21T05:50:34.500Z DEBUG OSC out: /1/globalMute = 0
2026-08-21T05:50:34.500Z DEBUG OSC out: /2/mute = 0
2026-08-21T05:50:34.501Z DEBUG OSC out: /1/globalMute = 0
2026-08-21T05:50:34.704Z DEBUG OSC out: /2/mute = 0
2026-08-21T05:50:34.704Z DEBUG OSC out: /1/globalMute = 0
2026-08-21T05:50:34.704Z DEBUG OSC out: /2/mute = 0
2026-08-21T05:50:34.704Z DEBUG OSC out: /1/globalMute = 0
2026-08-21T05:50:34.938Z ERROR OSC send failed: getaddrinfo ENOTFOUND 127
2026-08-21T05:50:34.938Z ERROR OSC send failed: getaddrinfo ENOTFOUND 127
2026-08-21T05:50:34.953Z DEBUG OSC out: /2/mute = 0
2026-08-21T05:50:34.953Z DEBUG OSC out: /1/globalMute = 0
2026-08-21T05:50:34.954Z DEBUG OSC out: /2/mute = 0
2026-08-21T05:50:34.954Z DEBUG OSC out: /1/globalMute = 0
2026-08-21T05:50:35.108Z DEBUG OSC out: /2/mute = 0
2026-08-21T05:50:35.109Z DEBUG OSC out: /1/globalMute = 0
2026-08-21T05:50:35.203Z DEBUG OSC out: /2/mute = 0
2026-08-21T05:50:35.204Z DEBUG OSC out: /1/globalMute = 0
2026-08-21T05:50:35.708Z DEBUG OSC out: /2/mute = 0
2026-08-21T05:50:35.708Z DEBUG OSC out: /1/globalMute = 0
2026-08-21T05:50:35.788Z DEBUG OSC out: /2/mute = 0
2026-08-21T05:50:35.788Z DEBUG OSC out: /1/globalMute = 0
2026-08-21T05:50:35.788Z DEBUG OSC out: /2/mute = 0
2026-08-21T05:50:35.789Z DEBUG OSC out: /1/globalMute = 0
2026-08-21T05:50:35.852Z DEBUG OSC out: /2/mute = 0
2026-08-21T05:50:35.852Z DEBUG OSC out: /1/globalMute = 0
2026-08-21T05:50:36.041Z DEBUG OSC out: /2/mute = 0
2026-08-21T05:50:36.041Z DEBUG OSC out: /1/globalMute = 0
2026-08-21T05:50:36.501Z DEBUG OSC out: /2/mute = 0
2026-08-21T05:50:36.501Z DEBUG OSC out: /1/globalMute = 0
2026-08-21T05:50:36.501Z DEBUG OSC out: /2/mute = 0
2026-08-21T05:50:36.502Z DEBUG OSC out: /1/globalMute = 0
2026-08-21T05:50:36.706Z DEBUG OSC out: /2/mute = 0
2026-08-21T05:50:36.707Z DEBUG OSC out: /1/globalMute = 0
2026-08-21T05:50:36.707Z DEBUG OSC out: /2/mute = 0
2026-08-21T05:50:36.707Z DEBUG OSC out: /1/globalMute = 0
2026-08-21T05:50:36.962Z DEBUG OSC out: /2/mute = 0
2026-08-21T05:50:36.962Z DEBUG OSC out: /1/globalMute = 0
2026-08-21T05:50:36.962Z DEBUG OSC out: /2/mute = 0
2026-08-21T05:50:36.963Z DEBUG OSC out: /1/globalMute = 0
2026-08-21T05:50:37.122Z DEBUG OSC out: /2/mute = 0
2026-08-21T05:50:37.122Z DEBUG OSC out: /1/globalMute = 0
2026-08-21T05:50:37.218Z DEBUG OSC out: /2/mute = 0
2026-08-21T05:50:37.219Z DEBUG OSC out: /1/globalMute = 0
2026-08-21T05:50:37.647Z ERROR OSC send failed: getaddrinfo ENOTFOUND 12
2026-08-21T05:50:37.647Z ERROR OSC send failed: getaddrinfo ENOTFOUND 12
2026-08-21T05:50:37.650Z ERROR OSC send failed: getaddrinfo ENOTFOUND 127.0.
2026-08-21T05:50:37.650Z ERROR OSC send failed: getaddrinfo ENOTFOUND 127.0.
2026-08-21T05:50:37.711Z DEBUG OSC out: /2/mute = 0
2026-08-21T05:50:37.711Z DEBUG OSC out: /1/globalMute = 0
2026-08-21T05:50:37.790Z DEBUG OSC out: /2/mute = 0
2026-08-21T05:50:37.790Z DEBUG OSC out: /1/globalMute = 0
2026-08-21T05:50:37.790Z DEBUG OSC out: /2/mute = 0
2026-08-21T05:50:37.791Z DEBUG OSC out: /1/globalMute = 0
2026-08-21T05:50:37.853Z DEBUG OSC out: /2/mute = 0
2026-08-21T05:50:37.853Z DEBUG OSC out: /1/globalMute = 0
2026-08-21T05:50:38.044Z DEBUG OSC out: /2/mute = 0
2026-08-21T05:50:38.044Z DEBUG OSC out: /1/globalMute = 0
2026-08-21T05:50:38.506Z DEBUG OSC out: /2/mute = 0
2026-08-21T05:50:38.506Z DEBUG OSC out: /1/globalMute = 0
2026-08-21T05:50:38.507Z DEBUG OSC out: /2/mute = 0
2026-08-21T05:50:38.507Z DEBUG OSC out: /1/globalMute = 0
2026-08-21T05:50:38.710Z DEBUG OSC out: /2/mute = 0
2026-08-21T05:50:38.710Z DEBUG OSC out: /1/globalMute = 0
2026-08-21T05:50:38.710Z DEBUG OSC out: /2/mute = 0
2026-08-21T05:50:38.711Z DEBUG OSC out: /1/globalMute = 0
2026-08-21T05:50:38.963Z DEBUG OSC out: /2/mute = 0
2026-08-21T05:50:38.963Z DEBUG OSC out: /1/globalMute = 0
2026-08-21T05:50:38.964Z DEBUG OSC out: /2/mute = 0
2026-08-21T05:50:38.964Z DEBUG OSC out: /1/globalMute = 0
2026-08-21T05:50:39.122Z DEBUG OSC out: /2/mute = 0
2026-08-21T05:50:39.123Z DEBUG OSC out: /1/globalMute = 0
2026-08-21T05:50:39.233Z DEBUG OSC out: /2/mute = 0
2026-08-21T05:50:39.233Z DEBUG OSC out: /1/globalMute = 0
2026-08-21T05:50:39.718Z DEBUG OSC out: /2/mute = 0
2026-08-21T05:50:39.718Z DEBUG OSC out: /1/globalMute = 0
2026-08-21T05:50:39.796Z DEBUG OSC out: /2/mute = 0
2026-08-21T05:50:39.796Z DEBUG OSC out: /1/globalMute = 0
2026-08-21T05:50:39.797Z DEBUG OSC out: /2/mute = 0
2026-08-21T05:50:39.797Z DEBUG OSC out: /1/globalMute = 0
2026-08-21T05:50:39.860Z DEBUG OSC out: /2/mute = 0
2026-08-21T05:50:39.860Z DEBUG OSC out: /1/globalMute = 0
2026-08-21T05:50:40.049Z DEBUG OSC out: /2/mute = 0
2026-08-21T05:50:40.050Z DEBUG OSC out: /1/globalMute = 0
2026-08-21T05:50:40.334Z ERROR OSC send failed: getaddrinfo ENOTFOUND 127
2026-08-21T05:50:40.334Z ERROR OSC send failed: getaddrinfo ENOTFOUND 127
2026-08-21T05:50:40.334Z ERROR OSC send failed: getaddrinfo ENOTFOUND 127.0.0
2026-08-21T05:50:40.335Z ERROR OSC send failed: getaddrinfo ENOTFOUND 127.0.0
2026-08-21T05:50:40.336Z ERROR OSC send failed: getaddrinfo ENOTFOUND 127.0.0.
2026-08-21T05:50:40.336Z ERROR OSC send failed: getaddrinfo ENOTFOUND 127.0.0.
2026-08-21T05:50:40.508Z DEBUG OSC out: /2/mute = 0
2026-08-21T05:50:40.508Z DEBUG OSC out: /1/globalMute = 0
2026-08-21T05:50:40.509Z DEBUG OSC out: /2/mute = 0
2026-08-21T05:50:40.509Z DEBUG OSC out: /1/globalMute = 0
2026-08-21T05:50:40.715Z DEBUG OSC out: /2/mute = 0
2026-08-21T05:50:40.715Z DEBUG OSC out: /1/globalMute = 0
2026-08-21T05:50:40.716Z DEBUG OSC out: /2/mute = 0
2026-08-21T05:50:40.716Z DEBUG OSC out: /1/globalMute = 0
2026-08-21T05:50:40.966Z DEBUG OSC out: /2/mute = 0
2026-08-21T05:50:40.966Z DEBUG OSC out: /1/globalMute = 0
2026-08-21T05:50:40.966Z DEBUG OSC out: /2/mute = 0
2026-08-21T05:50:40.967Z DEBUG OSC out: /1/globalMute = 0
2026-08-21T05:50:41.123Z DEBUG OSC out: /2/mute = 0
2026-08-21T05:50:41.123Z DEBUG OSC out: /1/globalMute = 0
2026-08-21T05:50:41.234Z DEBUG OSC out: /2/mute = 0
2026-08-21T05:50:41.234Z DEBUG OSC out: /1/globalMute = 0
2026-08-21T05:50:41.727Z DEBUG OSC out: /2/mute = 0
2026-08-21T05:50:41.727Z DEBUG OSC out: /1/globalMute = 0
2026-08-21T05:50:41.807Z DEBUG OSC out: /2/mute = 0
2026-08-21T05:50:41.808Z DEBUG OSC out: /1/globalMute = 0
2026-08-21T05:50:41.808Z DEBUG OSC out: /2/mute = 0
2026-08-21T05:50:41.808Z DEBUG OSC out: /1/globalMute = 0
2026-08-21T05:50:41.872Z DEBUG OSC out: /2/mute = 0
2026-08-21T05:50:41.872Z DEBUG OSC out: /1/globalMute = 0
2026-08-21T05:50:42.060Z DEBUG OSC out: /2/mute = 0
2026-08-21T05:50:42.060Z DEBUG OSC out: /1/globalMute = 0
2026-08-21T05:50:42.523Z DEBUG OSC out: /2/mute = 0
2026-08-21T05:50:42.523Z DEBUG OSC out: /1/globalMute = 0
2026-08-21T05:50:42.524Z DEBUG OSC out: /2/mute = 0
2026-08-21T05:50:42.524Z DEBUG OSC out: /1/globalMute = 0
2026-08-21T05:50:42.619Z ERROR OSC send failed: getaddrinfo ENOTFOUND 127
2026-08-21T05:50:42.619Z ERROR OSC send failed: getaddrinfo ENOTFOUND 127
2026-08-21T05:50:42.729Z DEBUG OSC out: /2/mute = 0
2026-08-21T05:50:42.729Z DEBUG OSC out: /1/globalMute = 0
2026-08-21T05:50:42.730Z DEBUG OSC out: /2/mute = 0
2026-08-21T05:50:42.730Z DEBUG OSC out: /1/globalMute = 0
2026-08-21T05:50:42.936Z WARN  Ignoring dial move on /1/mastervolume: no data for its view yet
2026-08-21T05:50:42.936Z DEBUG OSC out: /2/mute = 0
2026-08-21T05:50:42.937Z DEBUG OSC out: /1/globalMute = 0
2026-08-21T05:50:42.967Z DEBUG OSC out: /2/mute = 0
2026-08-21T05:50:42.967Z DEBUG OSC out: /1/globalMute = 0
2026-08-21T05:50:42.967Z DEBUG OSC out: /2/mute = 0
2026-08-21T05:50:42.968Z DEBUG OSC out: /1/globalMute = 0
2026-08-21T05:50:43.125Z DEBUG OSC out: /2/mute = 0
2026-08-21T05:50:43.125Z DEBUG OSC out: /1/globalMute = 0
2026-08-21T05:50:43.125Z WARN  Ignoring dial move on /1/mastervolume: no data for its view yet
2026-08-21T05:50:43.126Z DEBUG OSC out: /2/mute = 0
2026-08-21T05:50:43.126Z DEBUG OSC out: /1/globalMute = 0
2026-08-21T05:50:43.235Z DEBUG OSC out: /2/mute = 0
2026-08-21T05:50:43.235Z DEBUG OSC out: /1/globalMute = 0
2026-08-21T05:50:43.314Z WARN  Ignoring dial move on /1/mastervolume: no data for its view yet
2026-08-21T05:50:43.314Z DEBUG OSC out: /2/mute = 0
2026-08-21T05:50:43.315Z DEBUG OSC out: /1/globalMute = 0
2026-08-21T05:50:43.492Z WARN  Ignoring dial move on /1/mastervolume: no data for its view yet
2026-08-21T05:50:43.493Z DEBUG OSC out: /2/mute = 0
2026-08-21T05:50:43.493Z DEBUG OSC out: /1/globalMute = 0
2026-08-21T05:50:43.613Z WARN  Ignoring dial move on /1/mastervolume: no data for its view yet
2026-08-21T05:50:43.614Z DEBUG OSC out: /2/mute = 0
2026-08-21T05:50:43.614Z DEBUG OSC out: /1/globalMute = 0
2026-08-21T05:50:43.677Z WARN  Ignoring dial move on /1/mastervolume: no data for its view yet
2026-08-21T05:50:43.677Z DEBUG OSC out: /2/mute = 0
2026-08-21T05:50:43.678Z DEBUG OSC out: /1/globalMute = 0
2026-08-21T05:50:43.739Z DEBUG OSC out: /2/mute = 0
2026-08-21T05:50:43.740Z DEBUG OSC out: /1/globalMute = 0
2026-08-21T05:50:43.818Z DEBUG OSC out: /2/mute = 0
2026-08-21T05:50:43.819Z DEBUG OSC out: /1/globalMute = 0
2026-08-21T05:50:43.819Z DEBUG OSC out: /2/mute = 0
2026-08-21T05:50:43.819Z DEBUG OSC out: /1/globalMute = 0
2026-08-21T05:50:43.881Z DEBUG OSC out: /2/mute = 0
2026-08-21T05:50:43.882Z DEBUG OSC out: /1/globalMute = 0
2026-08-21T05:50:44.069Z DEBUG OSC out: /2/mute = 0
2026-08-21T05:50:44.070Z DEBUG OSC out: /1/globalMute = 0
2026-08-21T05:50:44.528Z DEBUG OSC out: /2/mute = 0
2026-08-21T05:50:44.529Z DEBUG OSC out: /1/globalMute = 0
2026-08-21T05:50:44.529Z DEBUG OSC out: /2/mute = 0
2026-08-21T05:50:44.529Z DEBUG OSC out: /1/globalMute = 0
2026-08-21T05:50:44.735Z DEBUG OSC out: /2/mute = 0
2026-08-21T05:50:44.736Z DEBUG OSC out: /1/globalMute = 0
2026-08-21T05:50:44.736Z DEBUG OSC out: /2/mute = 0
2026-08-21T05:50:44.737Z DEBUG OSC out: /1/globalMute = 0
2026-08-21T05:50:44.974Z DEBUG OSC out: /2/mute = 0
2026-08-21T05:50:44.974Z DEBUG OSC out: /1/globalMute = 0
2026-08-21T05:50:44.974Z DEBUG OSC out: /2/mute = 0
2026-08-21T05:50:44.975Z DEBUG OSC out: /1/globalMute = 0
2026-08-21T05:50:45.132Z DEBUG OSC out: /2/mute = 0
2026-08-21T05:50:45.132Z DEBUG OSC out: /1/globalMute = 0
2026-08-21T05:50:45.243Z DEBUG OSC out: /2/mute = 0
2026-08-21T05:50:45.244Z DEBUG OSC out: /1/globalMute = 0
2026-08-21T05:50:45.324Z ERROR OSC send failed: getaddrinfo ENOTFOUND 12
2026-08-21T05:50:45.324Z ERROR OSC send failed: getaddrinfo ENOTFOUND 12
2026-08-21T05:50:45.326Z ERROR OSC send failed: getaddrinfo ENOTFOUND 127.0.
2026-08-21T05:50:45.327Z ERROR OSC send failed: getaddrinfo ENOTFOUND 127.0.
2026-08-21T05:50:45.751Z DEBUG OSC out: /2/mute = 0
2026-08-21T05:50:45.752Z DEBUG OSC out: /1/globalMute = 0
2026-08-21T05:50:45.830Z DEBUG OSC out: /2/mute = 0
2026-08-21T05:50:45.830Z DEBUG OSC out: /1/globalMute = 0
2026-08-21T05:50:45.831Z DEBUG OSC out: /2/mute = 0
2026-08-21T05:50:45.831Z DEBUG OSC out: /1/globalMute = 0
2026-08-21T05:50:45.892Z DEBUG OSC out: /2/mute = 0
2026-08-21T05:50:45.893Z DEBUG OSC out: /1/globalMute = 0
2026-08-21T05:50:46.083Z DEBUG OSC out: /2/mute = 0
2026-08-21T05:50:46.083Z DEBUG OSC out: /1/globalMute = 0
2026-08-21T05:50:46.542Z DEBUG OSC out: /2/mute = 0
2026-08-21T05:50:46.542Z DEBUG OSC out: /1/globalMute = 0
2026-08-21T05:50:46.542Z DEBUG OSC out: /2/mute = 0
2026-08-21T05:50:46.543Z DEBUG OSC out: /1/globalMute = 0
2026-08-21T05:50:46.748Z DEBUG OSC out: /2/mute = 0
2026-08-21T05:50:46.749Z DEBUG OSC out: /1/globalMute = 0
2026-08-21T05:50:46.749Z DEBUG OSC out: /2/mute = 0
2026-08-21T05:50:46.749Z DEBUG OSC out: /1/globalMute = 0
2026-08-21T05:50:46.988Z DEBUG OSC out: /2/mute = 0
2026-08-21T05:50:46.988Z DEBUG OSC out: /1/globalMute = 0
2026-08-21T05:50:46.989Z DEBUG OSC out: /2/mute = 0
2026-08-21T05:50:46.989Z DEBUG OSC out: /1/globalMute = 0
2026-08-21T05:50:47.132Z DEBUG OSC out: /2/mute = 0
2026-08-21T05:50:47.132Z DEBUG OSC out: /1/globalMute = 0
2026-08-21T05:50:47.258Z DEBUG OSC out: /2/mute = 0
2026-08-21T05:50:47.258Z DEBUG OSC out: /1/globalMute = 0
2026-08-21T05:50:47.767Z DEBUG OSC out: /2/mute = 0
2026-08-21T05:50:47.767Z DEBUG OSC out: /1/globalMute = 0
2026-08-21T05:50:47.830Z DEBUG OSC out: /2/mute = 0
2026-08-21T05:50:47.830Z DEBUG OSC out: /1/globalMute = 0
2026-08-21T05:50:47.831Z DEBUG OSC out: /2/mute = 0
2026-08-21T05:50:47.831Z DEBUG OSC out: /1/globalMute = 0
2026-08-21T05:50:47.894Z DEBUG OSC out: /2/mute = 0
2026-08-21T05:50:47.894Z DEBUG OSC out: /1/globalMute = 0
2026-08-21T05:50:48.037Z ERROR OSC send failed: getaddrinfo ENOTFOUND 127
2026-08-21T05:50:48.037Z ERROR OSC send failed: getaddrinfo ENOTFOUND 127
2026-08-21T05:50:48.038Z ERROR OSC send failed: getaddrinfo ENOTFOUND 127.0.0
2026-08-21T05:50:48.038Z ERROR OSC send failed: getaddrinfo ENOTFOUND 127.0.0
2026-08-21T05:50:48.040Z ERROR OSC send failed: getaddrinfo ENOTFOUND 127.0.0.
2026-08-21T05:50:48.040Z ERROR OSC send failed: getaddrinfo ENOTFOUND 127.0.0.
2026-08-21T05:50:48.085Z DEBUG OSC out: /2/mute = 0
2026-08-21T05:50:48.085Z DEBUG OSC out: /1/globalMute = 0
2026-08-21T05:50:48.544Z DEBUG OSC out: /2/mute = 0
2026-08-21T05:50:48.544Z DEBUG OSC out: /1/globalMute = 0
2026-08-21T05:50:48.544Z DEBUG OSC out: /2/mute = 0
2026-08-21T05:50:48.544Z DEBUG OSC out: /1/globalMute = 0
2026-08-21T05:50:48.763Z DEBUG OSC out: /2/mute = 0
2026-08-21T05:50:48.763Z DEBUG OSC out: /1/globalMute = 0
2026-08-21T05:50:48.763Z DEBUG OSC out: /2/mute = 0
2026-08-21T05:50:48.764Z DEBUG OSC out: /1/globalMute = 0
2026-08-21T05:50:49.000Z DEBUG OSC out: /2/mute = 0
2026-08-21T05:50:49.000Z DEBUG OSC out: /1/globalMute = 0
2026-08-21T05:50:49.001Z DEBUG OSC out: /2/mute = 0
2026-08-21T05:50:49.001Z DEBUG OSC out: /1/globalMute = 0
2026-08-21T05:50:49.142Z DEBUG OSC out: /2/mute = 0
2026-08-21T05:50:49.142Z DEBUG OSC out: /1/globalMute = 0
2026-08-21T05:50:49.268Z DEBUG OSC out: /2/mute = 0
2026-08-21T05:50:49.269Z DEBUG OSC out: /1/globalMute = 0
